true_speaker,sample_id,file_path,known_speaker,matched_speaker,llr_score,gmm_score,ubm_score,decision,predicted_speaker,correct
Action-potential,segment_11,C:\Users\Chris Boddy\OneDrive\Documents\Cyber Security and Digital Forensics MSc\Applications of Artificial Intelligence in Cyber Security\Assessment\project\data\1-to-n\test\Action-potential\segment_11.wav,True,Action-potential,0.12106101467034591,-22.582474574438425,-22.70353558910877,ACCEPT,Action-potential,True
Action-potential,segment_12,C:\Users\Chris Boddy\OneDrive\Documents\Cyber Security and Digital Forensics MSc\Applications of Artificial Intelligence in Cyber Security\Assessment\project\data\1-to-n\test\Action-potential\segment_12.wav,True,Action-potential,0.08052461378878917,-23.421268790092935,-23.501793403881724,ACCEPT,Action-potential,True
Action-potential,segment_13,C:\Users\Chris Boddy\OneDrive\Documents\Cyber Security and Digital Forensics MSc\Applications of Artificial Intelligence in Cyber Security\Assessment\project\data\1-to-n\test\Action-potential\segment_13.wav,True,Action-potential,0.05766614109746726,-22.83125131417851,-22.888917455275976,ACCEPT,Action-potential,True
Action-potential,segment_14,C:\Users\Chris Boddy\OneDrive\Documents\Cyber Security and Digital Forensics MSc\Applications of Artificial Intelligence in Cyber Security\Assessment\project\data\1-to-n\test\Action-potential\segment_14.wav,True,Action-potential,0.00736545948317513,-22.85886578310674,-22.866231242589915,ACCEPT,Action-potential,True
Action-potential,segment_15,C:\Users\Chris Boddy\OneDrive\Documents\Cyber Security and Digital Forensics MSc\Applications of Artificial Intelligence in Cyber Security\Assessment\project\data\1-to-n\test\Action-potential\segment_15.wav,True,Action-potential,-0.060957102208249125,-23.33385592864584,-23.27289882643759,REJECT,,False
Action-potential,segment_16,C:\Users\Chris Boddy\OneDrive\Documents\Cyber Security and Digital Forensics MSc\Applications of Artificial Intelligence in Cyber Security\Assessment\project\data\1-to-n\test\Action-potential\segment_16.wav,True,Action-potential,-0.04858727591124534,-22.404945487559083,-22.356358211647837,REJECT,,False
Action-potential,segment_17,C:\Users\Chris Boddy\OneDrive\Documents\Cyber Security and Digital Forensics MSc\Applications of Artificial Intelligence in Cyber Security\Assessment\project\data\1-to-n\test\Action-potential\segment_17.wav,True,Action-potential,0.07944337040546401,-24.131362151182987,-24.21080552158845,ACCEPT,Action-potential,True
Action-potential,segment_18,C:\Users\Chris Boddy\OneDrive\Documents\Cyber Security and Digital Forensics MSc\Applications of Artificial Intelligence in Cyber Security\Assessment\project\data\1-to-n\test\Action-potential\segment_18.wav,True,Action-potential,0.12606035074902167,-22.86601010123217,-22.992070451981192,ACCEPT,Action-potential,True
Action-potential,segment_19,C:\Users\Chris Boddy\OneDrive\Documents\Cyber Security and Digital Forensics MSc\Applications of Artificial Intelligence in Cyber Security\Assessment\project\data\1-to-n\test\Action-potential\segment_19.wav,True,Action-potential,0.1458335487754603,-24.02674020018505,-24.17257374896051,ACCEPT,Action-potential,True
Action-potential,segment_20,C:\Users\Chris Boddy\OneDrive\Documents\Cyber Security and Digital Forensics MSc\Applications of Artificial Intelligence in Cyber Security\Assessment\project\data\1-to-n\test\Action-potential\segment_20.wav,True,Action-potential,0.016216443741402742,-24.542302232838576,-24.55851867657998,ACCEPT,Action-potential,True
Adrianne-Wadewitz,segment_1,C:\Users\Chris Boddy\OneDrive\Documents\Cyber Security and Digital Forensics MSc\Applications of Artificial Intelligence in Cyber Security\Assessment\project\data\1-to-n\test\Adrianne-Wadewitz\segment_1.wav,False,Action-potential,0.2864431530538276,-28.505400181519487,-28.791843334573315,REJECT,,False
Adrianne-Wadewitz,segment_10,C:\Users\Chris Boddy\OneDrive\Documents\Cyber Security and Digital Forensics MSc\Applications of Artificial Intelligence in Cyber Security\Assessment\project\data\1-to-n\test\Adrianne-Wadewitz\segment_10.wav,False,Action-potential,0.14017539989741934,-27.520642371931054,-27.660817771828473,ACCEPT,Action-potential,False
Adrianne-Wadewitz,segment_11,C:\Users\Chris Boddy\OneDrive\Documents\Cyber Security and Digital Forensics MSc\Applications of Artificial Intelligence in Cyber Security\Assessment\project\data\1-to-n\test\Adrianne-Wadewitz\segment_11.wav,False,Action-potential,0.02687322687820526,-27.460436843409276,-27.48731007028748,ACCEPT,Action-potential,False
Adrianne-Wadewitz,segment_12,C:\Users\Chris Boddy\OneDrive\Documents\Cyber Security and Digital Forensics MSc\Applications of Artificial Intelligence in Cyber Security\Assessment\project\data\1-to-n\test\Adrianne-Wadewitz\segment_12.wav,False,Action-potential,-0.1461949929636681,-28.265325857313556,-28.119130864349888,REJECT,,False
Adrianne-Wadewitz,segment_13,C:\Users\Chris Boddy\OneDrive\Documents\Cyber Security and Digital Forensics MSc\Applications of Artificial Intelligence in Cyber Security\Assessment\project\data\1-to-n\test\Adrianne-Wadewitz\segment_13.wav,False,Action-potential,0.15864462400586632,-27.43767926754865,-27.596323891554515,ACCEPT,Action-potential,False
Adrianne-Wadewitz,segment_14,C:\Users\Chris Boddy\OneDrive\Documents\Cyber Security and Digital Forensics MSc\Applications of Artificial Intelligence in Cyber Security\Assessment\project\data\1-to-n\test\Adrianne-Wadewitz\segment_14.wav,False,Action-potential,0.1849973315601403,-27.659993743263254,-27.844991074823394,ACCEPT,Action-potential,False
Adrianne-Wadewitz,segment_15,C:\Users\Chris Boddy\OneDrive\Documents\Cyber Security and Digital Forensics MSc\Applications of Artificial Intelligence in Cyber Security\Assessment\project\data\1-to-n\test\Adrianne-Wadewitz\segment_15.wav,False,Action-potential,-0.07466696348547686,-28.548779533871617,-28.47411257038614,REJECT,,False
Adrianne-Wadewitz,segment_16,C:\Users\Chris Boddy\OneDrive\Documents\Cyber Security and Digital Forensics MSc\Applications of Artificial Intelligence in Cyber Security\Assessment\project\data\1-to-n\test\Adrianne-Wadewitz\segment_16.wav,False,Action-potential,-0.04200380398082615,-27.70569655482747,-27.663692750846643,REJECT,,False
Adrianne-Wadewitz,segment_17,C:\Users\Chris Boddy\OneDrive\Documents\Cyber Security and Digital Forensics MSc\Applications of Artificial Intelligence in Cyber Security\Assessment\project\data\1-to-n\test\Adrianne-Wadewitz\segment_17.wav,False,Action-potential,0.07821823772952641,-27.965875213035126,-28.044093450764652,ACCEPT,Action-potential,False
Adrianne-Wadewitz,segment_18,C:\Users\Chris Boddy\OneDrive\Documents\Cyber Security and Digital Forensics MSc\Applications of Artificial Intelligence in Cyber Security\Assessment\project\data\1-to-n\test\Adrianne-Wadewitz\segment_18.wav,False,Action-potential,0.10106008736523009,-27.996198043666052,-28.097258131031282,ACCEPT,Action-potential,False
Adrianne-Wadewitz,segment_19,C:\Users\Chris Boddy\OneDrive\Documents\Cyber Security and Digital Forensics MSc\Applications of Artificial Intelligence in Cyber Security\Assessment\project\data\1-to-n\test\Adrianne-Wadewitz\segment_19.wav,False,Action-potential,0.06341179533644947,-27.572668511137653,-27.636080306474103,ACCEPT,Action-potential,False
Adrianne-Wadewitz,segment_2,C:\Users\Chris Boddy\OneDrive\Documents\Cyber Security and Digital Forensics MSc\Applications of Artificial Intelligence in Cyber Security\Assessment\project\data\1-to-n\test\Adrianne-Wadewitz\segment_2.wav,False,Action-potential,0.3231898562210347,-27.991834731844893,-28.315024588065928,ACCEPT,Action-potential,False
Adrianne-Wadewitz,segment_20,C:\Users\Chris Boddy\OneDrive\Documents\Cyber Security and Digital Forensics MSc\Applications of Artificial Intelligence in Cyber Security\Assessment\project\data\1-to-n\test\Adrianne-Wadewitz\segment_20.wav,False,Action-potential,0.05491055766283637,-28.30976083941227,-28.364671397075107,REJECT,,False
Adrianne-Wadewitz,segment_21,C:\Users\Chris Boddy\OneDrive\Documents\Cyber Security and Digital Forensics MSc\Applications of Artificial Intelligence in Cyber Security\Assessment\project\data\1-to-n\test\Adrianne-Wadewitz\segment_21.wav,False,Action-potential,-0.021321632887975284,-28.556276144403114,-28.53495451151514,REJECT,,False
Adrianne-Wadewitz,segment_22,C:\Users\Chris Boddy\OneDrive\Documents\Cyber Security and Digital Forensics MSc\Applications of Artificial Intelligence in Cyber Security\Assessment\project\data\1-to-n\test\Adrianne-Wadewitz\segment_22.wav,False,Action-potential,-0.09431963228694684,-28.40750773696956,-28.313188104682613,REJECT,,False
Adrianne-Wadewitz,segment_23,C:\Users\Chris Boddy\OneDrive\Documents\Cyber Security and Digital Forensics MSc\Applications of Artificial Intelligence in Cyber Security\Assessment\project\data\1-to-n\test\Adrianne-Wadewitz\segment_23.wav,False,Action-potential,-0.12163714645558343,-27.546043516732126,-27.424406370276543,REJECT,,False
Adrianne-Wadewitz,segment_24,C:\Users\Chris Boddy\OneDrive\Documents\Cyber Security and Digital Forensics MSc\Applications of Artificial Intelligence in Cyber Security\Assessment\project\data\1-to-n\test\Adrianne-Wadewitz\segment_24.wav,False,Action-potential,-0.017330935268365266,-28.020792543244067,-28.0034616079757,REJECT,,False
Adrianne-Wadewitz,segment_25,C:\Users\Chris Boddy\OneDrive\Documents\Cyber Security and Digital Forensics MSc\Applications of Artificial Intelligence in Cyber Security\Assessment\project\data\1-to-n\test\Adrianne-Wadewitz\segment_25.wav,False,Action-potential,0.12217930842622238,-27.297475365856936,-27.41965467428316,ACCEPT,Action-potential,False
Adrianne-Wadewitz,segment_26,C:\Users\Chris Boddy\OneDrive\Documents\Cyber Security and Digital Forensics MSc\Applications of Artificial Intelligence in Cyber Security\Assessment\project\data\1-to-n\test\Adrianne-Wadewitz\segment_26.wav,False,Action-potential,0.08259967599821039,-28.220457038521584,-28.303056714519794,REJECT,,False
Adrianne-Wadewitz,segment_27,C:\Users\Chris Boddy\OneDrive\Documents\Cyber Security and Digital Forensics MSc\Applications of Artificial Intelligence in Cyber Security\Assessment\project\data\1-to-n\test\Adrianne-Wadewitz\segment_27.wav,False,Action-potential,0.16175060047654455,-27.982433880360787,-28.144184480837332,ACCEPT,Action-potential,False
Adrianne-Wadewitz,segment_28,C:\Users\Chris Boddy\OneDrive\Documents\Cyber Security and Digital Forensics MSc\Applications of Artificial Intelligence in Cyber Security\Assessment\project\data\1-to-n\test\Adrianne-Wadewitz\segment_28.wav,False,Action-potential,0.20263583339538727,-27.35621816218585,-27.558853995581238,ACCEPT,Action-potential,False
Adrianne-Wadewitz,segment_29,C:\Users\Chris Boddy\OneDrive\Documents\Cyber Security and Digital Forensics MSc\Applications of Artificial Intelligence in Cyber Security\Assessment\project\data\1-to-n\test\Adrianne-Wadewitz\segment_29.wav,False,Action-potential,-0.028170685694053788,-28.79893347697734,-28.770762791283286,REJECT,,False
Adrianne-Wadewitz,segment_3,C:\Users\Chris Boddy\OneDrive\Documents\Cyber Security and Digital Forensics MSc\Applications of Artificial Intelligence in Cyber Security\Assessment\project\data\1-to-n\test\Adrianne-Wadewitz\segment_3.wav,False,Action-potential,-0.057035675128911834,-28.77351141415376,-28.716475739024848,REJECT,,False
Adrianne-Wadewitz,segment_30,C:\Users\Chris Boddy\OneDrive\Documents\Cyber Security and Digital Forensics MSc\Applications of Artificial Intelligence in Cyber Security\Assessment\project\data\1-to-n\test\Adrianne-Wadewitz\segment_30.wav,False,Action-potential,0.06238314469801409,-27.905932435739658,-27.96831558043767,ACCEPT,Action-potential,False
Adrianne-Wadewitz,segment_31,C:\Users\Chris Boddy\OneDrive\Documents\Cyber Security and Digital Forensics MSc\Applications of Artificial Intelligence in Cyber Security\Assessment\project\data\1-to-n\test\Adrianne-Wadewitz\segment_31.wav,False,Action-potential,0.005122774084846071,-28.0142300757487,-28.019352849833545,ACCEPT,Action-potential,False
Adrianne-Wadewitz,segment_32,C:\Users\Chris Boddy\OneDrive\Documents\Cyber Security and Digital Forensics MSc\Applications of Artificial Intelligence in Cyber Security\Assessment\project\data\1-to-n\test\Adrianne-Wadewitz\segment_32.wav,False,Action-potential,0.25505950642782693,-27.9629539331763,-28.218013439604128,ACCEPT,Action-potential,False
Adrianne-Wadewitz,segment_33,C:\Users\Chris Boddy\OneDrive\Documents\Cyber Security and Digital Forensics MSc\Applications of Artificial Intelligence in Cyber Security\Assessment\project\data\1-to-n\test\Adrianne-Wadewitz\segment_33.wav,False,Action-potential,0.15243526395354579,-28.275607891024226,-28.42804315497777,REJECT,,False
Adrianne-Wadewitz,segment_34,C:\Users\Chris Boddy\OneDrive\Documents\Cyber Security and Digital Forensics MSc\Applications of Artificial Intelligence in Cyber Security\Assessment\project\data\1-to-n\test\Adrianne-Wadewitz\segment_34.wav,False,Action-potential,0.26056473372062783,-27.831743738682515,-28.092308472403143,ACCEPT,Action-potential,False
Adrianne-Wadewitz,segment_35,C:\Users\Chris Boddy\OneDrive\Documents\Cyber Security and Digital Forensics MSc\Applications of Artificial Intelligence in Cyber Security\Assessment\project\data\1-to-n\test\Adrianne-Wadewitz\segment_35.wav,False,Action-potential,0.11043437572823578,-27.60823961640222,-27.718673992130455,ACCEPT,Action-potential,False
Adrianne-Wadewitz,segment_36,C:\Users\Chris Boddy\OneDrive\Documents\Cyber Security and Digital Forensics MSc\Applications of Artificial Intelligence in Cyber Security\Assessment\project\data\1-to-n\test\Adrianne-Wadewitz\segment_36.wav,False,Action-potential,0.08256760208852043,-27.9232328284164,-28.00580043050492,ACCEPT,Action-potential,False
Adrianne-Wadewitz,segment_37,C:\Users\Chris Boddy\OneDrive\Documents\Cyber Security and Digital Forensics MSc\Applications of Artificial Intelligence in Cyber Security\Assessment\project\data\1-to-n\test\Adrianne-Wadewitz\segment_37.wav,False,Action-potential,0.1770644486727626,-27.338806859256444,-27.515871307929206,ACCEPT,Action-potential,False
Adrianne-Wadewitz,segment_38,C:\Users\Chris Boddy\OneDrive\Documents\Cyber Security and Digital Forensics MSc\Applications of Artificial Intelligence in Cyber Security\Assessment\project\data\1-to-n\test\Adrianne-Wadewitz\segment_38.wav,False,Action-potential,0.031767431805050705,-28.95126196265803,-28.98302939446308,REJECT,,False
Adrianne-Wadewitz,segment_39,C:\Users\Chris Boddy\OneDrive\Documents\Cyber Security and Digital Forensics MSc\Applications of Artificial Intelligence in Cyber Security\Assessment\project\data\1-to-n\test\Adrianne-Wadewitz\segment_39.wav,False,Action-potential,0.08645102641290947,-27.91175469288194,-27.998205719294848,ACCEPT,Action-potential,False
Adrianne-Wadewitz,segment_4,C:\Users\Chris Boddy\OneDrive\Documents\Cyber Security and Digital Forensics MSc\Applications of Artificial Intelligence in Cyber Security\Assessment\project\data\1-to-n\test\Adrianne-Wadewitz\segment_4.wav,False,Action-potential,0.19348647302432553,-27.51243742238164,-27.705923895405967,ACCEPT,Action-potential,False
Adrianne-Wadewitz,segment_40,C:\Users\Chris Boddy\OneDrive\Documents\Cyber Security and Digital Forensics MSc\Applications of Artificial Intelligence in Cyber Security\Assessment\project\data\1-to-n\test\Adrianne-Wadewitz\segment_40.wav,False,Action-potential,-0.07346035598271072,-27.287104492300134,-27.213644136317424,REJECT,,False
Adrianne-Wadewitz,segment_41,C:\Users\Chris Boddy\OneDrive\Documents\Cyber Security and Digital Forensics MSc\Applications of Artificial Intelligence in Cyber Security\Assessment\project\data\1-to-n\test\Adrianne-Wadewitz\segment_41.wav,False,Action-potential,0.08553967925493566,-29.214867560935105,-29.30040724019004,REJECT,,False
Adrianne-Wadewitz,segment_42,C:\Users\Chris Boddy\OneDrive\Documents\Cyber Security and Digital Forensics MSc\Applications of Artificial Intelligence in Cyber Security\Assessment\project\data\1-to-n\test\Adrianne-Wadewitz\segment_42.wav,False,Action-potential,0.19434201045643817,-28.197541283390823,-28.39188329384726,REJECT,,False
Adrianne-Wadewitz,segment_43,C:\Users\Chris Boddy\OneDrive\Documents\Cyber Security and Digital Forensics MSc\Applications of Artificial Intelligence in Cyber Security\Assessment\project\data\1-to-n\test\Adrianne-Wadewitz\segment_43.wav,False,Action-potential,0.3625603445033754,-27.717998549570616,-28.08055889407399,ACCEPT,Action-potential,False
Adrianne-Wadewitz,segment_44,C:\Users\Chris Boddy\OneDrive\Documents\Cyber Security and Digital Forensics MSc\Applications of Artificial Intelligence in Cyber Security\Assessment\project\data\1-to-n\test\Adrianne-Wadewitz\segment_44.wav,False,Action-potential,0.13434131160760998,-26.504410669302636,-26.638751980910246,ACCEPT,Action-potential,False
Adrianne-Wadewitz,segment_45,C:\Users\Chris Boddy\OneDrive\Documents\Cyber Security and Digital Forensics MSc\Applications of Artificial Intelligence in Cyber Security\Assessment\project\data\1-to-n\test\Adrianne-Wadewitz\segment_45.wav,False,Action-potential,0.039511821311894124,-27.166229495012256,-27.20574131632415,ACCEPT,Action-potential,False
Adrianne-Wadewitz,segment_46,C:\Users\Chris Boddy\OneDrive\Documents\Cyber Security and Digital Forensics MSc\Applications of Artificial Intelligence in Cyber Security\Assessment\project\data\1-to-n\test\Adrianne-Wadewitz\segment_46.wav,False,Action-potential,-0.07103639207579704,-27.196849613863744,-27.125813221787947,REJECT,,False
Adrianne-Wadewitz,segment_47,C:\Users\Chris Boddy\OneDrive\Documents\Cyber Security and Digital Forensics MSc\Applications of Artificial Intelligence in Cyber Security\Assessment\project\data\1-to-n\test\Adrianne-Wadewitz\segment_47.wav,False,Action-potential,0.02831007114596673,-26.91424049060578,-26.942550561751748,ACCEPT,Action-potential,False
Adrianne-Wadewitz,segment_48,C:\Users\Chris Boddy\OneDrive\Documents\Cyber Security and Digital Forensics MSc\Applications of Artificial Intelligence in Cyber Security\Assessment\project\data\1-to-n\test\Adrianne-Wadewitz\segment_48.wav,False,Action-potential,0.19420000453121133,-27.039666079611543,-27.233866084142754,ACCEPT,Action-potential,False
Adrianne-Wadewitz,segment_49,C:\Users\Chris Boddy\OneDrive\Documents\Cyber Security and Digital Forensics MSc\Applications of Artificial Intelligence in Cyber Security\Assessment\project\data\1-to-n\test\Adrianne-Wadewitz\segment_49.wav,False,Action-potential,0.26814198529391575,-28.20845162027521,-28.476593605569125,REJECT,,False
Adrianne-Wadewitz,segment_5,C:\Users\Chris Boddy\OneDrive\Documents\Cyber Security and Digital Forensics MSc\Applications of Artificial Intelligence in Cyber Security\Assessment\project\data\1-to-n\test\Adrianne-Wadewitz\segment_5.wav,False,Action-potential,0.27720390513261606,-28.372364694144107,-28.649568599276723,REJECT,,False
Adrianne-Wadewitz,segment_50,C:\Users\Chris Boddy\OneDrive\Documents\Cyber Security and Digital Forensics MSc\Applications of Artificial Intelligence in Cyber Security\Assessment\project\data\1-to-n\test\Adrianne-Wadewitz\segment_50.wav,False,Action-potential,0.14073809075132715,-28.78137882972246,-28.922116920473787,REJECT,,False
Adrianne-Wadewitz,segment_51,C:\Users\Chris Boddy\OneDrive\Documents\Cyber Security and Digital Forensics MSc\Applications of Artificial Intelligence in Cyber Security\Assessment\project\data\1-to-n\test\Adrianne-Wadewitz\segment_51.wav,False,Action-potential,0.07271095284515994,-27.937397721650633,-28.010108674495793,ACCEPT,Action-potential,False
Adrianne-Wadewitz,segment_52,C:\Users\Chris Boddy\OneDrive\Documents\Cyber Security and Digital Forensics MSc\Applications of Artificial Intelligence in Cyber Security\Assessment\project\data\1-to-n\test\Adrianne-Wadewitz\segment_52.wav,False,Action-potential,0.05258725056294722,-27.291971821935302,-27.34455907249825,ACCEPT,Action-potential,False
Adrianne-Wadewitz,segment_53,C:\Users\Chris Boddy\OneDrive\Documents\Cyber Security and Digital Forensics MSc\Applications of Artificial Intelligence in Cyber Security\Assessment\project\data\1-to-n\test\Adrianne-Wadewitz\segment_53.wav,False,Action-potential,0.11381832051475627,-27.2611178439752,-27.374936164489956,ACCEPT,Action-potential,False
Adrianne-Wadewitz,segment_54,C:\Users\Chris Boddy\OneDrive\Documents\Cyber Security and Digital Forensics MSc\Applications of Artificial Intelligence in Cyber Security\Assessment\project\data\1-to-n\test\Adrianne-Wadewitz\segment_54.wav,False,Action-potential,0.06308353132641287,-28.69289609355287,-28.755979624879284,REJECT,,False
Adrianne-Wadewitz,segment_55,C:\Users\Chris Boddy\OneDrive\Documents\Cyber Security and Digital Forensics MSc\Applications of Artificial Intelligence in Cyber Security\Assessment\project\data\1-to-n\test\Adrianne-Wadewitz\segment_55.wav,False,Action-potential,-0.020250403490212676,-28.519055026098968,-28.498804622608755,REJECT,,False
Adrianne-Wadewitz,segment_56,C:\Users\Chris Boddy\OneDrive\Documents\Cyber Security and Digital Forensics MSc\Applications of Artificial Intelligence in Cyber Security\Assessment\project\data\1-to-n\test\Adrianne-Wadewitz\segment_56.wav,False,Action-potential,0.24479788957824056,-28.118508768679185,-28.363306658257425,REJECT,,False
Adrianne-Wadewitz,segment_57,C:\Users\Chris Boddy\OneDrive\Documents\Cyber Security and Digital Forensics MSc\Applications of Artificial Intelligence in Cyber Security\Assessment\project\data\1-to-n\test\Adrianne-Wadewitz\segment_57.wav,False,Action-potential,0.23263923789089702,-28.41840205110371,-28.651041288994605,REJECT,,False
Adrianne-Wadewitz,segment_58,C:\Users\Chris Boddy\OneDrive\Documents\Cyber Security and Digital Forensics MSc\Applications of Artificial Intelligence in Cyber Security\Assessment\project\data\1-to-n\test\Adrianne-Wadewitz\segment_58.wav,False,Action-potential,0.14525213659987202,-27.825243607089167,-27.97049574368904,ACCEPT,Action-potential,False
Adrianne-Wadewitz,segment_59,C:\Users\Chris Boddy\OneDrive\Documents\Cyber Security and Digital Forensics MSc\Applications of Artificial Intelligence in Cyber Security\Assessment\project\data\1-to-n\test\Adrianne-Wadewitz\segment_59.wav,False,Action-potential,-0.021654464423505715,-27.64034843465369,-27.618693970230183,REJECT,,False
Adrianne-Wadewitz,segment_6,C:\Users\Chris Boddy\OneDrive\Documents\Cyber Security and Digital Forensics MSc\Applications of Artificial Intelligence in Cyber Security\Assessment\project\data\1-to-n\test\Adrianne-Wadewitz\segment_6.wav,False,Action-potential,0.1775145687041153,-28.465579325896623,-28.64309389460074,REJECT,,False
Adrianne-Wadewitz,segment_7,C:\Users\Chris Boddy\OneDrive\Documents\Cyber Security and Digital Forensics MSc\Applications of Artificial Intelligence in Cyber Security\Assessment\project\data\1-to-n\test\Adrianne-Wadewitz\segment_7.wav,False,Action-potential,0.04465797369135416,-27.73209678386154,-27.776754757552894,ACCEPT,Action-potential,False
Adrianne-Wadewitz,segment_8,C:\Users\Chris Boddy\OneDrive\Documents\Cyber Security and Digital Forensics MSc\Applications of Artificial Intelligence in Cyber Security\Assessment\project\data\1-to-n\test\Adrianne-Wadewitz\segment_8.wav,False,Action-potential,0.25536333697179714,-28.4696267195072,-28.724990056478998,REJECT,,False
Adrianne-Wadewitz,segment_9,C:\Users\Chris Boddy\OneDrive\Documents\Cyber Security and Digital Forensics MSc\Applications of Artificial Intelligence in Cyber Security\Assessment\project\data\1-to-n\test\Adrianne-Wadewitz\segment_9.wav,False,Action-potential,0.22099370015689956,-27.969298049468485,-28.190291749625384,ACCEPT,Action-potential,False
Air-tractor_sledge,segment_1,C:\Users\Chris Boddy\OneDrive\Documents\Cyber Security and Digital Forensics MSc\Applications of Artificial Intelligence in Cyber Security\Assessment\project\data\1-to-n\test\Air-tractor_sledge\segment_1.wav,False,Action-potential,-0.045276684676757384,-28.13157233618729,-28.086295651510532,REJECT,,False
Air-tractor_sledge,segment_10,C:\Users\Chris Boddy\OneDrive\Documents\Cyber Security and Digital Forensics MSc\Applications of Artificial Intelligence in Cyber Security\Assessment\project\data\1-to-n\test\Air-tractor_sledge\segment_10.wav,False,Action-potential,0.09757009412215822,-28.684740185500956,-28.782310279623115,REJECT,,False
Air-tractor_sledge,segment_11,C:\Users\Chris Boddy\OneDrive\Documents\Cyber Security and Digital Forensics MSc\Applications of Artificial Intelligence in Cyber Security\Assessment\project\data\1-to-n\test\Air-tractor_sledge\segment_11.wav,False,Action-potential,0.04107705348709345,-28.83077587462943,-28.871852928116525,REJECT,,False
Air-tractor_sledge,segment_12,C:\Users\Chris Boddy\OneDrive\Documents\Cyber Security and Digital Forensics MSc\Applications of Artificial Intelligence in Cyber Security\Assessment\project\data\1-to-n\test\Air-tractor_sledge\segment_12.wav,False,Action-potential,0.13311276658852478,-29.803148568973885,-29.93626133556241,REJECT,,False
Air-tractor_sledge,segment_13,C:\Users\Chris Boddy\OneDrive\Documents\Cyber Security and Digital Forensics MSc\Applications of Artificial Intelligence in Cyber Security\Assessment\project\data\1-to-n\test\Air-tractor_sledge\segment_13.wav,False,Action-potential,0.04860327998246561,-29.201983513544814,-29.25058679352728,REJECT,,False
Air-tractor_sledge,segment_14,C:\Users\Chris Boddy\OneDrive\Documents\Cyber Security and Digital Forensics MSc\Applications of Artificial Intelligence in Cyber Security\Assessment\project\data\1-to-n\test\Air-tractor_sledge\segment_14.wav,False,Action-potential,-0.15904452737623487,-29.18555562696221,-29.026511099585974,REJECT,,False
Air-tractor_sledge,segment_15,C:\Users\Chris Boddy\OneDrive\Documents\Cyber Security and Digital Forensics MSc\Applications of Artificial Intelligence in Cyber Security\Assessment\project\data\1-to-n\test\Air-tractor_sledge\segment_15.wav,False,Action-potential,-0.04132105330513269,-29.523146921554,-29.48182586824887,REJECT,,False
Air-tractor_sledge,segment_16,C:\Users\Chris Boddy\OneDrive\Documents\Cyber Security and Digital Forensics MSc\Applications of Artificial Intelligence in Cyber Security\Assessment\project\data\1-to-n\test\Air-tractor_sledge\segment_16.wav,False,Action-potential,-0.1016155470742568,-29.921126804869598,-29.81951125779534,REJECT,,False
Air-tractor_sledge,segment_17,C:\Users\Chris Boddy\OneDrive\Documents\Cyber Security and Digital Forensics MSc\Applications of Artificial Intelligence in Cyber Security\Assessment\project\data\1-to-n\test\Air-tractor_sledge\segment_17.wav,False,Action-potential,-0.06866845338370808,-29.327272923435977,-29.25860447005227,REJECT,,False
Air-tractor_sledge,segment_18,C:\Users\Chris Boddy\OneDrive\Documents\Cyber Security and Digital Forensics MSc\Applications of Artificial Intelligence in Cyber Security\Assessment\project\data\1-to-n\test\Air-tractor_sledge\segment_18.wav,False,Action-potential,0.09161490040145992,-29.622365443433743,-29.713980343835203,REJECT,,False
Air-tractor_sledge,segment_19,C:\Users\Chris Boddy\OneDrive\Documents\Cyber Security and Digital Forensics MSc\Applications of Artificial Intelligence in Cyber Security\Assessment\project\data\1-to-n\test\Air-tractor_sledge\segment_19.wav,False,Action-potential,-0.121287847301911,-30.21773143104792,-30.09644358374601,REJECT,,False
Air-tractor_sledge,segment_2,C:\Users\Chris Boddy\OneDrive\Documents\Cyber Security and Digital Forensics MSc\Applications of Artificial Intelligence in Cyber Security\Assessment\project\data\1-to-n\test\Air-tractor_sledge\segment_2.wav,False,Action-potential,0.11829212040612447,-30.47931730789689,-30.597609428303013,REJECT,,False
Air-tractor_sledge,segment_20,C:\Users\Chris Boddy\OneDrive\Documents\Cyber Security and Digital Forensics MSc\Applications of Artificial Intelligence in Cyber Security\Assessment\project\data\1-to-n\test\Air-tractor_sledge\segment_20.wav,False,Action-potential,-0.10769334970157374,-29.496541358809203,-29.38884800910763,REJECT,,False
Air-tractor_sledge,segment_21,C:\Users\Chris Boddy\OneDrive\Documents\Cyber Security and Digital Forensics MSc\Applications of Artificial Intelligence in Cyber Security\Assessment\project\data\1-to-n\test\Air-tractor_sledge\segment_21.wav,False,Action-potential,-0.07766472699796978,-29.336711951579353,-29.259047224581384,REJECT,,False
Air-tractor_sledge,segment_22,C:\Users\Chris Boddy\OneDrive\Documents\Cyber Security and Digital Forensics MSc\Applications of Artificial Intelligence in Cyber Security\Assessment\project\data\1-to-n\test\Air-tractor_sledge\segment_22.wav,False,Action-potential,0.023969622867223705,-30.286976222419955,-30.31094584528718,REJECT,,False
Air-tractor_sledge,segment_23,C:\Users\Chris Boddy\OneDrive\Documents\Cyber Security and Digital Forensics MSc\Applications of Artificial Intelligence in Cyber Security\Assessment\project\data\1-to-n\test\Air-tractor_sledge\segment_23.wav,False,Action-potential,-0.06742704170499536,-29.966592757869403,-29.899165716164408,REJECT,,False
Air-tractor_sledge,segment_24,C:\Users\Chris Boddy\OneDrive\Documents\Cyber Security and Digital Forensics MSc\Applications of Artificial Intelligence in Cyber Security\Assessment\project\data\1-to-n\test\Air-tractor_sledge\segment_24.wav,False,Action-potential,-0.0017077652430472767,-29.30790693154816,-29.306199166305113,REJECT,,False
Air-tractor_sledge,segment_25,C:\Users\Chris Boddy\OneDrive\Documents\Cyber Security and Digital Forensics MSc\Applications of Artificial Intelligence in Cyber Security\Assessment\project\data\1-to-n\test\Air-tractor_sledge\segment_25.wav,False,Action-potential,-0.037026999229617275,-29.30730898229282,-29.270281983063203,REJECT,,False
Air-tractor_sledge,segment_26,C:\Users\Chris Boddy\OneDrive\Documents\Cyber Security and Digital Forensics MSc\Applications of Artificial Intelligence in Cyber Security\Assessment\project\data\1-to-n\test\Air-tractor_sledge\segment_26.wav,False,Action-potential,-0.08096073558995087,-28.425880869532158,-28.344920133942207,REJECT,,False
Air-tractor_sledge,segment_27,C:\Users\Chris Boddy\OneDrive\Documents\Cyber Security and Digital Forensics MSc\Applications of Artificial Intelligence in Cyber Security\Assessment\project\data\1-to-n\test\Air-tractor_sledge\segment_27.wav,False,Action-potential,0.10506939809614124,-28.767261383553755,-28.872330781649897,REJECT,,False
Air-tractor_sledge,segment_28,C:\Users\Chris Boddy\OneDrive\Documents\Cyber Security and Digital Forensics MSc\Applications of Artificial Intelligence in Cyber Security\Assessment\project\data\1-to-n\test\Air-tractor_sledge\segment_28.wav,False,Action-potential,0.09651643338721527,-28.81214781048907,-28.908664243876284,REJECT,,False
Air-tractor_sledge,segment_29,C:\Users\Chris Boddy\OneDrive\Documents\Cyber Security and Digital Forensics MSc\Applications of Artificial Intelligence in Cyber Security\Assessment\project\data\1-to-n\test\Air-tractor_sledge\segment_29.wav,False,Action-potential,-0.040110945153223554,-28.4087315962166,-28.368620651063377,REJECT,,False
Air-tractor_sledge,segment_3,C:\Users\Chris Boddy\OneDrive\Documents\Cyber Security and Digital Forensics MSc\Applications of Artificial Intelligence in Cyber Security\Assessment\project\data\1-to-n\test\Air-tractor_sledge\segment_3.wav,False,Action-potential,-0.08810928635287141,-28.90210288055904,-28.813993594206167,REJECT,,False
Air-tractor_sledge,segment_30,C:\Users\Chris Boddy\OneDrive\Documents\Cyber Security and Digital Forensics MSc\Applications of Artificial Intelligence in Cyber Security\Assessment\project\data\1-to-n\test\Air-tractor_sledge\segment_30.wav,False,Action-potential,0.0007124548301078448,-28.697850943867756,-28.698563398697864,REJECT,,False
Air-tractor_sledge,segment_31,C:\Users\Chris Boddy\OneDrive\Documents\Cyber Security and Digital Forensics MSc\Applications of Artificial Intelligence in Cyber Security\Assessment\project\data\1-to-n\test\Air-tractor_sledge\segment_31.wav,False,Action-potential,-0.135768030847764,-29.23352669368542,-29.097758662837656,REJECT,,False
Air-tractor_sledge,segment_32,C:\Users\Chris Boddy\OneDrive\Documents\Cyber Security and Digital Forensics MSc\Applications of Artificial Intelligence in Cyber Security\Assessment\project\data\1-to-n\test\Air-tractor_sledge\segment_32.wav,False,Action-potential,0.03683223649824541,-29.832101479422647,-29.868933715920893,REJECT,,False
Air-tractor_sledge,segment_33,C:\Users\Chris Boddy\OneDrive\Documents\Cyber Security and Digital Forensics MSc\Applications of Artificial Intelligence in Cyber Security\Assessment\project\data\1-to-n\test\Air-tractor_sledge\segment_33.wav,False,Action-potential,0.05407692605005465,-29.742275896826406,-29.79635282287646,REJECT,,False
Air-tractor_sledge,segment_34,C:\Users\Chris Boddy\OneDrive\Documents\Cyber Security and Digital Forensics MSc\Applications of Artificial Intelligence in Cyber Security\Assessment\project\data\1-to-n\test\Air-tractor_sledge\segment_34.wav,False,Action-potential,-0.13991852513205671,-29.854552593349947,-29.71463406821789,REJECT,,False
Air-tractor_sledge,segment_35,C:\Users\Chris Boddy\OneDrive\Documents\Cyber Security and Digital Forensics MSc\Applications of Artificial Intelligence in Cyber Security\Assessment\project\data\1-to-n\test\Air-tractor_sledge\segment_35.wav,False,Action-potential,-0.07452252451994568,-29.904545369693256,-29.83002284517331,REJECT,,False
Air-tractor_sledge,segment_36,C:\Users\Chris Boddy\OneDrive\Documents\Cyber Security and Digital Forensics MSc\Applications of Artificial Intelligence in Cyber Security\Assessment\project\data\1-to-n\test\Air-tractor_sledge\segment_36.wav,False,Action-potential,-0.00481286002825243,-30.480196099102724,-30.47538323907447,REJECT,,False
Air-tractor_sledge,segment_37,C:\Users\Chris Boddy\OneDrive\Documents\Cyber Security and Digital Forensics MSc\Applications of Artificial Intelligence in Cyber Security\Assessment\project\data\1-to-n\test\Air-tractor_sledge\segment_37.wav,False,Action-potential,0.019495447282409373,-28.33171155856417,-28.35120700584658,REJECT,,False
Air-tractor_sledge,segment_38,C:\Users\Chris Boddy\OneDrive\Documents\Cyber Security and Digital Forensics MSc\Applications of Artificial Intelligence in Cyber Security\Assessment\project\data\1-to-n\test\Air-tractor_sledge\segment_38.wav,False,Action-potential,-0.010361570755389238,-29.07712564018001,-29.06676406942462,REJECT,,False
Air-tractor_sledge,segment_39,C:\Users\Chris Boddy\OneDrive\Documents\Cyber Security and Digital Forensics MSc\Applications of Artificial Intelligence in Cyber Security\Assessment\project\data\1-to-n\test\Air-tractor_sledge\segment_39.wav,False,Action-potential,-0.073175242711919,-29.293313204402743,-29.220137961690824,REJECT,,False
Air-tractor_sledge,segment_4,C:\Users\Chris Boddy\OneDrive\Documents\Cyber Security and Digital Forensics MSc\Applications of Artificial Intelligence in Cyber Security\Assessment\project\data\1-to-n\test\Air-tractor_sledge\segment_4.wav,False,Action-potential,0.010395808099641357,-29.306107361478396,-29.316503169578038,REJECT,,False
Air-tractor_sledge,segment_40,C:\Users\Chris Boddy\OneDrive\Documents\Cyber Security and Digital Forensics MSc\Applications of Artificial Intelligence in Cyber Security\Assessment\project\data\1-to-n\test\Air-tractor_sledge\segment_40.wav,False,Action-potential,0.004815963577378568,-29.14838337200077,-29.153199335578147,REJECT,,False
Air-tractor_sledge,segment_41,C:\Users\Chris Boddy\OneDrive\Documents\Cyber Security and Digital Forensics MSc\Applications of Artificial Intelligence in Cyber Security\Assessment\project\data\1-to-n\test\Air-tractor_sledge\segment_41.wav,False,Action-potential,0.02091151214384368,-29.143486724557356,-29.1643982367012,REJECT,,False
Air-tractor_sledge,segment_42,C:\Users\Chris Boddy\OneDrive\Documents\Cyber Security and Digital Forensics MSc\Applications of Artificial Intelligence in Cyber Security\Assessment\project\data\1-to-n\test\Air-tractor_sledge\segment_42.wav,False,Action-potential,0.09746139312990465,-28.984426004770164,-29.08188739790007,REJECT,,False
Air-tractor_sledge,segment_43,C:\Users\Chris Boddy\OneDrive\Documents\Cyber Security and Digital Forensics MSc\Applications of Artificial Intelligence in Cyber Security\Assessment\project\data\1-to-n\test\Air-tractor_sledge\segment_43.wav,False,Action-potential,-0.19824094063893583,-28.749754223383622,-28.551513282744686,REJECT,,False
Air-tractor_sledge,segment_44,C:\Users\Chris Boddy\OneDrive\Documents\Cyber Security and Digital Forensics MSc\Applications of Artificial Intelligence in Cyber Security\Assessment\project\data\1-to-n\test\Air-tractor_sledge\segment_44.wav,False,Action-potential,-0.14062899525146477,-29.045535153603513,-28.90490615835205,REJECT,,False
Air-tractor_sledge,segment_45,C:\Users\Chris Boddy\OneDrive\Documents\Cyber Security and Digital Forensics MSc\Applications of Artificial Intelligence in Cyber Security\Assessment\project\data\1-to-n\test\Air-tractor_sledge\segment_45.wav,False,Action-potential,-0.08529513622153218,-29.48547184321626,-29.400176706994728,REJECT,,False
Air-tractor_sledge,segment_46,C:\Users\Chris Boddy\OneDrive\Documents\Cyber Security and Digital Forensics MSc\Applications of Artificial Intelligence in Cyber Security\Assessment\project\data\1-to-n\test\Air-tractor_sledge\segment_46.wav,False,Action-potential,0.0326620189068052,-29.145372950324706,-29.17803496923151,REJECT,,False
Air-tractor_sledge,segment_47,C:\Users\Chris Boddy\OneDrive\Documents\Cyber Security and Digital Forensics MSc\Applications of Artificial Intelligence in Cyber Security\Assessment\project\data\1-to-n\test\Air-tractor_sledge\segment_47.wav,False,Action-potential,-0.11070638138966515,-28.473775701348092,-28.363069319958427,REJECT,,False
Air-tractor_sledge,segment_48,C:\Users\Chris Boddy\OneDrive\Documents\Cyber Security and Digital Forensics MSc\Applications of Artificial Intelligence in Cyber Security\Assessment\project\data\1-to-n\test\Air-tractor_sledge\segment_48.wav,False,Action-potential,-0.13012148623827713,-29.508339684717075,-29.3782181984788,REJECT,,False
Air-tractor_sledge,segment_49,C:\Users\Chris Boddy\OneDrive\Documents\Cyber Security and Digital Forensics MSc\Applications of Artificial Intelligence in Cyber Security\Assessment\project\data\1-to-n\test\Air-tractor_sledge\segment_49.wav,False,Action-potential,-0.06656191300211134,-29.444953923266414,-29.378392010264303,REJECT,,False
Air-tractor_sledge,segment_5,C:\Users\Chris Boddy\OneDrive\Documents\Cyber Security and Digital Forensics MSc\Applications of Artificial Intelligence in Cyber Security\Assessment\project\data\1-to-n\test\Air-tractor_sledge\segment_5.wav,False,Action-potential,-0.09142847807695276,-29.360292738408585,-29.268864260331632,REJECT,,False
Air-tractor_sledge,segment_50,C:\Users\Chris Boddy\OneDrive\Documents\Cyber Security and Digital Forensics MSc\Applications of Artificial Intelligence in Cyber Security\Assessment\project\data\1-to-n\test\Air-tractor_sledge\segment_50.wav,False,Action-potential,0.0004713850961657329,-29.665729679529043,-29.66620106462521,REJECT,,False
Air-tractor_sledge,segment_51,C:\Users\Chris Boddy\OneDrive\Documents\Cyber Security and Digital Forensics MSc\Applications of Artificial Intelligence in Cyber Security\Assessment\project\data\1-to-n\test\Air-tractor_sledge\segment_51.wav,False,Action-potential,-0.09003045051099434,-30.09544707154621,-30.005416621035216,REJECT,,False
Air-tractor_sledge,segment_52,C:\Users\Chris Boddy\OneDrive\Documents\Cyber Security and Digital Forensics MSc\Applications of Artificial Intelligence in Cyber Security\Assessment\project\data\1-to-n\test\Air-tractor_sledge\segment_52.wav,False,Action-potential,-0.15254844964319147,-28.86063793500684,-28.708089485363647,REJECT,,False
Air-tractor_sledge,segment_53,C:\Users\Chris Boddy\OneDrive\Documents\Cyber Security and Digital Forensics MSc\Applications of Artificial Intelligence in Cyber Security\Assessment\project\data\1-to-n\test\Air-tractor_sledge\segment_53.wav,False,Action-potential,0.08274145996713145,-29.050140906763332,-29.132882366730463,REJECT,,False
Air-tractor_sledge,segment_54,C:\Users\Chris Boddy\OneDrive\Documents\Cyber Security and Digital Forensics MSc\Applications of Artificial Intelligence in Cyber Security\Assessment\project\data\1-to-n\test\Air-tractor_sledge\segment_54.wav,False,Action-potential,0.09981019350431453,-29.16339987985527,-29.263210073359584,REJECT,,False
Air-tractor_sledge,segment_55,C:\Users\Chris Boddy\OneDrive\Documents\Cyber Security and Digital Forensics MSc\Applications of Artificial Intelligence in Cyber Security\Assessment\project\data\1-to-n\test\Air-tractor_sledge\segment_55.wav,False,Action-potential,0.1007477309251783,-29.417551612244566,-29.518299343169744,REJECT,,False
Air-tractor_sledge,segment_56,C:\Users\Chris Boddy\OneDrive\Documents\Cyber Security and Digital Forensics MSc\Applications of Artificial Intelligence in Cyber Security\Assessment\project\data\1-to-n\test\Air-tractor_sledge\segment_56.wav,False,Action-potential,-0.04969588009825188,-28.65914910117479,-28.60945322107654,REJECT,,False
Air-tractor_sledge,segment_57,C:\Users\Chris Boddy\OneDrive\Documents\Cyber Security and Digital Forensics MSc\Applications of Artificial Intelligence in Cyber Security\Assessment\project\data\1-to-n\test\Air-tractor_sledge\segment_57.wav,False,Action-potential,-0.0506452085958955,-28.71544458351945,-28.664799374923554,REJECT,,False
Air-tractor_sledge,segment_58,C:\Users\Chris Boddy\OneDrive\Documents\Cyber Security and Digital Forensics MSc\Applications of Artificial Intelligence in Cyber Security\Assessment\project\data\1-to-n\test\Air-tractor_sledge\segment_58.wav,False,Action-potential,-0.10218129915061525,-29.853324424603983,-29.751143125453368,REJECT,,False
Air-tractor_sledge,segment_59,C:\Users\Chris Boddy\OneDrive\Documents\Cyber Security and Digital Forensics MSc\Applications of Artificial Intelligence in Cyber Security\Assessment\project\data\1-to-n\test\Air-tractor_sledge\segment_59.wav,False,Action-potential,-0.09738572956264946,-29.321374524494303,-29.223988794931653,REJECT,,False
Air-tractor_sledge,segment_6,C:\Users\Chris Boddy\OneDrive\Documents\Cyber Security and Digital Forensics MSc\Applications of Artificial Intelligence in Cyber Security\Assessment\project\data\1-to-n\test\Air-tractor_sledge\segment_6.wav,False,Action-potential,-0.10527057015109165,-29.031771962946642,-28.92650139279555,REJECT,,False
Air-tractor_sledge,segment_60,C:\Users\Chris Boddy\OneDrive\Documents\Cyber Security and Digital Forensics MSc\Applications of Artificial Intelligence in Cyber Security\Assessment\project\data\1-to-n\test\Air-tractor_sledge\segment_60.wav,False,Action-potential,0.025355942352550898,-28.526056258543647,-28.5514122008962,REJECT,,False
Air-tractor_sledge,segment_61,C:\Users\Chris Boddy\OneDrive\Documents\Cyber Security and Digital Forensics MSc\Applications of Artificial Intelligence in Cyber Security\Assessment\project\data\1-to-n\test\Air-tractor_sledge\segment_61.wav,False,Action-potential,-0.149981517845724,-28.413710725578948,-28.263729207733224,REJECT,,False
Air-tractor_sledge,segment_62,C:\Users\Chris Boddy\OneDrive\Documents\Cyber Security and Digital Forensics MSc\Applications of Artificial Intelligence in Cyber Security\Assessment\project\data\1-to-n\test\Air-tractor_sledge\segment_62.wav,False,Action-potential,0.1621395981455649,-29.698006221627566,-29.86014581977313,REJECT,,False
Air-tractor_sledge,segment_63,C:\Users\Chris Boddy\OneDrive\Documents\Cyber Security and Digital Forensics MSc\Applications of Artificial Intelligence in Cyber Security\Assessment\project\data\1-to-n\test\Air-tractor_sledge\segment_63.wav,False,Action-potential,0.06465349500680873,-30.085505294741296,-30.150158789748104,REJECT,,False
Air-tractor_sledge,segment_64,C:\Users\Chris Boddy\OneDrive\Documents\Cyber Security and Digital Forensics MSc\Applications of Artificial Intelligence in Cyber Security\Assessment\project\data\1-to-n\test\Air-tractor_sledge\segment_64.wav,False,Action-potential,-0.10346767636285392,-29.171001121987267,-29.067533445624413,REJECT,,False
Air-tractor_sledge,segment_65,C:\Users\Chris Boddy\OneDrive\Documents\Cyber Security and Digital Forensics MSc\Applications of Artificial Intelligence in Cyber Security\Assessment\project\data\1-to-n\test\Air-tractor_sledge\segment_65.wav,False,Action-potential,-0.0030230348827231524,-28.254809724983907,-28.251786690101184,REJECT,,False
Air-tractor_sledge,segment_66,C:\Users\Chris Boddy\OneDrive\Documents\Cyber Security and Digital Forensics MSc\Applications of Artificial Intelligence in Cyber Security\Assessment\project\data\1-to-n\test\Air-tractor_sledge\segment_66.wav,False,Action-potential,0.0543151171773566,-29.700986114412146,-29.755301231589502,REJECT,,False
Air-tractor_sledge,segment_67,C:\Users\Chris Boddy\OneDrive\Documents\Cyber Security and Digital Forensics MSc\Applications of Artificial Intelligence in Cyber Security\Assessment\project\data\1-to-n\test\Air-tractor_sledge\segment_67.wav,False,Action-potential,-0.12244507721074882,-28.330245275997168,-28.20780019878642,REJECT,,False
Air-tractor_sledge,segment_68,C:\Users\Chris Boddy\OneDrive\Documents\Cyber Security and Digital Forensics MSc\Applications of Artificial Intelligence in Cyber Security\Assessment\project\data\1-to-n\test\Air-tractor_sledge\segment_68.wav,False,Action-potential,0.04689853240602204,-28.478621153506968,-28.52551968591299,REJECT,,False
Air-tractor_sledge,segment_69,C:\Users\Chris Boddy\OneDrive\Documents\Cyber Security and Digital Forensics MSc\Applications of Artificial Intelligence in Cyber Security\Assessment\project\data\1-to-n\test\Air-tractor_sledge\segment_69.wav,False,Action-potential,0.055759309150229086,-27.839803755072882,-27.89556306422311,ACCEPT,Action-potential,False
Air-tractor_sledge,segment_7,C:\Users\Chris Boddy\OneDrive\Documents\Cyber Security and Digital Forensics MSc\Applications of Artificial Intelligence in Cyber Security\Assessment\project\data\1-to-n\test\Air-tractor_sledge\segment_7.wav,False,Action-potential,-0.09581970669762896,-28.758802902137518,-28.66298319543989,REJECT,,False
Air-tractor_sledge,segment_70,C:\Users\Chris Boddy\OneDrive\Documents\Cyber Security and Digital Forensics MSc\Applications of Artificial Intelligence in Cyber Security\Assessment\project\data\1-to-n\test\Air-tractor_sledge\segment_70.wav,False,Action-potential,0.007463432017921434,-28.24950023169482,-28.256963663712742,REJECT,,False
Air-tractor_sledge,segment_71,C:\Users\Chris Boddy\OneDrive\Documents\Cyber Security and Digital Forensics MSc\Applications of Artificial Intelligence in Cyber Security\Assessment\project\data\1-to-n\test\Air-tractor_sledge\segment_71.wav,False,Action-potential,-0.032582987357159254,-27.31150803935777,-27.27892505200061,REJECT,,False
Air-tractor_sledge,segment_72,C:\Users\Chris Boddy\OneDrive\Documents\Cyber Security and Digital Forensics MSc\Applications of Artificial Intelligence in Cyber Security\Assessment\project\data\1-to-n\test\Air-tractor_sledge\segment_72.wav,False,Action-potential,-0.1592267311236526,-28.05057253031297,-27.891345799189317,REJECT,,False
Air-tractor_sledge,segment_73,C:\Users\Chris Boddy\OneDrive\Documents\Cyber Security and Digital Forensics MSc\Applications of Artificial Intelligence in Cyber Security\Assessment\project\data\1-to-n\test\Air-tractor_sledge\segment_73.wav,False,Action-potential,0.024797374029116526,-28.328438772776536,-28.353236146805653,REJECT,,False
Air-tractor_sledge,segment_74,C:\Users\Chris Boddy\OneDrive\Documents\Cyber Security and Digital Forensics MSc\Applications of Artificial Intelligence in Cyber Security\Assessment\project\data\1-to-n\test\Air-tractor_sledge\segment_74.wav,False,Action-potential,0.2147406019220277,-28.70156191207052,-28.916302513992548,REJECT,,False
Air-tractor_sledge,segment_75,C:\Users\Chris Boddy\OneDrive\Documents\Cyber Security and Digital Forensics MSc\Applications of Artificial Intelligence in Cyber Security\Assessment\project\data\1-to-n\test\Air-tractor_sledge\segment_75.wav,False,Action-potential,0.187462413070282,-28.995877952875173,-29.183340365945455,REJECT,,False
Air-tractor_sledge,segment_76,C:\Users\Chris Boddy\OneDrive\Documents\Cyber Security and Digital Forensics MSc\Applications of Artificial Intelligence in Cyber Security\Assessment\project\data\1-to-n\test\Air-tractor_sledge\segment_76.wav,False,Action-potential,-0.07403534823387048,-28.341976173457184,-28.267940825223313,REJECT,,False
Air-tractor_sledge,segment_77,C:\Users\Chris Boddy\OneDrive\Documents\Cyber Security and Digital Forensics MSc\Applications of Artificial Intelligence in Cyber Security\Assessment\project\data\1-to-n\test\Air-tractor_sledge\segment_77.wav,False,Action-potential,0.0893780365519028,-29.97502140569198,-30.064399442243882,REJECT,,False
Air-tractor_sledge,segment_78,C:\Users\Chris Boddy\OneDrive\Documents\Cyber Security and Digital Forensics MSc\Applications of Artificial Intelligence in Cyber Security\Assessment\project\data\1-to-n\test\Air-tractor_sledge\segment_78.wav,False,Action-potential,0.022761772378359524,-28.490816126603455,-28.513577898981815,REJECT,,False
Air-tractor_sledge,segment_79,C:\Users\Chris Boddy\OneDrive\Documents\Cyber Security and Digital Forensics MSc\Applications of Artificial Intelligence in Cyber Security\Assessment\project\data\1-to-n\test\Air-tractor_sledge\segment_79.wav,False,Action-potential,-0.16262625640154127,-28.671533807636123,-28.508907551234582,REJECT,,False
Air-tractor_sledge,segment_8,C:\Users\Chris Boddy\OneDrive\Documents\Cyber Security and Digital Forensics MSc\Applications of Artificial Intelligence in Cyber Security\Assessment\project\data\1-to-n\test\Air-tractor_sledge\segment_8.wav,False,Action-potential,-0.1396607039501241,-29.96204718071809,-29.822386476767967,REJECT,,False
Air-tractor_sledge,segment_80,C:\Users\Chris Boddy\OneDrive\Documents\Cyber Security and Digital Forensics MSc\Applications of Artificial Intelligence in Cyber Security\Assessment\project\data\1-to-n\test\Air-tractor_sledge\segment_80.wav,False,Action-potential,0.019675698710273082,-29.039614526731533,-29.059290225441806,REJECT,,False
Air-tractor_sledge,segment_81,C:\Users\Chris Boddy\OneDrive\Documents\Cyber Security and Digital Forensics MSc\Applications of Artificial Intelligence in Cyber Security\Assessment\project\data\1-to-n\test\Air-tractor_sledge\segment_81.wav,False,Action-potential,0.3387518396040683,-29.38546784217056,-29.724219681774628,REJECT,,False
Air-tractor_sledge,segment_82,C:\Users\Chris Boddy\OneDrive\Documents\Cyber Security and Digital Forensics MSc\Applications of Artificial Intelligence in Cyber Security\Assessment\project\data\1-to-n\test\Air-tractor_sledge\segment_82.wav,False,Action-potential,0.1578109908490326,-29.621337372462925,-29.779148363311958,REJECT,,False
Air-tractor_sledge,segment_83,C:\Users\Chris Boddy\OneDrive\Documents\Cyber Security and Digital Forensics MSc\Applications of Artificial Intelligence in Cyber Security\Assessment\project\data\1-to-n\test\Air-tractor_sledge\segment_83.wav,False,Action-potential,0.014394800800374696,-28.39700098195813,-28.411395782758504,REJECT,,False
Air-tractor_sledge,segment_84,C:\Users\Chris Boddy\OneDrive\Documents\Cyber Security and Digital Forensics MSc\Applications of Artificial Intelligence in Cyber Security\Assessment\project\data\1-to-n\test\Air-tractor_sledge\segment_84.wav,False,Action-potential,-0.003961183903317789,-29.216555657869446,-29.212594473966128,REJECT,,False
Air-tractor_sledge,segment_85,C:\Users\Chris Boddy\OneDrive\Documents\Cyber Security and Digital Forensics MSc\Applications of Artificial Intelligence in Cyber Security\Assessment\project\data\1-to-n\test\Air-tractor_sledge\segment_85.wav,False,Action-potential,-0.055743117006894494,-28.542779466100264,-28.48703634909337,REJECT,,False
Air-tractor_sledge,segment_86,C:\Users\Chris Boddy\OneDrive\Documents\Cyber Security and Digital Forensics MSc\Applications of Artificial Intelligence in Cyber Security\Assessment\project\data\1-to-n\test\Air-tractor_sledge\segment_86.wav,False,Action-potential,0.033042001731182324,-29.56603011901707,-29.599072120748254,REJECT,,False
Air-tractor_sledge,segment_87,C:\Users\Chris Boddy\OneDrive\Documents\Cyber Security and Digital Forensics MSc\Applications of Artificial Intelligence in Cyber Security\Assessment\project\data\1-to-n\test\Air-tractor_sledge\segment_87.wav,False,Action-potential,0.13232081269295293,-29.6999805187962,-29.832301331489152,REJECT,,False
Air-tractor_sledge,segment_88,C:\Users\Chris Boddy\OneDrive\Documents\Cyber Security and Digital Forensics MSc\Applications of Artificial Intelligence in Cyber Security\Assessment\project\data\1-to-n\test\Air-tractor_sledge\segment_88.wav,False,Action-potential,0.15867392974602623,-30.091636942009327,-30.250310871755353,REJECT,,False
Air-tractor_sledge,segment_89,C:\Users\Chris Boddy\OneDrive\Documents\Cyber Security and Digital Forensics MSc\Applications of Artificial Intelligence in Cyber Security\Assessment\project\data\1-to-n\test\Air-tractor_sledge\segment_89.wav,False,Action-potential,0.07382829262664004,-30.335561362214847,-30.409389654841487,REJECT,,False
Air-tractor_sledge,segment_9,C:\Users\Chris Boddy\OneDrive\Documents\Cyber Security and Digital Forensics MSc\Applications of Artificial Intelligence in Cyber Security\Assessment\project\data\1-to-n\test\Air-tractor_sledge\segment_9.wav,False,Action-potential,0.0003146663285953366,-28.968736108640645,-28.96905077496924,REJECT,,False
Air-tractor_sledge,segment_90,C:\Users\Chris Boddy\OneDrive\Documents\Cyber Security and Digital Forensics MSc\Applications of Artificial Intelligence in Cyber Security\Assessment\project\data\1-to-n\test\Air-tractor_sledge\segment_90.wav,False,Action-potential,0.18615991671466503,-31.442245663313546,-31.62840558002821,REJECT,,False
Air-tractor_sledge,segment_91,C:\Users\Chris Boddy\OneDrive\Documents\Cyber Security and Digital Forensics MSc\Applications of Artificial Intelligence in Cyber Security\Assessment\project\data\1-to-n\test\Air-tractor_sledge\segment_91.wav,False,Action-potential,0.0896984377983081,-28.26870375593265,-28.358402193730956,REJECT,,False
Alan-Harper_(Two_and_a_Half_Men),segment_1,C:\Users\Chris Boddy\OneDrive\Documents\Cyber Security and Digital Forensics MSc\Applications of Artificial Intelligence in Cyber Security\Assessment\project\data\1-to-n\test\Alan-Harper_(Two_and_a_Half_Men)\segment_1.wav,False,Action-potential,0.15343703928511943,-28.953242693694843,-29.106679732979963,REJECT,,False
Alan-Harper_(Two_and_a_Half_Men),segment_10,C:\Users\Chris Boddy\OneDrive\Documents\Cyber Security and Digital Forensics MSc\Applications of Artificial Intelligence in Cyber Security\Assessment\project\data\1-to-n\test\Alan-Harper_(Two_and_a_Half_Men)\segment_10.wav,False,Action-potential,0.039783051783437884,-27.661544103191535,-27.701327154974972,ACCEPT,Action-potential,False
Alan-Harper_(Two_and_a_Half_Men),segment_11,C:\Users\Chris Boddy\OneDrive\Documents\Cyber Security and Digital Forensics MSc\Applications of Artificial Intelligence in Cyber Security\Assessment\project\data\1-to-n\test\Alan-Harper_(Two_and_a_Half_Men)\segment_11.wav,False,Action-potential,0.07561504069100877,-28.64699539462842,-28.722610435319428,REJECT,,False
Alan-Harper_(Two_and_a_Half_Men),segment_12,C:\Users\Chris Boddy\OneDrive\Documents\Cyber Security and Digital Forensics MSc\Applications of Artificial Intelligence in Cyber Security\Assessment\project\data\1-to-n\test\Alan-Harper_(Two_and_a_Half_Men)\segment_12.wav,False,Action-potential,0.0967569898029339,-27.96666780125416,-28.063424791057095,ACCEPT,Action-potential,False
Alan-Harper_(Two_and_a_Half_Men),segment_13,C:\Users\Chris Boddy\OneDrive\Documents\Cyber Security and Digital Forensics MSc\Applications of Artificial Intelligence in Cyber Security\Assessment\project\data\1-to-n\test\Alan-Harper_(Two_and_a_Half_Men)\segment_13.wav,False,Action-potential,-0.01996152958077957,-27.98289722233839,-27.96293569275761,REJECT,,False
Alan-Harper_(Two_and_a_Half_Men),segment_14,C:\Users\Chris Boddy\OneDrive\Documents\Cyber Security and Digital Forensics MSc\Applications of Artificial Intelligence in Cyber Security\Assessment\project\data\1-to-n\test\Alan-Harper_(Two_and_a_Half_Men)\segment_14.wav,False,Action-potential,0.05324296721282806,-27.769149763135665,-27.822392730348493,ACCEPT,Action-potential,False
Alan-Harper_(Two_and_a_Half_Men),segment_15,C:\Users\Chris Boddy\OneDrive\Documents\Cyber Security and Digital Forensics MSc\Applications of Artificial Intelligence in Cyber Security\Assessment\project\data\1-to-n\test\Alan-Harper_(Two_and_a_Half_Men)\segment_15.wav,False,Action-potential,0.12527046166508882,-28.7447360567343,-28.87000651839939,REJECT,,False
Alan-Harper_(Two_and_a_Half_Men),segment_16,C:\Users\Chris Boddy\OneDrive\Documents\Cyber Security and Digital Forensics MSc\Applications of Artificial Intelligence in Cyber Security\Assessment\project\data\1-to-n\test\Alan-Harper_(Two_and_a_Half_Men)\segment_16.wav,False,Action-potential,0.000639694672440072,-28.676376811759187,-28.677016506431627,REJECT,,False
Alan-Harper_(Two_and_a_Half_Men),segment_17,C:\Users\Chris Boddy\OneDrive\Documents\Cyber Security and Digital Forensics MSc\Applications of Artificial Intelligence in Cyber Security\Assessment\project\data\1-to-n\test\Alan-Harper_(Two_and_a_Half_Men)\segment_17.wav,False,Action-potential,0.10729466176364966,-28.0952266742437,-28.20252133600735,REJECT,,False
Alan-Harper_(Two_and_a_Half_Men),segment_18,C:\Users\Chris Boddy\OneDrive\Documents\Cyber Security and Digital Forensics MSc\Applications of Artificial Intelligence in Cyber Security\Assessment\project\data\1-to-n\test\Alan-Harper_(Two_and_a_Half_Men)\segment_18.wav,False,Action-potential,0.08589553971152242,-28.02359772062767,-28.109493260339192,ACCEPT,Action-potential,False
Alan-Harper_(Two_and_a_Half_Men),segment_19,C:\Users\Chris Boddy\OneDrive\Documents\Cyber Security and Digital Forensics MSc\Applications of Artificial Intelligence in Cyber Security\Assessment\project\data\1-to-n\test\Alan-Harper_(Two_and_a_Half_Men)\segment_19.wav,False,Action-potential,-0.005960046243774997,-27.36930100188832,-27.363340955644546,REJECT,,False
Alan-Harper_(Two_and_a_Half_Men),segment_2,C:\Users\Chris Boddy\OneDrive\Documents\Cyber Security and Digital Forensics MSc\Applications of Artificial Intelligence in Cyber Security\Assessment\project\data\1-to-n\test\Alan-Harper_(Two_and_a_Half_Men)\segment_2.wav,False,Action-potential,0.03421371766138037,-26.685707379945416,-26.719921097606797,ACCEPT,Action-potential,False
Alan-Harper_(Two_and_a_Half_Men),segment_20,C:\Users\Chris Boddy\OneDrive\Documents\Cyber Security and Digital Forensics MSc\Applications of Artificial Intelligence in Cyber Security\Assessment\project\data\1-to-n\test\Alan-Harper_(Two_and_a_Half_Men)\segment_20.wav,False,Action-potential,0.0043413565691210465,-28.20397807395483,-28.20831943052395,REJECT,,False
Alan-Harper_(Two_and_a_Half_Men),segment_21,C:\Users\Chris Boddy\OneDrive\Documents\Cyber Security and Digital Forensics MSc\Applications of Artificial Intelligence in Cyber Security\Assessment\project\data\1-to-n\test\Alan-Harper_(Two_and_a_Half_Men)\segment_21.wav,False,Action-potential,0.08088530314081765,-28.397165931142442,-28.47805123428326,REJECT,,False
Alan-Harper_(Two_and_a_Half_Men),segment_22,C:\Users\Chris Boddy\OneDrive\Documents\Cyber Security and Digital Forensics MSc\Applications of Artificial Intelligence in Cyber Security\Assessment\project\data\1-to-n\test\Alan-Harper_(Two_and_a_Half_Men)\segment_22.wav,False,Action-potential,0.19322485489160712,-27.212952474777108,-27.406177329668715,ACCEPT,Action-potential,False
Alan-Harper_(Two_and_a_Half_Men),segment_23,C:\Users\Chris Boddy\OneDrive\Documents\Cyber Security and Digital Forensics MSc\Applications of Artificial Intelligence in Cyber Security\Assessment\project\data\1-to-n\test\Alan-Harper_(Two_and_a_Half_Men)\segment_23.wav,False,Action-potential,0.07180511606380335,-28.30471026651658,-28.376515382580383,REJECT,,False
Alan-Harper_(Two_and_a_Half_Men),segment_24,C:\Users\Chris Boddy\OneDrive\Documents\Cyber Security and Digital Forensics MSc\Applications of Artificial Intelligence in Cyber Security\Assessment\project\data\1-to-n\test\Alan-Harper_(Two_and_a_Half_Men)\segment_24.wav,False,Action-potential,0.08254548803845552,-28.680514230778126,-28.76305971881658,REJECT,,False
Alan-Harper_(Two_and_a_Half_Men),segment_25,C:\Users\Chris Boddy\OneDrive\Documents\Cyber Security and Digital Forensics MSc\Applications of Artificial Intelligence in Cyber Security\Assessment\project\data\1-to-n\test\Alan-Harper_(Two_and_a_Half_Men)\segment_25.wav,False,Action-potential,0.21015509374253227,-28.39960105020075,-28.609756143943283,REJECT,,False
Alan-Harper_(Two_and_a_Half_Men),segment_26,C:\Users\Chris Boddy\OneDrive\Documents\Cyber Security and Digital Forensics MSc\Applications of Artificial Intelligence in Cyber Security\Assessment\project\data\1-to-n\test\Alan-Harper_(Two_and_a_Half_Men)\segment_26.wav,False,Action-potential,-0.05011671378643712,-27.818362176908916,-27.76824546312248,REJECT,,False
Alan-Harper_(Two_and_a_Half_Men),segment_3,C:\Users\Chris Boddy\OneDrive\Documents\Cyber Security and Digital Forensics MSc\Applications of Artificial Intelligence in Cyber Security\Assessment\project\data\1-to-n\test\Alan-Harper_(Two_and_a_Half_Men)\segment_3.wav,False,Action-potential,0.19603547665148824,-28.350387558748253,-28.54642303539974,REJECT,,False
Alan-Harper_(Two_and_a_Half_Men),segment_4,C:\Users\Chris Boddy\OneDrive\Documents\Cyber Security and Digital Forensics MSc\Applications of Artificial Intelligence in Cyber Security\Assessment\project\data\1-to-n\test\Alan-Harper_(Two_and_a_Half_Men)\segment_4.wav,False,Action-potential,0.07270111102668508,-28.37515753362873,-28.447858644655415,REJECT,,False
Alan-Harper_(Two_and_a_Half_Men),segment_5,C:\Users\Chris Boddy\OneDrive\Documents\Cyber Security and Digital Forensics MSc\Applications of Artificial Intelligence in Cyber Security\Assessment\project\data\1-to-n\test\Alan-Harper_(Two_and_a_Half_Men)\segment_5.wav,False,Action-potential,0.16729114033975634,-27.889738829978647,-28.057029970318403,ACCEPT,Action-potential,False
Alan-Harper_(Two_and_a_Half_Men),segment_6,C:\Users\Chris Boddy\OneDrive\Documents\Cyber Security and Digital Forensics MSc\Applications of Artificial Intelligence in Cyber Security\Assessment\project\data\1-to-n\test\Alan-Harper_(Two_and_a_Half_Men)\segment_6.wav,False,Action-potential,0.055755615955693116,-27.300136191423658,-27.35589180737935,ACCEPT,Action-potential,False
Alan-Harper_(Two_and_a_Half_Men),segment_7,C:\Users\Chris Boddy\OneDrive\Documents\Cyber Security and Digital Forensics MSc\Applications of Artificial Intelligence in Cyber Security\Assessment\project\data\1-to-n\test\Alan-Harper_(Two_and_a_Half_Men)\segment_7.wav,False,Action-potential,0.17416451568123392,-28.980887735562018,-29.15505225124325,REJECT,,False
Alan-Harper_(Two_and_a_Half_Men),segment_8,C:\Users\Chris Boddy\OneDrive\Documents\Cyber Security and Digital Forensics MSc\Applications of Artificial Intelligence in Cyber Security\Assessment\project\data\1-to-n\test\Alan-Harper_(Two_and_a_Half_Men)\segment_8.wav,False,Action-potential,0.08725800417232321,-29.002459336568712,-29.089717340741036,REJECT,,False
Alan-Harper_(Two_and_a_Half_Men),segment_9,C:\Users\Chris Boddy\OneDrive\Documents\Cyber Security and Digital Forensics MSc\Applications of Artificial Intelligence in Cyber Security\Assessment\project\data\1-to-n\test\Alan-Harper_(Two_and_a_Half_Men)\segment_9.wav,False,Action-potential,-0.054596293604728174,-28.927583794876682,-28.872987501271954,REJECT,,False
Ali-G,segment_1,C:\Users\Chris Boddy\OneDrive\Documents\Cyber Security and Digital Forensics MSc\Applications of Artificial Intelligence in Cyber Security\Assessment\project\data\1-to-n\test\Ali-G\segment_1.wav,False,Action-potential,0.06988614542897054,-26.06830974625972,-26.138195891688692,ACCEPT,Action-potential,False
Ali-G,segment_10,C:\Users\Chris Boddy\OneDrive\Documents\Cyber Security and Digital Forensics MSc\Applications of Artificial Intelligence in Cyber Security\Assessment\project\data\1-to-n\test\Ali-G\segment_10.wav,False,Action-potential,-0.0608628222091383,-26.331263622043092,-26.270400799833954,REJECT,,False
Ali-G,segment_11,C:\Users\Chris Boddy\OneDrive\Documents\Cyber Security and Digital Forensics MSc\Applications of Artificial Intelligence in Cyber Security\Assessment\project\data\1-to-n\test\Ali-G\segment_11.wav,False,Action-potential,-0.1326594564854311,-26.3455674855505,-26.21290802906507,REJECT,,False
Ali-G,segment_12,C:\Users\Chris Boddy\OneDrive\Documents\Cyber Security and Digital Forensics MSc\Applications of Artificial Intelligence in Cyber Security\Assessment\project\data\1-to-n\test\Ali-G\segment_12.wav,False,Action-potential,-0.008830082818029439,-26.74723114253567,-26.738401059717642,REJECT,,False
Ali-G,segment_13,C:\Users\Chris Boddy\OneDrive\Documents\Cyber Security and Digital Forensics MSc\Applications of Artificial Intelligence in Cyber Security\Assessment\project\data\1-to-n\test\Ali-G\segment_13.wav,False,Action-potential,-0.03924878741206328,-26.90163215479046,-26.862383367378396,REJECT,,False
Ali-G,segment_14,C:\Users\Chris Boddy\OneDrive\Documents\Cyber Security and Digital Forensics MSc\Applications of Artificial Intelligence in Cyber Security\Assessment\project\data\1-to-n\test\Ali-G\segment_14.wav,False,Action-potential,-0.03960446510694737,-26.098568453378828,-26.05896398827188,REJECT,,False
Ali-G,segment_15,C:\Users\Chris Boddy\OneDrive\Documents\Cyber Security and Digital Forensics MSc\Applications of Artificial Intelligence in Cyber Security\Assessment\project\data\1-to-n\test\Ali-G\segment_15.wav,False,Action-potential,-0.06237384158840342,-26.54688386269709,-26.484510021108687,REJECT,,False
Ali-G,segment_16,C:\Users\Chris Boddy\OneDrive\Documents\Cyber Security and Digital Forensics MSc\Applications of Artificial Intelligence in Cyber Security\Assessment\project\data\1-to-n\test\Ali-G\segment_16.wav,False,Action-potential,-0.18157480933322745,-26.779344315196038,-26.59776950586281,REJECT,,False
Ali-G,segment_17,C:\Users\Chris Boddy\OneDrive\Documents\Cyber Security and Digital Forensics MSc\Applications of Artificial Intelligence in Cyber Security\Assessment\project\data\1-to-n\test\Ali-G\segment_17.wav,False,Action-potential,0.005576432635400863,-26.93869311103399,-26.944269543669392,ACCEPT,Action-potential,False
Ali-G,segment_18,C:\Users\Chris Boddy\OneDrive\Documents\Cyber Security and Digital Forensics MSc\Applications of Artificial Intelligence in Cyber Security\Assessment\project\data\1-to-n\test\Ali-G\segment_18.wav,False,Action-potential,-0.04932579486186839,-26.14835903209166,-26.09903323722979,REJECT,,False
Ali-G,segment_19,C:\Users\Chris Boddy\OneDrive\Documents\Cyber Security and Digital Forensics MSc\Applications of Artificial Intelligence in Cyber Security\Assessment\project\data\1-to-n\test\Ali-G\segment_19.wav,False,Action-potential,-0.013274862624808037,-26.317118861452744,-26.303843998827936,REJECT,,False
Ali-G,segment_2,C:\Users\Chris Boddy\OneDrive\Documents\Cyber Security and Digital Forensics MSc\Applications of Artificial Intelligence in Cyber Security\Assessment\project\data\1-to-n\test\Ali-G\segment_2.wav,False,Action-potential,-0.052338472101325806,-26.832433776503752,-26.780095304402426,REJECT,,False
Ali-G,segment_20,C:\Users\Chris Boddy\OneDrive\Documents\Cyber Security and Digital Forensics MSc\Applications of Artificial Intelligence in Cyber Security\Assessment\project\data\1-to-n\test\Ali-G\segment_20.wav,False,Action-potential,-0.09496579650033254,-27.744489101663437,-27.649523305163104,REJECT,,False
Ali-G,segment_21,C:\Users\Chris Boddy\OneDrive\Documents\Cyber Security and Digital Forensics MSc\Applications of Artificial Intelligence in Cyber Security\Assessment\project\data\1-to-n\test\Ali-G\segment_21.wav,False,Action-potential,-0.05911505555985741,-25.94138469367508,-25.882269638115222,REJECT,,False
Ali-G,segment_22,C:\Users\Chris Boddy\OneDrive\Documents\Cyber Security and Digital Forensics MSc\Applications of Artificial Intelligence in Cyber Security\Assessment\project\data\1-to-n\test\Ali-G\segment_22.wav,False,Action-potential,-0.04612593766784556,-26.697564714054547,-26.6514387763867,REJECT,,False
Ali-G,segment_23,C:\Users\Chris Boddy\OneDrive\Documents\Cyber Security and Digital Forensics MSc\Applications of Artificial Intelligence in Cyber Security\Assessment\project\data\1-to-n\test\Ali-G\segment_23.wav,False,Action-potential,-0.018124282098924027,-26.92879134413835,-26.910667062039426,REJECT,,False
Ali-G,segment_24,C:\Users\Chris Boddy\OneDrive\Documents\Cyber Security and Digital Forensics MSc\Applications of Artificial Intelligence in Cyber Security\Assessment\project\data\1-to-n\test\Ali-G\segment_24.wav,False,Action-potential,-0.07747049148137464,-26.143381942480097,-26.065911450998723,REJECT,,False
Ali-G,segment_25,C:\Users\Chris Boddy\OneDrive\Documents\Cyber Security and Digital Forensics MSc\Applications of Artificial Intelligence in Cyber Security\Assessment\project\data\1-to-n\test\Ali-G\segment_25.wav,False,Action-potential,0.06578117707459796,-29.124781135661344,-29.190562312735942,REJECT,,False
Ali-G,segment_26,C:\Users\Chris Boddy\OneDrive\Documents\Cyber Security and Digital Forensics MSc\Applications of Artificial Intelligence in Cyber Security\Assessment\project\data\1-to-n\test\Ali-G\segment_26.wav,False,Action-potential,-0.17384846209117555,-26.09817414309274,-25.924325681001566,REJECT,,False
Ali-G,segment_27,C:\Users\Chris Boddy\OneDrive\Documents\Cyber Security and Digital Forensics MSc\Applications of Artificial Intelligence in Cyber Security\Assessment\project\data\1-to-n\test\Ali-G\segment_27.wav,False,Action-potential,-0.0620852728291581,-26.496070806519477,-26.43398553369032,REJECT,,False
Ali-G,segment_28,C:\Users\Chris Boddy\OneDrive\Documents\Cyber Security and Digital Forensics MSc\Applications of Artificial Intelligence in Cyber Security\Assessment\project\data\1-to-n\test\Ali-G\segment_28.wav,False,Action-potential,-0.0555953905404607,-26.204958489896466,-26.149363099356005,REJECT,,False
Ali-G,segment_29,C:\Users\Chris Boddy\OneDrive\Documents\Cyber Security and Digital Forensics MSc\Applications of Artificial Intelligence in Cyber Security\Assessment\project\data\1-to-n\test\Ali-G\segment_29.wav,False,Action-potential,-0.055888818261486506,-26.721927159148795,-26.666038340887308,REJECT,,False
Ali-G,segment_3,C:\Users\Chris Boddy\OneDrive\Documents\Cyber Security and Digital Forensics MSc\Applications of Artificial Intelligence in Cyber Security\Assessment\project\data\1-to-n\test\Ali-G\segment_3.wav,False,Action-potential,-0.043612955359133565,-29.156064255794682,-29.11245130043555,REJECT,,False
Ali-G,segment_30,C:\Users\Chris Boddy\OneDrive\Documents\Cyber Security and Digital Forensics MSc\Applications of Artificial Intelligence in Cyber Security\Assessment\project\data\1-to-n\test\Ali-G\segment_30.wav,False,Action-potential,-0.07814931248822532,-26.13181453651067,-26.053665224022446,REJECT,,False
Ali-G,segment_31,C:\Users\Chris Boddy\OneDrive\Documents\Cyber Security and Digital Forensics MSc\Applications of Artificial Intelligence in Cyber Security\Assessment\project\data\1-to-n\test\Ali-G\segment_31.wav,False,Action-potential,-0.04973592058960463,-28.61269551267198,-28.562959592082375,REJECT,,False
Ali-G,segment_32,C:\Users\Chris Boddy\OneDrive\Documents\Cyber Security and Digital Forensics MSc\Applications of Artificial Intelligence in Cyber Security\Assessment\project\data\1-to-n\test\Ali-G\segment_32.wav,False,Action-potential,-0.03101499959562304,-25.736414494206496,-25.705399494610873,REJECT,,False
Ali-G,segment_33,C:\Users\Chris Boddy\OneDrive\Documents\Cyber Security and Digital Forensics MSc\Applications of Artificial Intelligence in Cyber Security\Assessment\project\data\1-to-n\test\Ali-G\segment_33.wav,False,Action-potential,-0.1080080150752245,-26.129123753756144,-26.02111573868092,REJECT,,False
Ali-G,segment_34,C:\Users\Chris Boddy\OneDrive\Documents\Cyber Security and Digital Forensics MSc\Applications of Artificial Intelligence in Cyber Security\Assessment\project\data\1-to-n\test\Ali-G\segment_34.wav,False,Action-potential,-0.06826778304999692,-27.24283650809967,-27.174568725049674,REJECT,,False
Ali-G,segment_35,C:\Users\Chris Boddy\OneDrive\Documents\Cyber Security and Digital Forensics MSc\Applications of Artificial Intelligence in Cyber Security\Assessment\project\data\1-to-n\test\Ali-G\segment_35.wav,False,Action-potential,-0.36596191958433266,-25.100430938384925,-24.734469018800592,REJECT,,False
Ali-G,segment_36,C:\Users\Chris Boddy\OneDrive\Documents\Cyber Security and Digital Forensics MSc\Applications of Artificial Intelligence in Cyber Security\Assessment\project\data\1-to-n\test\Ali-G\segment_36.wav,False,Action-potential,-0.06266861645883992,-26.507657228170082,-26.444988611711242,REJECT,,False
Ali-G,segment_37,C:\Users\Chris Boddy\OneDrive\Documents\Cyber Security and Digital Forensics MSc\Applications of Artificial Intelligence in Cyber Security\Assessment\project\data\1-to-n\test\Ali-G\segment_37.wav,False,Action-potential,-0.04141568670966578,-26.274555659614105,-26.23313997290444,REJECT,,False
Ali-G,segment_38,C:\Users\Chris Boddy\OneDrive\Documents\Cyber Security and Digital Forensics MSc\Applications of Artificial Intelligence in Cyber Security\Assessment\project\data\1-to-n\test\Ali-G\segment_38.wav,False,Action-potential,-0.04704191596342966,-26.696535746377197,-26.649493830413768,REJECT,,False
Ali-G,segment_39,C:\Users\Chris Boddy\OneDrive\Documents\Cyber Security and Digital Forensics MSc\Applications of Artificial Intelligence in Cyber Security\Assessment\project\data\1-to-n\test\Ali-G\segment_39.wav,False,Action-potential,-0.03100240466489268,-26.183859482529478,-26.152857077864585,REJECT,,False
Ali-G,segment_4,C:\Users\Chris Boddy\OneDrive\Documents\Cyber Security and Digital Forensics MSc\Applications of Artificial Intelligence in Cyber Security\Assessment\project\data\1-to-n\test\Ali-G\segment_4.wav,False,Action-potential,-0.027281325478018204,-28.376859623973328,-28.34957829849531,REJECT,,False
Ali-G,segment_40,C:\Users\Chris Boddy\OneDrive\Documents\Cyber Security and Digital Forensics MSc\Applications of Artificial Intelligence in Cyber Security\Assessment\project\data\1-to-n\test\Ali-G\segment_40.wav,False,Action-potential,0.015972896277489212,-25.869793327599417,-25.885766223876907,ACCEPT,Action-potential,False
Ali-G,segment_41,C:\Users\Chris Boddy\OneDrive\Documents\Cyber Security and Digital Forensics MSc\Applications of Artificial Intelligence in Cyber Security\Assessment\project\data\1-to-n\test\Ali-G\segment_41.wav,False,Action-potential,-0.010399806898622188,-26.989058360757003,-26.97865855385838,REJECT,,False
Ali-G,segment_42,C:\Users\Chris Boddy\OneDrive\Documents\Cyber Security and Digital Forensics MSc\Applications of Artificial Intelligence in Cyber Security\Assessment\project\data\1-to-n\test\Ali-G\segment_42.wav,False,Action-potential,-0.14881205013201537,-26.643145855875215,-26.4943338057432,REJECT,,False
Ali-G,segment_43,C:\Users\Chris Boddy\OneDrive\Documents\Cyber Security and Digital Forensics MSc\Applications of Artificial Intelligence in Cyber Security\Assessment\project\data\1-to-n\test\Ali-G\segment_43.wav,False,Action-potential,0.02050331955366147,-25.960681515199536,-25.981184834753197,ACCEPT,Action-potential,False
Ali-G,segment_44,C:\Users\Chris Boddy\OneDrive\Documents\Cyber Security and Digital Forensics MSc\Applications of Artificial Intelligence in Cyber Security\Assessment\project\data\1-to-n\test\Ali-G\segment_44.wav,False,Action-potential,0.07126883697241482,-26.007588580780272,-26.078857417752687,ACCEPT,Action-potential,False
Ali-G,segment_45,C:\Users\Chris Boddy\OneDrive\Documents\Cyber Security and Digital Forensics MSc\Applications of Artificial Intelligence in Cyber Security\Assessment\project\data\1-to-n\test\Ali-G\segment_45.wav,False,Action-potential,0.0708606783339718,-26.50624301664755,-26.57710369498152,ACCEPT,Action-potential,False
Ali-G,segment_46,C:\Users\Chris Boddy\OneDrive\Documents\Cyber Security and Digital Forensics MSc\Applications of Artificial Intelligence in Cyber Security\Assessment\project\data\1-to-n\test\Ali-G\segment_46.wav,False,Action-potential,0.060541384270472065,-27.34713494173719,-27.40767632600766,ACCEPT,Action-potential,False
Ali-G,segment_47,C:\Users\Chris Boddy\OneDrive\Documents\Cyber Security and Digital Forensics MSc\Applications of Artificial Intelligence in Cyber Security\Assessment\project\data\1-to-n\test\Ali-G\segment_47.wav,False,Action-potential,0.093604064015409,-26.43649788957473,-26.53010195359014,ACCEPT,Action-potential,False
Ali-G,segment_48,C:\Users\Chris Boddy\OneDrive\Documents\Cyber Security and Digital Forensics MSc\Applications of Artificial Intelligence in Cyber Security\Assessment\project\data\1-to-n\test\Ali-G\segment_48.wav,False,Action-potential,0.023745988010578145,-27.252290795862987,-27.276036783873565,ACCEPT,Action-potential,False
Ali-G,segment_49,C:\Users\Chris Boddy\OneDrive\Documents\Cyber Security and Digital Forensics MSc\Applications of Artificial Intelligence in Cyber Security\Assessment\project\data\1-to-n\test\Ali-G\segment_49.wav,False,Action-potential,0.07658050793205717,-26.826212165373715,-26.902792673305772,ACCEPT,Action-potential,False
Ali-G,segment_5,C:\Users\Chris Boddy\OneDrive\Documents\Cyber Security and Digital Forensics MSc\Applications of Artificial Intelligence in Cyber Security\Assessment\project\data\1-to-n\test\Ali-G\segment_5.wav,False,Action-potential,0.026665145819116276,-27.087593766564005,-27.11425891238312,ACCEPT,Action-potential,False
Ali-G,segment_50,C:\Users\Chris Boddy\OneDrive\Documents\Cyber Security and Digital Forensics MSc\Applications of Artificial Intelligence in Cyber Security\Assessment\project\data\1-to-n\test\Ali-G\segment_50.wav,False,Action-potential,-0.23001982838956891,-25.38320560860952,-25.15318578021995,REJECT,,False
Ali-G,segment_51,C:\Users\Chris Boddy\OneDrive\Documents\Cyber Security and Digital Forensics MSc\Applications of Artificial Intelligence in Cyber Security\Assessment\project\data\1-to-n\test\Ali-G\segment_51.wav,False,Action-potential,0.06916951928968729,-27.0551085748776,-27.124278094167288,ACCEPT,Action-potential,False
Ali-G,segment_52,C:\Users\Chris Boddy\OneDrive\Documents\Cyber Security and Digital Forensics MSc\Applications of Artificial Intelligence in Cyber Security\Assessment\project\data\1-to-n\test\Ali-G\segment_52.wav,False,Action-potential,-0.17032963442213145,-25.81613620611706,-25.64580657169493,REJECT,,False
Ali-G,segment_53,C:\Users\Chris Boddy\OneDrive\Documents\Cyber Security and Digital Forensics MSc\Applications of Artificial Intelligence in Cyber Security\Assessment\project\data\1-to-n\test\Ali-G\segment_53.wav,False,Action-potential,-0.12424617333386934,-26.163526005430274,-26.039279832096405,REJECT,,False
Ali-G,segment_54,C:\Users\Chris Boddy\OneDrive\Documents\Cyber Security and Digital Forensics MSc\Applications of Artificial Intelligence in Cyber Security\Assessment\project\data\1-to-n\test\Ali-G\segment_54.wav,False,Action-potential,0.09558688785551084,-27.272313911493296,-27.367900799348806,ACCEPT,Action-potential,False
Ali-G,segment_55,C:\Users\Chris Boddy\OneDrive\Documents\Cyber Security and Digital Forensics MSc\Applications of Artificial Intelligence in Cyber Security\Assessment\project\data\1-to-n\test\Ali-G\segment_55.wav,False,Action-potential,-0.07161491992622615,-25.21304231412407,-25.141427394197844,REJECT,,False
Ali-G,segment_56,C:\Users\Chris Boddy\OneDrive\Documents\Cyber Security and Digital Forensics MSc\Applications of Artificial Intelligence in Cyber Security\Assessment\project\data\1-to-n\test\Ali-G\segment_56.wav,False,Action-potential,-0.148491808209549,-26.18471514702142,-26.036223338811872,REJECT,,False
Ali-G,segment_57,C:\Users\Chris Boddy\OneDrive\Documents\Cyber Security and Digital Forensics MSc\Applications of Artificial Intelligence in Cyber Security\Assessment\project\data\1-to-n\test\Ali-G\segment_57.wav,False,Action-potential,-0.00011629547620017888,-26.54783905985264,-26.54772276437644,REJECT,,False
Ali-G,segment_58,C:\Users\Chris Boddy\OneDrive\Documents\Cyber Security and Digital Forensics MSc\Applications of Artificial Intelligence in Cyber Security\Assessment\project\data\1-to-n\test\Ali-G\segment_58.wav,False,Action-potential,0.05357441888407877,-28.05324222188966,-28.10681664077374,REJECT,,False
Ali-G,segment_59,C:\Users\Chris Boddy\OneDrive\Documents\Cyber Security and Digital Forensics MSc\Applications of Artificial Intelligence in Cyber Security\Assessment\project\data\1-to-n\test\Ali-G\segment_59.wav,False,Action-potential,0.017861103950817636,-27.491958244135873,-27.50981934808669,ACCEPT,Action-potential,False
Ali-G,segment_6,C:\Users\Chris Boddy\OneDrive\Documents\Cyber Security and Digital Forensics MSc\Applications of Artificial Intelligence in Cyber Security\Assessment\project\data\1-to-n\test\Ali-G\segment_6.wav,False,Action-potential,-0.08301653378637042,-26.945620194857447,-26.862603661071077,REJECT,,False
Ali-G,segment_60,C:\Users\Chris Boddy\OneDrive\Documents\Cyber Security and Digital Forensics MSc\Applications of Artificial Intelligence in Cyber Security\Assessment\project\data\1-to-n\test\Ali-G\segment_60.wav,False,Action-potential,-0.07643139342733818,-27.03776653383348,-26.961335140406142,REJECT,,False
Ali-G,segment_61,C:\Users\Chris Boddy\OneDrive\Documents\Cyber Security and Digital Forensics MSc\Applications of Artificial Intelligence in Cyber Security\Assessment\project\data\1-to-n\test\Ali-G\segment_61.wav,False,Action-potential,-0.006409886966800116,-27.005792709653996,-26.999382822687195,REJECT,,False
Ali-G,segment_62,C:\Users\Chris Boddy\OneDrive\Documents\Cyber Security and Digital Forensics MSc\Applications of Artificial Intelligence in Cyber Security\Assessment\project\data\1-to-n\test\Ali-G\segment_62.wav,False,Action-potential,-0.0769681433732039,-26.245938670997866,-26.168970527624662,REJECT,,False
Ali-G,segment_63,C:\Users\Chris Boddy\OneDrive\Documents\Cyber Security and Digital Forensics MSc\Applications of Artificial Intelligence in Cyber Security\Assessment\project\data\1-to-n\test\Ali-G\segment_63.wav,False,Action-potential,0.035239058794470424,-26.908529766106664,-26.943768824901134,ACCEPT,Action-potential,False
Ali-G,segment_64,C:\Users\Chris Boddy\OneDrive\Documents\Cyber Security and Digital Forensics MSc\Applications of Artificial Intelligence in Cyber Security\Assessment\project\data\1-to-n\test\Ali-G\segment_64.wav,False,Action-potential,0.034041299054241136,-26.963523386221706,-26.997564685275947,ACCEPT,Action-potential,False
Ali-G,segment_65,C:\Users\Chris Boddy\OneDrive\Documents\Cyber Security and Digital Forensics MSc\Applications of Artificial Intelligence in Cyber Security\Assessment\project\data\1-to-n\test\Ali-G\segment_65.wav,False,Action-potential,-0.02922659636421443,-26.229284230021065,-26.20005763365685,REJECT,,False
Ali-G,segment_66,C:\Users\Chris Boddy\OneDrive\Documents\Cyber Security and Digital Forensics MSc\Applications of Artificial Intelligence in Cyber Security\Assessment\project\data\1-to-n\test\Ali-G\segment_66.wav,False,Action-potential,0.08268662742825938,-25.896844601705602,-25.979531229133862,ACCEPT,Action-potential,False
Ali-G,segment_67,C:\Users\Chris Boddy\OneDrive\Documents\Cyber Security and Digital Forensics MSc\Applications of Artificial Intelligence in Cyber Security\Assessment\project\data\1-to-n\test\Ali-G\segment_67.wav,False,Action-potential,-0.04372224259785895,-26.810360744714878,-26.76663850211702,REJECT,,False
Ali-G,segment_68,C:\Users\Chris Boddy\OneDrive\Documents\Cyber Security and Digital Forensics MSc\Applications of Artificial Intelligence in Cyber Security\Assessment\project\data\1-to-n\test\Ali-G\segment_68.wav,False,Action-potential,-0.023100067665030366,-26.726731760437676,-26.703631692772646,REJECT,,False
Ali-G,segment_69,C:\Users\Chris Boddy\OneDrive\Documents\Cyber Security and Digital Forensics MSc\Applications of Artificial Intelligence in Cyber Security\Assessment\project\data\1-to-n\test\Ali-G\segment_69.wav,False,Action-potential,-0.11793056902542531,-26.132076631241777,-26.01414606221635,REJECT,,False
Ali-G,segment_7,C:\Users\Chris Boddy\OneDrive\Documents\Cyber Security and Digital Forensics MSc\Applications of Artificial Intelligence in Cyber Security\Assessment\project\data\1-to-n\test\Ali-G\segment_7.wav,False,Action-potential,-0.10601721487187632,-26.76257920403192,-26.656561989160043,REJECT,,False
Ali-G,segment_70,C:\Users\Chris Boddy\OneDrive\Documents\Cyber Security and Digital Forensics MSc\Applications of Artificial Intelligence in Cyber Security\Assessment\project\data\1-to-n\test\Ali-G\segment_70.wav,False,Action-potential,-0.002897686388500631,-25.83952462633257,-25.83662693994407,REJECT,,False
Ali-G,segment_71,C:\Users\Chris Boddy\OneDrive\Documents\Cyber Security and Digital Forensics MSc\Applications of Artificial Intelligence in Cyber Security\Assessment\project\data\1-to-n\test\Ali-G\segment_71.wav,False,Action-potential,0.03607039128428369,-27.420384422845693,-27.456454814129977,ACCEPT,Action-potential,False
Ali-G,segment_72,C:\Users\Chris Boddy\OneDrive\Documents\Cyber Security and Digital Forensics MSc\Applications of Artificial Intelligence in Cyber Security\Assessment\project\data\1-to-n\test\Ali-G\segment_72.wav,False,Action-potential,0.015418769755928707,-27.193050512898214,-27.208469282654143,ACCEPT,Action-potential,False
Ali-G,segment_73,C:\Users\Chris Boddy\OneDrive\Documents\Cyber Security and Digital Forensics MSc\Applications of Artificial Intelligence in Cyber Security\Assessment\project\data\1-to-n\test\Ali-G\segment_73.wav,False,Action-potential,0.10024617602011077,-26.47889828755526,-26.57914446357537,ACCEPT,Action-potential,False
Ali-G,segment_74,C:\Users\Chris Boddy\OneDrive\Documents\Cyber Security and Digital Forensics MSc\Applications of Artificial Intelligence in Cyber Security\Assessment\project\data\1-to-n\test\Ali-G\segment_74.wav,False,Action-potential,0.10969429412129017,-26.74852812748056,-26.85822242160185,ACCEPT,Action-potential,False
Ali-G,segment_75,C:\Users\Chris Boddy\OneDrive\Documents\Cyber Security and Digital Forensics MSc\Applications of Artificial Intelligence in Cyber Security\Assessment\project\data\1-to-n\test\Ali-G\segment_75.wav,False,Action-potential,0.05571772912523798,-27.184769924674047,-27.240487653799285,ACCEPT,Action-potential,False
Ali-G,segment_76,C:\Users\Chris Boddy\OneDrive\Documents\Cyber Security and Digital Forensics MSc\Applications of Artificial Intelligence in Cyber Security\Assessment\project\data\1-to-n\test\Ali-G\segment_76.wav,False,Action-potential,-0.12167569056028071,-26.768503503685903,-26.646827813125622,REJECT,,False
Ali-G,segment_77,C:\Users\Chris Boddy\OneDrive\Documents\Cyber Security and Digital Forensics MSc\Applications of Artificial Intelligence in Cyber Security\Assessment\project\data\1-to-n\test\Ali-G\segment_77.wav,False,Action-potential,-0.032686084441959196,-27.686319500902936,-27.653633416460977,REJECT,,False
Ali-G,segment_78,C:\Users\Chris Boddy\OneDrive\Documents\Cyber Security and Digital Forensics MSc\Applications of Artificial Intelligence in Cyber Security\Assessment\project\data\1-to-n\test\Ali-G\segment_78.wav,False,Action-potential,-0.004265916388956015,-26.909478051397933,-26.905212135008977,REJECT,,False
Ali-G,segment_79,C:\Users\Chris Boddy\OneDrive\Documents\Cyber Security and Digital Forensics MSc\Applications of Artificial Intelligence in Cyber Security\Assessment\project\data\1-to-n\test\Ali-G\segment_79.wav,False,Action-potential,0.06682162374560363,-26.540966075741693,-26.607787699487297,ACCEPT,Action-potential,False
Ali-G,segment_8,C:\Users\Chris Boddy\OneDrive\Documents\Cyber Security and Digital Forensics MSc\Applications of Artificial Intelligence in Cyber Security\Assessment\project\data\1-to-n\test\Ali-G\segment_8.wav,False,Action-potential,0.09270594524106812,-26.40764601986964,-26.50035196511071,ACCEPT,Action-potential,False
Ali-G,segment_80,C:\Users\Chris Boddy\OneDrive\Documents\Cyber Security and Digital Forensics MSc\Applications of Artificial Intelligence in Cyber Security\Assessment\project\data\1-to-n\test\Ali-G\segment_80.wav,False,Action-potential,0.03409816646705366,-27.323806390088773,-27.357904556555827,ACCEPT,Action-potential,False
Ali-G,segment_81,C:\Users\Chris Boddy\OneDrive\Documents\Cyber Security and Digital Forensics MSc\Applications of Artificial Intelligence in Cyber Security\Assessment\project\data\1-to-n\test\Ali-G\segment_81.wav,False,Action-potential,-0.0507514098135502,-25.530599648486966,-25.479848238673416,REJECT,,False
Ali-G,segment_82,C:\Users\Chris Boddy\OneDrive\Documents\Cyber Security and Digital Forensics MSc\Applications of Artificial Intelligence in Cyber Security\Assessment\project\data\1-to-n\test\Ali-G\segment_82.wav,False,Action-potential,0.07608884867123322,-27.506942946144243,-27.583031794815476,ACCEPT,Action-potential,False
Ali-G,segment_83,C:\Users\Chris Boddy\OneDrive\Documents\Cyber Security and Digital Forensics MSc\Applications of Artificial Intelligence in Cyber Security\Assessment\project\data\1-to-n\test\Ali-G\segment_83.wav,False,Action-potential,0.06746258220075418,-25.66398238297507,-25.731444965175825,ACCEPT,Action-potential,False
Ali-G,segment_84,C:\Users\Chris Boddy\OneDrive\Documents\Cyber Security and Digital Forensics MSc\Applications of Artificial Intelligence in Cyber Security\Assessment\project\data\1-to-n\test\Ali-G\segment_84.wav,False,Action-potential,-0.05209069367582231,-25.412308643234127,-25.360217949558304,REJECT,,False
Ali-G,segment_85,C:\Users\Chris Boddy\OneDrive\Documents\Cyber Security and Digital Forensics MSc\Applications of Artificial Intelligence in Cyber Security\Assessment\project\data\1-to-n\test\Ali-G\segment_85.wav,False,Action-potential,0.05586215725823607,-27.212436261998267,-27.268298419256503,ACCEPT,Action-potential,False
Ali-G,segment_86,C:\Users\Chris Boddy\OneDrive\Documents\Cyber Security and Digital Forensics MSc\Applications of Artificial Intelligence in Cyber Security\Assessment\project\data\1-to-n\test\Ali-G\segment_86.wav,False,Action-potential,-0.040554845275718066,-27.35169273806147,-27.31113789278575,REJECT,,False
Ali-G,segment_87,C:\Users\Chris Boddy\OneDrive\Documents\Cyber Security and Digital Forensics MSc\Applications of Artificial Intelligence in Cyber Security\Assessment\project\data\1-to-n\test\Ali-G\segment_87.wav,False,Action-potential,0.0010489700117268796,-25.802027824739568,-25.803076794751295,ACCEPT,Action-potential,False
Ali-G,segment_9,C:\Users\Chris Boddy\OneDrive\Documents\Cyber Security and Digital Forensics MSc\Applications of Artificial Intelligence in Cyber Security\Assessment\project\data\1-to-n\test\Ali-G\segment_9.wav,False,Action-potential,0.001310208309519112,-27.255606469448985,-27.256916677758504,ACCEPT,Action-potential,False
Alleyway-1,segment_1,C:\Users\Chris Boddy\OneDrive\Documents\Cyber Security and Digital Forensics MSc\Applications of Artificial Intelligence in Cyber Security\Assessment\project\data\1-to-n\test\Alleyway-1\segment_1.wav,False,Action-potential,0.06433008860921063,-29.536806247140298,-29.60113633574951,REJECT,,False
Alleyway-1,segment_10,C:\Users\Chris Boddy\OneDrive\Documents\Cyber Security and Digital Forensics MSc\Applications of Artificial Intelligence in Cyber Security\Assessment\project\data\1-to-n\test\Alleyway-1\segment_10.wav,False,Action-potential,0.2387396575016254,-30.172024770744184,-30.41076442824581,REJECT,,False
Alleyway-1,segment_11,C:\Users\Chris Boddy\OneDrive\Documents\Cyber Security and Digital Forensics MSc\Applications of Artificial Intelligence in Cyber Security\Assessment\project\data\1-to-n\test\Alleyway-1\segment_11.wav,False,Action-potential,0.12032097067256942,-28.956679659625063,-29.077000630297633,REJECT,,False
Alleyway-1,segment_12,C:\Users\Chris Boddy\OneDrive\Documents\Cyber Security and Digital Forensics MSc\Applications of Artificial Intelligence in Cyber Security\Assessment\project\data\1-to-n\test\Alleyway-1\segment_12.wav,False,Action-potential,0.02772808277940797,-29.36761802487957,-29.395346107658977,REJECT,,False
Alleyway-1,segment_13,C:\Users\Chris Boddy\OneDrive\Documents\Cyber Security and Digital Forensics MSc\Applications of Artificial Intelligence in Cyber Security\Assessment\project\data\1-to-n\test\Alleyway-1\segment_13.wav,False,Action-potential,-0.016607083382673693,-30.47514021251953,-30.458533129136857,REJECT,,False
Alleyway-1,segment_14,C:\Users\Chris Boddy\OneDrive\Documents\Cyber Security and Digital Forensics MSc\Applications of Artificial Intelligence in Cyber Security\Assessment\project\data\1-to-n\test\Alleyway-1\segment_14.wav,False,Action-potential,0.1312056139939557,-29.44717114785364,-29.578376761847597,REJECT,,False
Alleyway-1,segment_15,C:\Users\Chris Boddy\OneDrive\Documents\Cyber Security and Digital Forensics MSc\Applications of Artificial Intelligence in Cyber Security\Assessment\project\data\1-to-n\test\Alleyway-1\segment_15.wav,False,Action-potential,0.15906480463896955,-29.951100329548574,-30.110165134187543,REJECT,,False
Alleyway-1,segment_16,C:\Users\Chris Boddy\OneDrive\Documents\Cyber Security and Digital Forensics MSc\Applications of Artificial Intelligence in Cyber Security\Assessment\project\data\1-to-n\test\Alleyway-1\segment_16.wav,False,Action-potential,0.01649237458781272,-30.45904288442134,-30.475535259009153,REJECT,,False
Alleyway-1,segment_17,C:\Users\Chris Boddy\OneDrive\Documents\Cyber Security and Digital Forensics MSc\Applications of Artificial Intelligence in Cyber Security\Assessment\project\data\1-to-n\test\Alleyway-1\segment_17.wav,False,Action-potential,0.0028102384715928963,-30.01981316489903,-30.022623403370623,REJECT,,False
Alleyway-1,segment_18,C:\Users\Chris Boddy\OneDrive\Documents\Cyber Security and Digital Forensics MSc\Applications of Artificial Intelligence in Cyber Security\Assessment\project\data\1-to-n\test\Alleyway-1\segment_18.wav,False,Action-potential,0.00665511129633245,-29.65190376999091,-29.65855888128724,REJECT,,False
Alleyway-1,segment_19,C:\Users\Chris Boddy\OneDrive\Documents\Cyber Security and Digital Forensics MSc\Applications of Artificial Intelligence in Cyber Security\Assessment\project\data\1-to-n\test\Alleyway-1\segment_19.wav,False,Action-potential,-0.02742304280083374,-29.19314534688222,-29.165722304081385,REJECT,,False
Alleyway-1,segment_2,C:\Users\Chris Boddy\OneDrive\Documents\Cyber Security and Digital Forensics MSc\Applications of Artificial Intelligence in Cyber Security\Assessment\project\data\1-to-n\test\Alleyway-1\segment_2.wav,False,Action-potential,0.03046988254171268,-30.023457822745126,-30.05392770528684,REJECT,,False
Alleyway-1,segment_20,C:\Users\Chris Boddy\OneDrive\Documents\Cyber Security and Digital Forensics MSc\Applications of Artificial Intelligence in Cyber Security\Assessment\project\data\1-to-n\test\Alleyway-1\segment_20.wav,False,Action-potential,0.32637290931607055,-28.146016202015986,-28.472389111332056,REJECT,,False
Alleyway-1,segment_21,C:\Users\Chris Boddy\OneDrive\Documents\Cyber Security and Digital Forensics MSc\Applications of Artificial Intelligence in Cyber Security\Assessment\project\data\1-to-n\test\Alleyway-1\segment_21.wav,False,Action-potential,-0.016356072621146467,-30.428852942949533,-30.412496870328386,REJECT,,False
Alleyway-1,segment_22,C:\Users\Chris Boddy\OneDrive\Documents\Cyber Security and Digital Forensics MSc\Applications of Artificial Intelligence in Cyber Security\Assessment\project\data\1-to-n\test\Alleyway-1\segment_22.wav,False,Action-potential,-0.05923430284633824,-30.457351421624626,-30.398117118778288,REJECT,,False
Alleyway-1,segment_23,C:\Users\Chris Boddy\OneDrive\Documents\Cyber Security and Digital Forensics MSc\Applications of Artificial Intelligence in Cyber Security\Assessment\project\data\1-to-n\test\Alleyway-1\segment_23.wav,False,Action-potential,0.16424445500710405,-29.139330211623985,-29.30357466663109,REJECT,,False
Alleyway-1,segment_24,C:\Users\Chris Boddy\OneDrive\Documents\Cyber Security and Digital Forensics MSc\Applications of Artificial Intelligence in Cyber Security\Assessment\project\data\1-to-n\test\Alleyway-1\segment_24.wav,False,Action-potential,-0.07123324729851532,-30.91194468274592,-30.840711435447403,REJECT,,False
Alleyway-1,segment_25,C:\Users\Chris Boddy\OneDrive\Documents\Cyber Security and Digital Forensics MSc\Applications of Artificial Intelligence in Cyber Security\Assessment\project\data\1-to-n\test\Alleyway-1\segment_25.wav,False,Action-potential,-0.054115282014112864,-29.568609456572215,-29.514494174558102,REJECT,,False
Alleyway-1,segment_26,C:\Users\Chris Boddy\OneDrive\Documents\Cyber Security and Digital Forensics MSc\Applications of Artificial Intelligence in Cyber Security\Assessment\project\data\1-to-n\test\Alleyway-1\segment_26.wav,False,Action-potential,0.06373207548367432,-30.48068236988949,-30.544414445373164,REJECT,,False
Alleyway-1,segment_27,C:\Users\Chris Boddy\OneDrive\Documents\Cyber Security and Digital Forensics MSc\Applications of Artificial Intelligence in Cyber Security\Assessment\project\data\1-to-n\test\Alleyway-1\segment_27.wav,False,Action-potential,0.09860199444096907,-29.381198836164053,-29.479800830605022,REJECT,,False
Alleyway-1,segment_28,C:\Users\Chris Boddy\OneDrive\Documents\Cyber Security and Digital Forensics MSc\Applications of Artificial Intelligence in Cyber Security\Assessment\project\data\1-to-n\test\Alleyway-1\segment_28.wav,False,Action-potential,-0.08732103522958568,-30.301954711747666,-30.21463367651808,REJECT,,False
Alleyway-1,segment_29,C:\Users\Chris Boddy\OneDrive\Documents\Cyber Security and Digital Forensics MSc\Applications of Artificial Intelligence in Cyber Security\Assessment\project\data\1-to-n\test\Alleyway-1\segment_29.wav,False,Action-potential,-0.08544791572054677,-29.62187784270225,-29.536429926981704,REJECT,,False
Alleyway-1,segment_3,C:\Users\Chris Boddy\OneDrive\Documents\Cyber Security and Digital Forensics MSc\Applications of Artificial Intelligence in Cyber Security\Assessment\project\data\1-to-n\test\Alleyway-1\segment_3.wav,False,Action-potential,0.1262036605634691,-30.244375766331416,-30.370579426894885,REJECT,,False
Alleyway-1,segment_30,C:\Users\Chris Boddy\OneDrive\Documents\Cyber Security and Digital Forensics MSc\Applications of Artificial Intelligence in Cyber Security\Assessment\project\data\1-to-n\test\Alleyway-1\segment_30.wav,False,Action-potential,0.19617959122803086,-29.254900448689686,-29.451080039917716,REJECT,,False
Alleyway-1,segment_31,C:\Users\Chris Boddy\OneDrive\Documents\Cyber Security and Digital Forensics MSc\Applications of Artificial Intelligence in Cyber Security\Assessment\project\data\1-to-n\test\Alleyway-1\segment_31.wav,False,Action-potential,-0.03231832604779328,-29.87675946205357,-29.844441136005777,REJECT,,False
Alleyway-1,segment_32,C:\Users\Chris Boddy\OneDrive\Documents\Cyber Security and Digital Forensics MSc\Applications of Artificial Intelligence in Cyber Security\Assessment\project\data\1-to-n\test\Alleyway-1\segment_32.wav,False,Action-potential,-0.0018407400975206656,-28.69707930875107,-28.69523856865355,REJECT,,False
Alleyway-1,segment_33,C:\Users\Chris Boddy\OneDrive\Documents\Cyber Security and Digital Forensics MSc\Applications of Artificial Intelligence in Cyber Security\Assessment\project\data\1-to-n\test\Alleyway-1\segment_33.wav,False,Action-potential,-0.1597046965623008,-29.803156965957136,-29.643452269394835,REJECT,,False
Alleyway-1,segment_34,C:\Users\Chris Boddy\OneDrive\Documents\Cyber Security and Digital Forensics MSc\Applications of Artificial Intelligence in Cyber Security\Assessment\project\data\1-to-n\test\Alleyway-1\segment_34.wav,False,Action-potential,-0.04314120259834198,-29.523385026676205,-29.480243824077863,REJECT,,False
Alleyway-1,segment_35,C:\Users\Chris Boddy\OneDrive\Documents\Cyber Security and Digital Forensics MSc\Applications of Artificial Intelligence in Cyber Security\Assessment\project\data\1-to-n\test\Alleyway-1\segment_35.wav,False,Action-potential,-0.00697738049085217,-29.408643883984663,-29.40166650349381,REJECT,,False
Alleyway-1,segment_36,C:\Users\Chris Boddy\OneDrive\Documents\Cyber Security and Digital Forensics MSc\Applications of Artificial Intelligence in Cyber Security\Assessment\project\data\1-to-n\test\Alleyway-1\segment_36.wav,False,Action-potential,-0.05195608596516976,-30.212335821105945,-30.160379735140776,REJECT,,False
Alleyway-1,segment_37,C:\Users\Chris Boddy\OneDrive\Documents\Cyber Security and Digital Forensics MSc\Applications of Artificial Intelligence in Cyber Security\Assessment\project\data\1-to-n\test\Alleyway-1\segment_37.wav,False,Action-potential,-0.06148214224698734,-29.128536808256666,-29.06705466600968,REJECT,,False
Alleyway-1,segment_38,C:\Users\Chris Boddy\OneDrive\Documents\Cyber Security and Digital Forensics MSc\Applications of Artificial Intelligence in Cyber Security\Assessment\project\data\1-to-n\test\Alleyway-1\segment_38.wav,False,Action-potential,-0.07046891226559993,-29.31440790496471,-29.24393899269911,REJECT,,False
Alleyway-1,segment_39,C:\Users\Chris Boddy\OneDrive\Documents\Cyber Security and Digital Forensics MSc\Applications of Artificial Intelligence in Cyber Security\Assessment\project\data\1-to-n\test\Alleyway-1\segment_39.wav,False,Action-potential,-0.014786935898992937,-29.368704510718114,-29.35391757481912,REJECT,,False
Alleyway-1,segment_4,C:\Users\Chris Boddy\OneDrive\Documents\Cyber Security and Digital Forensics MSc\Applications of Artificial Intelligence in Cyber Security\Assessment\project\data\1-to-n\test\Alleyway-1\segment_4.wav,False,Action-potential,-0.03361248682094242,-30.299147898076544,-30.265535411255602,REJECT,,False
Alleyway-1,segment_40,C:\Users\Chris Boddy\OneDrive\Documents\Cyber Security and Digital Forensics MSc\Applications of Artificial Intelligence in Cyber Security\Assessment\project\data\1-to-n\test\Alleyway-1\segment_40.wav,False,Action-potential,-0.03457729821096578,-29.552853445196558,-29.518276146985592,REJECT,,False
Alleyway-1,segment_41,C:\Users\Chris Boddy\OneDrive\Documents\Cyber Security and Digital Forensics MSc\Applications of Artificial Intelligence in Cyber Security\Assessment\project\data\1-to-n\test\Alleyway-1\segment_41.wav,False,Action-potential,-0.010647697989103477,-29.074391185868652,-29.06374348787955,REJECT,,False
Alleyway-1,segment_42,C:\Users\Chris Boddy\OneDrive\Documents\Cyber Security and Digital Forensics MSc\Applications of Artificial Intelligence in Cyber Security\Assessment\project\data\1-to-n\test\Alleyway-1\segment_42.wav,False,Action-potential,0.028712277266716768,-28.613816581291804,-28.64252885855852,REJECT,,False
Alleyway-1,segment_43,C:\Users\Chris Boddy\OneDrive\Documents\Cyber Security and Digital Forensics MSc\Applications of Artificial Intelligence in Cyber Security\Assessment\project\data\1-to-n\test\Alleyway-1\segment_43.wav,False,Action-potential,0.08535881833392622,-29.010431973092064,-29.09579079142599,REJECT,,False
Alleyway-1,segment_44,C:\Users\Chris Boddy\OneDrive\Documents\Cyber Security and Digital Forensics MSc\Applications of Artificial Intelligence in Cyber Security\Assessment\project\data\1-to-n\test\Alleyway-1\segment_44.wav,False,Action-potential,-0.06302309826530816,-29.590238732436582,-29.527215634171274,REJECT,,False
Alleyway-1,segment_45,C:\Users\Chris Boddy\OneDrive\Documents\Cyber Security and Digital Forensics MSc\Applications of Artificial Intelligence in Cyber Security\Assessment\project\data\1-to-n\test\Alleyway-1\segment_45.wav,False,Action-potential,-0.1412109697320858,-27.69522567186517,-27.554014702133085,REJECT,,False
Alleyway-1,segment_46,C:\Users\Chris Boddy\OneDrive\Documents\Cyber Security and Digital Forensics MSc\Applications of Artificial Intelligence in Cyber Security\Assessment\project\data\1-to-n\test\Alleyway-1\segment_46.wav,False,Action-potential,0.09561150467871826,-28.78443804228232,-28.88004954696104,REJECT,,False
Alleyway-1,segment_47,C:\Users\Chris Boddy\OneDrive\Documents\Cyber Security and Digital Forensics MSc\Applications of Artificial Intelligence in Cyber Security\Assessment\project\data\1-to-n\test\Alleyway-1\segment_47.wav,False,Action-potential,-0.044306524036937134,-28.951497272514096,-28.90719074847716,REJECT,,False
Alleyway-1,segment_48,C:\Users\Chris Boddy\OneDrive\Documents\Cyber Security and Digital Forensics MSc\Applications of Artificial Intelligence in Cyber Security\Assessment\project\data\1-to-n\test\Alleyway-1\segment_48.wav,False,Action-potential,0.079454986641732,-29.242656243637516,-29.322111230279248,REJECT,,False
Alleyway-1,segment_49,C:\Users\Chris Boddy\OneDrive\Documents\Cyber Security and Digital Forensics MSc\Applications of Artificial Intelligence in Cyber Security\Assessment\project\data\1-to-n\test\Alleyway-1\segment_49.wav,False,Action-potential,0.18350021706659447,-27.811878612939847,-27.99537883000644,ACCEPT,Action-potential,False
Alleyway-1,segment_5,C:\Users\Chris Boddy\OneDrive\Documents\Cyber Security and Digital Forensics MSc\Applications of Artificial Intelligence in Cyber Security\Assessment\project\data\1-to-n\test\Alleyway-1\segment_5.wav,False,Action-potential,-0.10275282258431417,-29.841751188049766,-29.738998365465452,REJECT,,False
Alleyway-1,segment_50,C:\Users\Chris Boddy\OneDrive\Documents\Cyber Security and Digital Forensics MSc\Applications of Artificial Intelligence in Cyber Security\Assessment\project\data\1-to-n\test\Alleyway-1\segment_50.wav,False,Action-potential,0.06591231652274132,-29.921152590911625,-29.987064907434366,REJECT,,False
Alleyway-1,segment_51,C:\Users\Chris Boddy\OneDrive\Documents\Cyber Security and Digital Forensics MSc\Applications of Artificial Intelligence in Cyber Security\Assessment\project\data\1-to-n\test\Alleyway-1\segment_51.wav,False,Action-potential,0.056530954973517566,-28.99103557472067,-29.047566529694187,REJECT,,False
Alleyway-1,segment_52,C:\Users\Chris Boddy\OneDrive\Documents\Cyber Security and Digital Forensics MSc\Applications of Artificial Intelligence in Cyber Security\Assessment\project\data\1-to-n\test\Alleyway-1\segment_52.wav,False,Action-potential,-0.014364611058546473,-28.722906595328038,-28.70854198426949,REJECT,,False
Alleyway-1,segment_53,C:\Users\Chris Boddy\OneDrive\Documents\Cyber Security and Digital Forensics MSc\Applications of Artificial Intelligence in Cyber Security\Assessment\project\data\1-to-n\test\Alleyway-1\segment_53.wav,False,Action-potential,-0.010758552885103967,-29.17240419826602,-29.161645645380915,REJECT,,False
Alleyway-1,segment_54,C:\Users\Chris Boddy\OneDrive\Documents\Cyber Security and Digital Forensics MSc\Applications of Artificial Intelligence in Cyber Security\Assessment\project\data\1-to-n\test\Alleyway-1\segment_54.wav,False,Action-potential,-0.08137336464932687,-28.888713014241812,-28.807339649592485,REJECT,,False
Alleyway-1,segment_55,C:\Users\Chris Boddy\OneDrive\Documents\Cyber Security and Digital Forensics MSc\Applications of Artificial Intelligence in Cyber Security\Assessment\project\data\1-to-n\test\Alleyway-1\segment_55.wav,False,Action-potential,-0.12113949331823548,-28.66681833613641,-28.545678842818173,REJECT,,False
Alleyway-1,segment_56,C:\Users\Chris Boddy\OneDrive\Documents\Cyber Security and Digital Forensics MSc\Applications of Artificial Intelligence in Cyber Security\Assessment\project\data\1-to-n\test\Alleyway-1\segment_56.wav,False,Action-potential,-0.12142338264754571,-28.516827295824513,-28.395403913176967,REJECT,,False
Alleyway-1,segment_57,C:\Users\Chris Boddy\OneDrive\Documents\Cyber Security and Digital Forensics MSc\Applications of Artificial Intelligence in Cyber Security\Assessment\project\data\1-to-n\test\Alleyway-1\segment_57.wav,False,Action-potential,0.07799190361322417,-28.02874462850114,-28.106736532114365,ACCEPT,Action-potential,False
Alleyway-1,segment_58,C:\Users\Chris Boddy\OneDrive\Documents\Cyber Security and Digital Forensics MSc\Applications of Artificial Intelligence in Cyber Security\Assessment\project\data\1-to-n\test\Alleyway-1\segment_58.wav,False,Action-potential,0.2237197006531062,-28.319641908490592,-28.543361609143698,REJECT,,False
Alleyway-1,segment_59,C:\Users\Chris Boddy\OneDrive\Documents\Cyber Security and Digital Forensics MSc\Applications of Artificial Intelligence in Cyber Security\Assessment\project\data\1-to-n\test\Alleyway-1\segment_59.wav,False,Action-potential,0.007695977209795757,-28.791901099092097,-28.799597076301893,REJECT,,False
Alleyway-1,segment_6,C:\Users\Chris Boddy\OneDrive\Documents\Cyber Security and Digital Forensics MSc\Applications of Artificial Intelligence in Cyber Security\Assessment\project\data\1-to-n\test\Alleyway-1\segment_6.wav,False,Action-potential,-0.06925385005006746,-29.93168354909679,-29.86242969904672,REJECT,,False
Alleyway-1,segment_60,C:\Users\Chris Boddy\OneDrive\Documents\Cyber Security and Digital Forensics MSc\Applications of Artificial Intelligence in Cyber Security\Assessment\project\data\1-to-n\test\Alleyway-1\segment_60.wav,False,Action-potential,-0.01981917320674853,-28.239277386104472,-28.219458212897724,REJECT,,False
Alleyway-1,segment_61,C:\Users\Chris Boddy\OneDrive\Documents\Cyber Security and Digital Forensics MSc\Applications of Artificial Intelligence in Cyber Security\Assessment\project\data\1-to-n\test\Alleyway-1\segment_61.wav,False,Action-potential,0.03839509385479545,-29.927194786580724,-29.96558988043552,REJECT,,False
Alleyway-1,segment_62,C:\Users\Chris Boddy\OneDrive\Documents\Cyber Security and Digital Forensics MSc\Applications of Artificial Intelligence in Cyber Security\Assessment\project\data\1-to-n\test\Alleyway-1\segment_62.wav,False,Action-potential,-0.15567230669344312,-29.988976667507394,-29.83330436081395,REJECT,,False
Alleyway-1,segment_63,C:\Users\Chris Boddy\OneDrive\Documents\Cyber Security and Digital Forensics MSc\Applications of Artificial Intelligence in Cyber Security\Assessment\project\data\1-to-n\test\Alleyway-1\segment_63.wav,False,Action-potential,-0.06285385497332996,-27.845286049447164,-27.782432194473834,REJECT,,False
Alleyway-1,segment_64,C:\Users\Chris Boddy\OneDrive\Documents\Cyber Security and Digital Forensics MSc\Applications of Artificial Intelligence in Cyber Security\Assessment\project\data\1-to-n\test\Alleyway-1\segment_64.wav,False,Action-potential,-0.12713415663980498,-29.12206789143856,-28.994933734798757,REJECT,,False
Alleyway-1,segment_65,C:\Users\Chris Boddy\OneDrive\Documents\Cyber Security and Digital Forensics MSc\Applications of Artificial Intelligence in Cyber Security\Assessment\project\data\1-to-n\test\Alleyway-1\segment_65.wav,False,Action-potential,0.001371967017597342,-28.79464374917424,-28.79601571619184,REJECT,,False
Alleyway-1,segment_66,C:\Users\Chris Boddy\OneDrive\Documents\Cyber Security and Digital Forensics MSc\Applications of Artificial Intelligence in Cyber Security\Assessment\project\data\1-to-n\test\Alleyway-1\segment_66.wav,False,Action-potential,-0.01848891026100219,-28.61499091404016,-28.596502003779158,REJECT,,False
Alleyway-1,segment_67,C:\Users\Chris Boddy\OneDrive\Documents\Cyber Security and Digital Forensics MSc\Applications of Artificial Intelligence in Cyber Security\Assessment\project\data\1-to-n\test\Alleyway-1\segment_67.wav,False,Action-potential,-0.13754028851298017,-28.130025513719094,-27.992485225206114,REJECT,,False
Alleyway-1,segment_68,C:\Users\Chris Boddy\OneDrive\Documents\Cyber Security and Digital Forensics MSc\Applications of Artificial Intelligence in Cyber Security\Assessment\project\data\1-to-n\test\Alleyway-1\segment_68.wav,False,Action-potential,0.05724147761444698,-27.76273833975156,-27.819979817366008,ACCEPT,Action-potential,False
Alleyway-1,segment_69,C:\Users\Chris Boddy\OneDrive\Documents\Cyber Security and Digital Forensics MSc\Applications of Artificial Intelligence in Cyber Security\Assessment\project\data\1-to-n\test\Alleyway-1\segment_69.wav,False,Action-potential,-0.13746754619004875,-28.743507789649687,-28.60604024345964,REJECT,,False
Alleyway-1,segment_7,C:\Users\Chris Boddy\OneDrive\Documents\Cyber Security and Digital Forensics MSc\Applications of Artificial Intelligence in Cyber Security\Assessment\project\data\1-to-n\test\Alleyway-1\segment_7.wav,False,Action-potential,-0.03671316788006962,-29.294596299854067,-29.257883131973998,REJECT,,False
Alleyway-1,segment_70,C:\Users\Chris Boddy\OneDrive\Documents\Cyber Security and Digital Forensics MSc\Applications of Artificial Intelligence in Cyber Security\Assessment\project\data\1-to-n\test\Alleyway-1\segment_70.wav,False,Action-potential,-0.19167983303789882,-29.855857416169034,-29.664177583131135,REJECT,,False
Alleyway-1,segment_71,C:\Users\Chris Boddy\OneDrive\Documents\Cyber Security and Digital Forensics MSc\Applications of Artificial Intelligence in Cyber Security\Assessment\project\data\1-to-n\test\Alleyway-1\segment_71.wav,False,Action-potential,-0.12526396890333658,-29.731760124180727,-29.60649615527739,REJECT,,False
Alleyway-1,segment_72,C:\Users\Chris Boddy\OneDrive\Documents\Cyber Security and Digital Forensics MSc\Applications of Artificial Intelligence in Cyber Security\Assessment\project\data\1-to-n\test\Alleyway-1\segment_72.wav,False,Action-potential,0.15075741389984998,-29.315026550267266,-29.465783964167116,REJECT,,False
Alleyway-1,segment_73,C:\Users\Chris Boddy\OneDrive\Documents\Cyber Security and Digital Forensics MSc\Applications of Artificial Intelligence in Cyber Security\Assessment\project\data\1-to-n\test\Alleyway-1\segment_73.wav,False,Action-potential,-0.03571551963106856,-29.355427348700044,-29.319711829068975,REJECT,,False
Alleyway-1,segment_74,C:\Users\Chris Boddy\OneDrive\Documents\Cyber Security and Digital Forensics MSc\Applications of Artificial Intelligence in Cyber Security\Assessment\project\data\1-to-n\test\Alleyway-1\segment_74.wav,False,Action-potential,-0.07471049712302857,-29.55386438759025,-29.47915389046722,REJECT,,False
Alleyway-1,segment_75,C:\Users\Chris Boddy\OneDrive\Documents\Cyber Security and Digital Forensics MSc\Applications of Artificial Intelligence in Cyber Security\Assessment\project\data\1-to-n\test\Alleyway-1\segment_75.wav,False,Action-potential,0.04672965044894539,-29.474301111406124,-29.52103076185507,REJECT,,False
Alleyway-1,segment_76,C:\Users\Chris Boddy\OneDrive\Documents\Cyber Security and Digital Forensics MSc\Applications of Artificial Intelligence in Cyber Security\Assessment\project\data\1-to-n\test\Alleyway-1\segment_76.wav,False,Action-potential,0.03169871389344081,-28.742795898824568,-28.77449461271801,REJECT,,False
Alleyway-1,segment_77,C:\Users\Chris Boddy\OneDrive\Documents\Cyber Security and Digital Forensics MSc\Applications of Artificial Intelligence in Cyber Security\Assessment\project\data\1-to-n\test\Alleyway-1\segment_77.wav,False,Action-potential,0.003920105750612635,-29.06677971000038,-29.07069981575099,REJECT,,False
Alleyway-1,segment_78,C:\Users\Chris Boddy\OneDrive\Documents\Cyber Security and Digital Forensics MSc\Applications of Artificial Intelligence in Cyber Security\Assessment\project\data\1-to-n\test\Alleyway-1\segment_78.wav,False,Action-potential,0.08014862565907777,-29.262509394268506,-29.342658019927583,REJECT,,False
Alleyway-1,segment_79,C:\Users\Chris Boddy\OneDrive\Documents\Cyber Security and Digital Forensics MSc\Applications of Artificial Intelligence in Cyber Security\Assessment\project\data\1-to-n\test\Alleyway-1\segment_79.wav,False,Action-potential,0.10780886944927914,-29.148187276571893,-29.25599614602117,REJECT,,False
Alleyway-1,segment_8,C:\Users\Chris Boddy\OneDrive\Documents\Cyber Security and Digital Forensics MSc\Applications of Artificial Intelligence in Cyber Security\Assessment\project\data\1-to-n\test\Alleyway-1\segment_8.wav,False,Action-potential,-0.12200221162592939,-30.45221424253335,-30.330212030907422,REJECT,,False
Alleyway-1,segment_80,C:\Users\Chris Boddy\OneDrive\Documents\Cyber Security and Digital Forensics MSc\Applications of Artificial Intelligence in Cyber Security\Assessment\project\data\1-to-n\test\Alleyway-1\segment_80.wav,False,Action-potential,-0.015015066233903696,-27.861533145714677,-27.846518079480774,REJECT,,False
Alleyway-1,segment_81,C:\Users\Chris Boddy\OneDrive\Documents\Cyber Security and Digital Forensics MSc\Applications of Artificial Intelligence in Cyber Security\Assessment\project\data\1-to-n\test\Alleyway-1\segment_81.wav,False,Action-potential,0.08649880979393032,-30.298063048543998,-30.38456185833793,REJECT,,False
Alleyway-1,segment_82,C:\Users\Chris Boddy\OneDrive\Documents\Cyber Security and Digital Forensics MSc\Applications of Artificial Intelligence in Cyber Security\Assessment\project\data\1-to-n\test\Alleyway-1\segment_82.wav,False,Action-potential,0.0059801819820215485,-29.273946718771324,-29.279926900753345,REJECT,,False
Alleyway-1,segment_83,C:\Users\Chris Boddy\OneDrive\Documents\Cyber Security and Digital Forensics MSc\Applications of Artificial Intelligence in Cyber Security\Assessment\project\data\1-to-n\test\Alleyway-1\segment_83.wav,False,Action-potential,-0.08270883725966627,-28.64215680513173,-28.559447967872064,REJECT,,False
Alleyway-1,segment_84,C:\Users\Chris Boddy\OneDrive\Documents\Cyber Security and Digital Forensics MSc\Applications of Artificial Intelligence in Cyber Security\Assessment\project\data\1-to-n\test\Alleyway-1\segment_84.wav,False,Action-potential,0.08808822584588683,-28.86389207090818,-28.951980296754066,REJECT,,False
Alleyway-1,segment_85,C:\Users\Chris Boddy\OneDrive\Documents\Cyber Security and Digital Forensics MSc\Applications of Artificial Intelligence in Cyber Security\Assessment\project\data\1-to-n\test\Alleyway-1\segment_85.wav,False,Action-potential,-0.24268283230503584,-29.035144437128096,-28.79246160482306,REJECT,,False
Alleyway-1,segment_86,C:\Users\Chris Boddy\OneDrive\Documents\Cyber Security and Digital Forensics MSc\Applications of Artificial Intelligence in Cyber Security\Assessment\project\data\1-to-n\test\Alleyway-1\segment_86.wav,False,Action-potential,-0.09049631808877123,-28.808062851791565,-28.717566533702794,REJECT,,False
Alleyway-1,segment_87,C:\Users\Chris Boddy\OneDrive\Documents\Cyber Security and Digital Forensics MSc\Applications of Artificial Intelligence in Cyber Security\Assessment\project\data\1-to-n\test\Alleyway-1\segment_87.wav,False,Action-potential,-0.19983590329259826,-28.95608441526795,-28.75624851197535,REJECT,,False
Alleyway-1,segment_88,C:\Users\Chris Boddy\OneDrive\Documents\Cyber Security and Digital Forensics MSc\Applications of Artificial Intelligence in Cyber Security\Assessment\project\data\1-to-n\test\Alleyway-1\segment_88.wav,False,Action-potential,-0.11114220563260702,-28.31263488034054,-28.201492674707932,REJECT,,False
Alleyway-1,segment_89,C:\Users\Chris Boddy\OneDrive\Documents\Cyber Security and Digital Forensics MSc\Applications of Artificial Intelligence in Cyber Security\Assessment\project\data\1-to-n\test\Alleyway-1\segment_89.wav,False,Action-potential,0.1392069230211952,-29.606101221982602,-29.745308145003797,REJECT,,False
Alleyway-1,segment_9,C:\Users\Chris Boddy\OneDrive\Documents\Cyber Security and Digital Forensics MSc\Applications of Artificial Intelligence in Cyber Security\Assessment\project\data\1-to-n\test\Alleyway-1\segment_9.wav,False,Action-potential,0.22450567320306547,-29.42280573657902,-29.647311409782084,REJECT,,False
Alleyway-1,segment_90,C:\Users\Chris Boddy\OneDrive\Documents\Cyber Security and Digital Forensics MSc\Applications of Artificial Intelligence in Cyber Security\Assessment\project\data\1-to-n\test\Alleyway-1\segment_90.wav,False,Action-potential,-0.18208832863064117,-29.066978777223785,-28.884890448593143,REJECT,,False
Ana-Lucia_Cortez,segment_1,C:\Users\Chris Boddy\OneDrive\Documents\Cyber Security and Digital Forensics MSc\Applications of Artificial Intelligence in Cyber Security\Assessment\project\data\1-to-n\test\Ana-Lucia_Cortez\segment_1.wav,False,Action-potential,-0.2371537357146245,-27.71268161349176,-27.475527877777136,REJECT,,False
Ana-Lucia_Cortez,segment_10,C:\Users\Chris Boddy\OneDrive\Documents\Cyber Security and Digital Forensics MSc\Applications of Artificial Intelligence in Cyber Security\Assessment\project\data\1-to-n\test\Ana-Lucia_Cortez\segment_10.wav,False,Action-potential,-0.3747737776244868,-28.22476583914558,-27.849992061521093,REJECT,,False
Ana-Lucia_Cortez,segment_11,C:\Users\Chris Boddy\OneDrive\Documents\Cyber Security and Digital Forensics MSc\Applications of Artificial Intelligence in Cyber Security\Assessment\project\data\1-to-n\test\Ana-Lucia_Cortez\segment_11.wav,False,Action-potential,-0.363261312399338,-27.94199336422929,-27.578732051829952,REJECT,,False
Ana-Lucia_Cortez,segment_12,C:\Users\Chris Boddy\OneDrive\Documents\Cyber Security and Digital Forensics MSc\Applications of Artificial Intelligence in Cyber Security\Assessment\project\data\1-to-n\test\Ana-Lucia_Cortez\segment_12.wav,False,Action-potential,-0.38485870263226474,-27.75809810696143,-27.373239404329166,REJECT,,False
Ana-Lucia_Cortez,segment_13,C:\Users\Chris Boddy\OneDrive\Documents\Cyber Security and Digital Forensics MSc\Applications of Artificial Intelligence in Cyber Security\Assessment\project\data\1-to-n\test\Ana-Lucia_Cortez\segment_13.wav,False,Action-potential,-0.18575604010434432,-28.33955275177931,-28.153796711674964,REJECT,,False
Ana-Lucia_Cortez,segment_14,C:\Users\Chris Boddy\OneDrive\Documents\Cyber Security and Digital Forensics MSc\Applications of Artificial Intelligence in Cyber Security\Assessment\project\data\1-to-n\test\Ana-Lucia_Cortez\segment_14.wav,False,Action-potential,-0.1571724926468221,-28.137026926782823,-27.979854434136,REJECT,,False
Ana-Lucia_Cortez,segment_15,C:\Users\Chris Boddy\OneDrive\Documents\Cyber Security and Digital Forensics MSc\Applications of Artificial Intelligence in Cyber Security\Assessment\project\data\1-to-n\test\Ana-Lucia_Cortez\segment_15.wav,False,Action-potential,0.11102245039510805,-28.249713831030615,-28.360736281425723,REJECT,,False
Ana-Lucia_Cortez,segment_16,C:\Users\Chris Boddy\OneDrive\Documents\Cyber Security and Digital Forensics MSc\Applications of Artificial Intelligence in Cyber Security\Assessment\project\data\1-to-n\test\Ana-Lucia_Cortez\segment_16.wav,False,Action-potential,-0.2963904006029914,-27.875148047489525,-27.578757646886533,REJECT,,False
Ana-Lucia_Cortez,segment_17,C:\Users\Chris Boddy\OneDrive\Documents\Cyber Security and Digital Forensics MSc\Applications of Artificial Intelligence in Cyber Security\Assessment\project\data\1-to-n\test\Ana-Lucia_Cortez\segment_17.wav,False,Action-potential,-0.19455646878094868,-29.701107349581005,-29.506550880800056,REJECT,,False
Ana-Lucia_Cortez,segment_18,C:\Users\Chris Boddy\OneDrive\Documents\Cyber Security and Digital Forensics MSc\Applications of Artificial Intelligence in Cyber Security\Assessment\project\data\1-to-n\test\Ana-Lucia_Cortez\segment_18.wav,False,Action-potential,-0.27295761784737493,-28.432742903767842,-28.159785285920467,REJECT,,False
Ana-Lucia_Cortez,segment_19,C:\Users\Chris Boddy\OneDrive\Documents\Cyber Security and Digital Forensics MSc\Applications of Artificial Intelligence in Cyber Security\Assessment\project\data\1-to-n\test\Ana-Lucia_Cortez\segment_19.wav,False,Action-potential,-0.43036252764459704,-28.027018307334682,-27.596655779690085,REJECT,,False
Ana-Lucia_Cortez,segment_2,C:\Users\Chris Boddy\OneDrive\Documents\Cyber Security and Digital Forensics MSc\Applications of Artificial Intelligence in Cyber Security\Assessment\project\data\1-to-n\test\Ana-Lucia_Cortez\segment_2.wav,False,Action-potential,0.47761885659994974,-28.312330208380494,-28.789949064980444,REJECT,,False
Ana-Lucia_Cortez,segment_20,C:\Users\Chris Boddy\OneDrive\Documents\Cyber Security and Digital Forensics MSc\Applications of Artificial Intelligence in Cyber Security\Assessment\project\data\1-to-n\test\Ana-Lucia_Cortez\segment_20.wav,False,Action-potential,-0.06284562582674624,-29.013620332503287,-28.95077470667654,REJECT,,False
Ana-Lucia_Cortez,segment_21,C:\Users\Chris Boddy\OneDrive\Documents\Cyber Security and Digital Forensics MSc\Applications of Artificial Intelligence in Cyber Security\Assessment\project\data\1-to-n\test\Ana-Lucia_Cortez\segment_21.wav,False,Action-potential,-0.23701886239825498,-28.85683384527941,-28.619814982881156,REJECT,,False
Ana-Lucia_Cortez,segment_22,C:\Users\Chris Boddy\OneDrive\Documents\Cyber Security and Digital Forensics MSc\Applications of Artificial Intelligence in Cyber Security\Assessment\project\data\1-to-n\test\Ana-Lucia_Cortez\segment_22.wav,False,Action-potential,-0.059234942990261885,-28.95403988888255,-28.89480494589229,REJECT,,False
Ana-Lucia_Cortez,segment_23,C:\Users\Chris Boddy\OneDrive\Documents\Cyber Security and Digital Forensics MSc\Applications of Artificial Intelligence in Cyber Security\Assessment\project\data\1-to-n\test\Ana-Lucia_Cortez\segment_23.wav,False,Action-potential,-0.2829671888298009,-29.149144006016268,-28.866176817186467,REJECT,,False
Ana-Lucia_Cortez,segment_24,C:\Users\Chris Boddy\OneDrive\Documents\Cyber Security and Digital Forensics MSc\Applications of Artificial Intelligence in Cyber Security\Assessment\project\data\1-to-n\test\Ana-Lucia_Cortez\segment_24.wav,False,Action-potential,-0.3357112482486784,-28.837571981394017,-28.50186073314534,REJECT,,False
Ana-Lucia_Cortez,segment_25,C:\Users\Chris Boddy\OneDrive\Documents\Cyber Security and Digital Forensics MSc\Applications of Artificial Intelligence in Cyber Security\Assessment\project\data\1-to-n\test\Ana-Lucia_Cortez\segment_25.wav,False,Action-potential,0.09902112285445597,-28.89568903564708,-28.994710158501537,REJECT,,False
Ana-Lucia_Cortez,segment_26,C:\Users\Chris Boddy\OneDrive\Documents\Cyber Security and Digital Forensics MSc\Applications of Artificial Intelligence in Cyber Security\Assessment\project\data\1-to-n\test\Ana-Lucia_Cortez\segment_26.wav,False,Action-potential,-0.18448398610519234,-27.598718218853534,-27.414234232748342,REJECT,,False
Ana-Lucia_Cortez,segment_27,C:\Users\Chris Boddy\OneDrive\Documents\Cyber Security and Digital Forensics MSc\Applications of Artificial Intelligence in Cyber Security\Assessment\project\data\1-to-n\test\Ana-Lucia_Cortez\segment_27.wav,False,Action-potential,-0.3447261916036055,-28.96013577450112,-28.615409582897513,REJECT,,False
Ana-Lucia_Cortez,segment_28,C:\Users\Chris Boddy\OneDrive\Documents\Cyber Security and Digital Forensics MSc\Applications of Artificial Intelligence in Cyber Security\Assessment\project\data\1-to-n\test\Ana-Lucia_Cortez\segment_28.wav,False,Action-potential,-0.20660001832485264,-27.458271245883004,-27.251671227558152,REJECT,,False
Ana-Lucia_Cortez,segment_29,C:\Users\Chris Boddy\OneDrive\Documents\Cyber Security and Digital Forensics MSc\Applications of Artificial Intelligence in Cyber Security\Assessment\project\data\1-to-n\test\Ana-Lucia_Cortez\segment_29.wav,False,Action-potential,0.1671768048196931,-27.828625626271815,-27.99580243109151,ACCEPT,Action-potential,False
Ana-Lucia_Cortez,segment_3,C:\Users\Chris Boddy\OneDrive\Documents\Cyber Security and Digital Forensics MSc\Applications of Artificial Intelligence in Cyber Security\Assessment\project\data\1-to-n\test\Ana-Lucia_Cortez\segment_3.wav,False,Action-potential,0.14071313167445254,-28.040396145011766,-28.181109276686218,REJECT,,False
Ana-Lucia_Cortez,segment_30,C:\Users\Chris Boddy\OneDrive\Documents\Cyber Security and Digital Forensics MSc\Applications of Artificial Intelligence in Cyber Security\Assessment\project\data\1-to-n\test\Ana-Lucia_Cortez\segment_30.wav,False,Action-potential,-0.13563582590922962,-28.589783946898486,-28.454148120989256,REJECT,,False
Ana-Lucia_Cortez,segment_31,C:\Users\Chris Boddy\OneDrive\Documents\Cyber Security and Digital Forensics MSc\Applications of Artificial Intelligence in Cyber Security\Assessment\project\data\1-to-n\test\Ana-Lucia_Cortez\segment_31.wav,False,Action-potential,-0.3914598413043109,-28.28558405057187,-27.89412420926756,REJECT,,False
Ana-Lucia_Cortez,segment_32,C:\Users\Chris Boddy\OneDrive\Documents\Cyber Security and Digital Forensics MSc\Applications of Artificial Intelligence in Cyber Security\Assessment\project\data\1-to-n\test\Ana-Lucia_Cortez\segment_32.wav,False,Action-potential,0.05446411847525923,-28.664736665444604,-28.719200783919863,REJECT,,False
Ana-Lucia_Cortez,segment_33,C:\Users\Chris Boddy\OneDrive\Documents\Cyber Security and Digital Forensics MSc\Applications of Artificial Intelligence in Cyber Security\Assessment\project\data\1-to-n\test\Ana-Lucia_Cortez\segment_33.wav,False,Action-potential,-0.24217311146932374,-28.47987918635964,-28.237706074890315,REJECT,,False
Ana-Lucia_Cortez,segment_34,C:\Users\Chris Boddy\OneDrive\Documents\Cyber Security and Digital Forensics MSc\Applications of Artificial Intelligence in Cyber Security\Assessment\project\data\1-to-n\test\Ana-Lucia_Cortez\segment_34.wav,False,Action-potential,-0.08273701027407654,-28.42559186841635,-28.342854858142275,REJECT,,False
Ana-Lucia_Cortez,segment_35,C:\Users\Chris Boddy\OneDrive\Documents\Cyber Security and Digital Forensics MSc\Applications of Artificial Intelligence in Cyber Security\Assessment\project\data\1-to-n\test\Ana-Lucia_Cortez\segment_35.wav,False,Action-potential,-0.3499062375850279,-27.658258504368764,-27.308352266783736,REJECT,,False
Ana-Lucia_Cortez,segment_36,C:\Users\Chris Boddy\OneDrive\Documents\Cyber Security and Digital Forensics MSc\Applications of Artificial Intelligence in Cyber Security\Assessment\project\data\1-to-n\test\Ana-Lucia_Cortez\segment_36.wav,False,Action-potential,-0.2100524938749082,-27.56868908155592,-27.358636587681012,REJECT,,False
Ana-Lucia_Cortez,segment_37,C:\Users\Chris Boddy\OneDrive\Documents\Cyber Security and Digital Forensics MSc\Applications of Artificial Intelligence in Cyber Security\Assessment\project\data\1-to-n\test\Ana-Lucia_Cortez\segment_37.wav,False,Action-potential,-0.3549750570404093,-28.747999541288543,-28.393024484248134,REJECT,,False
Ana-Lucia_Cortez,segment_38,C:\Users\Chris Boddy\OneDrive\Documents\Cyber Security and Digital Forensics MSc\Applications of Artificial Intelligence in Cyber Security\Assessment\project\data\1-to-n\test\Ana-Lucia_Cortez\segment_38.wav,False,Action-potential,0.05204313566728658,-28.586444366221745,-28.63848750188903,REJECT,,False
Ana-Lucia_Cortez,segment_39,C:\Users\Chris Boddy\OneDrive\Documents\Cyber Security and Digital Forensics MSc\Applications of Artificial Intelligence in Cyber Security\Assessment\project\data\1-to-n\test\Ana-Lucia_Cortez\segment_39.wav,False,Action-potential,-0.018587415019823084,-28.507846549646878,-28.489259134627055,REJECT,,False
Ana-Lucia_Cortez,segment_4,C:\Users\Chris Boddy\OneDrive\Documents\Cyber Security and Digital Forensics MSc\Applications of Artificial Intelligence in Cyber Security\Assessment\project\data\1-to-n\test\Ana-Lucia_Cortez\segment_4.wav,False,Action-potential,-0.19365000772561913,-28.54342295827427,-28.34977295054865,REJECT,,False
Ana-Lucia_Cortez,segment_40,C:\Users\Chris Boddy\OneDrive\Documents\Cyber Security and Digital Forensics MSc\Applications of Artificial Intelligence in Cyber Security\Assessment\project\data\1-to-n\test\Ana-Lucia_Cortez\segment_40.wav,False,Action-potential,-0.04055360141675379,-27.678317423454462,-27.63776382203771,REJECT,,False
Ana-Lucia_Cortez,segment_41,C:\Users\Chris Boddy\OneDrive\Documents\Cyber Security and Digital Forensics MSc\Applications of Artificial Intelligence in Cyber Security\Assessment\project\data\1-to-n\test\Ana-Lucia_Cortez\segment_41.wav,False,Action-potential,0.35127673334872256,-29.610609740578226,-29.96188647392695,REJECT,,False
Ana-Lucia_Cortez,segment_42,C:\Users\Chris Boddy\OneDrive\Documents\Cyber Security and Digital Forensics MSc\Applications of Artificial Intelligence in Cyber Security\Assessment\project\data\1-to-n\test\Ana-Lucia_Cortez\segment_42.wav,False,Action-potential,0.11711663895225755,-28.908775628178834,-29.02589226713109,REJECT,,False
Ana-Lucia_Cortez,segment_43,C:\Users\Chris Boddy\OneDrive\Documents\Cyber Security and Digital Forensics MSc\Applications of Artificial Intelligence in Cyber Security\Assessment\project\data\1-to-n\test\Ana-Lucia_Cortez\segment_43.wav,False,Action-potential,-0.36583405511536427,-28.153191805570714,-27.78735775045535,REJECT,,False
Ana-Lucia_Cortez,segment_44,C:\Users\Chris Boddy\OneDrive\Documents\Cyber Security and Digital Forensics MSc\Applications of Artificial Intelligence in Cyber Security\Assessment\project\data\1-to-n\test\Ana-Lucia_Cortez\segment_44.wav,False,Action-potential,-0.22633979901619483,-28.31526449064028,-28.088924691624086,REJECT,,False
Ana-Lucia_Cortez,segment_45,C:\Users\Chris Boddy\OneDrive\Documents\Cyber Security and Digital Forensics MSc\Applications of Artificial Intelligence in Cyber Security\Assessment\project\data\1-to-n\test\Ana-Lucia_Cortez\segment_45.wav,False,Action-potential,-0.01543233983392156,-28.99202290277326,-28.97659056293934,REJECT,,False
Ana-Lucia_Cortez,segment_46,C:\Users\Chris Boddy\OneDrive\Documents\Cyber Security and Digital Forensics MSc\Applications of Artificial Intelligence in Cyber Security\Assessment\project\data\1-to-n\test\Ana-Lucia_Cortez\segment_46.wav,False,Action-potential,0.2647052673446062,-28.2368499591166,-28.501555226461207,REJECT,,False
Ana-Lucia_Cortez,segment_47,C:\Users\Chris Boddy\OneDrive\Documents\Cyber Security and Digital Forensics MSc\Applications of Artificial Intelligence in Cyber Security\Assessment\project\data\1-to-n\test\Ana-Lucia_Cortez\segment_47.wav,False,Action-potential,0.15933643777811213,-29.18614062761131,-29.34547706538942,REJECT,,False
Ana-Lucia_Cortez,segment_48,C:\Users\Chris Boddy\OneDrive\Documents\Cyber Security and Digital Forensics MSc\Applications of Artificial Intelligence in Cyber Security\Assessment\project\data\1-to-n\test\Ana-Lucia_Cortez\segment_48.wav,False,Action-potential,-0.0026112809382787816,-28.458761842912658,-28.45615056197438,REJECT,,False
Ana-Lucia_Cortez,segment_49,C:\Users\Chris Boddy\OneDrive\Documents\Cyber Security and Digital Forensics MSc\Applications of Artificial Intelligence in Cyber Security\Assessment\project\data\1-to-n\test\Ana-Lucia_Cortez\segment_49.wav,False,Action-potential,0.213472464665049,-29.792459882583316,-30.005932347248365,REJECT,,False
Ana-Lucia_Cortez,segment_5,C:\Users\Chris Boddy\OneDrive\Documents\Cyber Security and Digital Forensics MSc\Applications of Artificial Intelligence in Cyber Security\Assessment\project\data\1-to-n\test\Ana-Lucia_Cortez\segment_5.wav,False,Action-potential,-0.3138368404924279,-28.3189710835226,-28.005134243030174,REJECT,,False
Ana-Lucia_Cortez,segment_50,C:\Users\Chris Boddy\OneDrive\Documents\Cyber Security and Digital Forensics MSc\Applications of Artificial Intelligence in Cyber Security\Assessment\project\data\1-to-n\test\Ana-Lucia_Cortez\segment_50.wav,False,Action-potential,0.3539229174093279,-28.09487490800888,-28.448797825418207,REJECT,,False
Ana-Lucia_Cortez,segment_51,C:\Users\Chris Boddy\OneDrive\Documents\Cyber Security and Digital Forensics MSc\Applications of Artificial Intelligence in Cyber Security\Assessment\project\data\1-to-n\test\Ana-Lucia_Cortez\segment_51.wav,False,Action-potential,-0.029337922125176163,-28.27920314302705,-28.249865220901874,REJECT,,False
Ana-Lucia_Cortez,segment_6,C:\Users\Chris Boddy\OneDrive\Documents\Cyber Security and Digital Forensics MSc\Applications of Artificial Intelligence in Cyber Security\Assessment\project\data\1-to-n\test\Ana-Lucia_Cortez\segment_6.wav,False,Action-potential,-0.36275431304602535,-27.999834619554996,-27.63708030650897,REJECT,,False
Ana-Lucia_Cortez,segment_7,C:\Users\Chris Boddy\OneDrive\Documents\Cyber Security and Digital Forensics MSc\Applications of Artificial Intelligence in Cyber Security\Assessment\project\data\1-to-n\test\Ana-Lucia_Cortez\segment_7.wav,False,Action-potential,-0.33902205404403674,-28.228559944957897,-27.88953789091386,REJECT,,False
Ana-Lucia_Cortez,segment_8,C:\Users\Chris Boddy\OneDrive\Documents\Cyber Security and Digital Forensics MSc\Applications of Artificial Intelligence in Cyber Security\Assessment\project\data\1-to-n\test\Ana-Lucia_Cortez\segment_8.wav,False,Action-potential,-0.5533872538923816,-27.941337827770973,-27.38795057387859,REJECT,,False
Ana-Lucia_Cortez,segment_9,C:\Users\Chris Boddy\OneDrive\Documents\Cyber Security and Digital Forensics MSc\Applications of Artificial Intelligence in Cyber Security\Assessment\project\data\1-to-n\test\Ana-Lucia_Cortez\segment_9.wav,False,Action-potential,-0.1837080153918862,-27.958894434652283,-27.775186419260397,REJECT,,False
Apple_Eater-20091026-yul,a0052,C:\Users\Chris Boddy\OneDrive\Documents\Cyber Security and Digital Forensics MSc\Applications of Artificial Intelligence in Cyber Security\Assessment\project\data\1-to-n\test\Apple_Eater-20091026-yul\a0052.wav,False,Action-potential,0.3974825403488538,-35.47115123093953,-35.86863377128839,REJECT,,False
Apple_Eater-20091026-yul,a0053,C:\Users\Chris Boddy\OneDrive\Documents\Cyber Security and Digital Forensics MSc\Applications of Artificial Intelligence in Cyber Security\Assessment\project\data\1-to-n\test\Apple_Eater-20091026-yul\a0053.wav,False,Action-potential,0.27458085989037784,-33.98801687384606,-34.262597733736435,REJECT,,False
Apple_Eater-20091026-yul,a0054,C:\Users\Chris Boddy\OneDrive\Documents\Cyber Security and Digital Forensics MSc\Applications of Artificial Intelligence in Cyber Security\Assessment\project\data\1-to-n\test\Apple_Eater-20091026-yul\a0054.wav,False,Action-potential,0.5480515814739491,-36.1356424703085,-36.683694051782446,REJECT,,False
Apple_Eater-20091026-yul,a0055,C:\Users\Chris Boddy\OneDrive\Documents\Cyber Security and Digital Forensics MSc\Applications of Artificial Intelligence in Cyber Security\Assessment\project\data\1-to-n\test\Apple_Eater-20091026-yul\a0055.wav,False,Action-potential,0.4745317139671599,-34.3755294784574,-34.85006119242456,REJECT,,False
Apple_Eater-20091026-yul,a0056,C:\Users\Chris Boddy\OneDrive\Documents\Cyber Security and Digital Forensics MSc\Applications of Artificial Intelligence in Cyber Security\Assessment\project\data\1-to-n\test\Apple_Eater-20091026-yul\a0056.wav,False,Action-potential,0.2737252198706841,-34.92263942288492,-35.196364642755604,REJECT,,False
Apple_Eater-20091026-yul,a0057,C:\Users\Chris Boddy\OneDrive\Documents\Cyber Security and Digital Forensics MSc\Applications of Artificial Intelligence in Cyber Security\Assessment\project\data\1-to-n\test\Apple_Eater-20091026-yul\a0057.wav,False,Action-potential,0.5879509034343258,-35.24251893964819,-35.83046984308252,REJECT,,False
Apple_Eater-20091026-yul,a0058,C:\Users\Chris Boddy\OneDrive\Documents\Cyber Security and Digital Forensics MSc\Applications of Artificial Intelligence in Cyber Security\Assessment\project\data\1-to-n\test\Apple_Eater-20091026-yul\a0058.wav,False,Action-potential,0.2296602846158109,-33.58520519753332,-33.81486548214913,REJECT,,False
Apple_Eater-20091026-yul,a0059,C:\Users\Chris Boddy\OneDrive\Documents\Cyber Security and Digital Forensics MSc\Applications of Artificial Intelligence in Cyber Security\Assessment\project\data\1-to-n\test\Apple_Eater-20091026-yul\a0059.wav,False,Action-potential,0.40674467348795673,-33.6410819482278,-34.04782662171576,REJECT,,False
Apple_Eater-20091026-yul,a0060,C:\Users\Chris Boddy\OneDrive\Documents\Cyber Security and Digital Forensics MSc\Applications of Artificial Intelligence in Cyber Security\Assessment\project\data\1-to-n\test\Apple_Eater-20091026-yul\a0060.wav,False,Action-potential,0.3504635705596897,-33.683127096325975,-34.033590666885665,REJECT,,False
Apple_Eater-20091026-yul,a0061,C:\Users\Chris Boddy\OneDrive\Documents\Cyber Security and Digital Forensics MSc\Applications of Artificial Intelligence in Cyber Security\Assessment\project\data\1-to-n\test\Apple_Eater-20091026-yul\a0061.wav,False,Action-potential,0.3803812440131793,-34.95169501159195,-35.33207625560513,REJECT,,False
Ara-20091021-wpl,ar-16,C:\Users\Chris Boddy\OneDrive\Documents\Cyber Security and Digital Forensics MSc\Applications of Artificial Intelligence in Cyber Security\Assessment\project\data\1-to-n\test\Ara-20091021-wpl\ar-16.wav,False,Action-potential,0.08908889312364465,-30.67546319570552,-30.764552088829166,REJECT,,False
Ara-20091021-wpl,ar-17,C:\Users\Chris Boddy\OneDrive\Documents\Cyber Security and Digital Forensics MSc\Applications of Artificial Intelligence in Cyber Security\Assessment\project\data\1-to-n\test\Ara-20091021-wpl\ar-17.wav,False,Action-potential,0.1861519307550772,-30.935913129046643,-31.12206505980172,REJECT,,False
Ara-20091021-wpl,ar-18,C:\Users\Chris Boddy\OneDrive\Documents\Cyber Security and Digital Forensics MSc\Applications of Artificial Intelligence in Cyber Security\Assessment\project\data\1-to-n\test\Ara-20091021-wpl\ar-18.wav,False,Action-potential,0.018190874309308214,-31.33074876615152,-31.348939640460827,REJECT,,False
Ara-20091021-wpl,ar-19,C:\Users\Chris Boddy\OneDrive\Documents\Cyber Security and Digital Forensics MSc\Applications of Artificial Intelligence in Cyber Security\Assessment\project\data\1-to-n\test\Ara-20091021-wpl\ar-19.wav,False,Action-potential,-0.08086967541405699,-30.651849757809575,-30.57098008239552,REJECT,,False
Ara-20091021-wpl,ar-20,C:\Users\Chris Boddy\OneDrive\Documents\Cyber Security and Digital Forensics MSc\Applications of Artificial Intelligence in Cyber Security\Assessment\project\data\1-to-n\test\Ara-20091021-wpl\ar-20.wav,False,Action-potential,0.06970159297948086,-30.71905952832912,-30.7887611213086,REJECT,,False
Ara-20091021-wpl,ar-21,C:\Users\Chris Boddy\OneDrive\Documents\Cyber Security and Digital Forensics MSc\Applications of Artificial Intelligence in Cyber Security\Assessment\project\data\1-to-n\test\Ara-20091021-wpl\ar-21.wav,False,Action-potential,0.1344909822242606,-30.942520080172198,-31.07701106239646,REJECT,,False
Ara-20091021-wpl,ar-22,C:\Users\Chris Boddy\OneDrive\Documents\Cyber Security and Digital Forensics MSc\Applications of Artificial Intelligence in Cyber Security\Assessment\project\data\1-to-n\test\Ara-20091021-wpl\ar-22.wav,False,Action-potential,-0.0466541109841927,-30.813089526053002,-30.76643541506881,REJECT,,False
Ara-20091021-wpl,ar-23,C:\Users\Chris Boddy\OneDrive\Documents\Cyber Security and Digital Forensics MSc\Applications of Artificial Intelligence in Cyber Security\Assessment\project\data\1-to-n\test\Ara-20091021-wpl\ar-23.wav,False,Action-potential,0.23186193204339034,-30.190374114737015,-30.422236046780405,REJECT,,False
Ara-20091021-wpl,ar-24,C:\Users\Chris Boddy\OneDrive\Documents\Cyber Security and Digital Forensics MSc\Applications of Artificial Intelligence in Cyber Security\Assessment\project\data\1-to-n\test\Ara-20091021-wpl\ar-24.wav,False,Action-potential,0.2671419779458155,-30.73931789529307,-31.006459873238885,REJECT,,False
Ara-20091021-wpl,rb-01,C:\Users\Chris Boddy\OneDrive\Documents\Cyber Security and Digital Forensics MSc\Applications of Artificial Intelligence in Cyber Security\Assessment\project\data\1-to-n\test\Ara-20091021-wpl\rb-01.wav,False,Action-potential,-0.007000336198334622,-30.252666389793628,-30.245666053595293,REJECT,,False
Ara2-20-vni,a0517,C:\Users\Chris Boddy\OneDrive\Documents\Cyber Security and Digital Forensics MSc\Applications of Artificial Intelligence in Cyber Security\Assessment\project\data\1-to-n\test\Ara2-20-vni\a0517.wav,False,Action-potential,0.12783495178277704,-30.99124487179668,-31.119079823579458,REJECT,,False
Ara2-20-vni,a0518,C:\Users\Chris Boddy\OneDrive\Documents\Cyber Security and Digital Forensics MSc\Applications of Artificial Intelligence in Cyber Security\Assessment\project\data\1-to-n\test\Ara2-20-vni\a0518.wav,False,Action-potential,0.19618312732693255,-31.258660698170868,-31.4548438254978,REJECT,,False
Ara2-20-vni,a0519,C:\Users\Chris Boddy\OneDrive\Documents\Cyber Security and Digital Forensics MSc\Applications of Artificial Intelligence in Cyber Security\Assessment\project\data\1-to-n\test\Ara2-20-vni\a0519.wav,False,Action-potential,0.12549157665171506,-31.645281321606742,-31.770772898258457,REJECT,,False
Ara2-20-vni,a0520,C:\Users\Chris Boddy\OneDrive\Documents\Cyber Security and Digital Forensics MSc\Applications of Artificial Intelligence in Cyber Security\Assessment\project\data\1-to-n\test\Ara2-20-vni\a0520.wav,False,Action-potential,0.1317864981980108,-32.54415805435366,-32.67594455255167,REJECT,,False
Ara2-20-vni,a0521,C:\Users\Chris Boddy\OneDrive\Documents\Cyber Security and Digital Forensics MSc\Applications of Artificial Intelligence in Cyber Security\Assessment\project\data\1-to-n\test\Ara2-20-vni\a0521.wav,False,Action-potential,0.23601844398919525,-32.16797248281494,-32.403990926804134,REJECT,,False
Ara2-20-vni,a0522,C:\Users\Chris Boddy\OneDrive\Documents\Cyber Security and Digital Forensics MSc\Applications of Artificial Intelligence in Cyber Security\Assessment\project\data\1-to-n\test\Ara2-20-vni\a0522.wav,False,Action-potential,0.09120494088434228,-31.902046640574845,-31.993251581459187,REJECT,,False
Ara2-20-vni,a0523,C:\Users\Chris Boddy\OneDrive\Documents\Cyber Security and Digital Forensics MSc\Applications of Artificial Intelligence in Cyber Security\Assessment\project\data\1-to-n\test\Ara2-20-vni\a0523.wav,False,Action-potential,0.0919990064969447,-31.826956861489002,-31.918955867985947,REJECT,,False
Ara2-20-vni,a0524,C:\Users\Chris Boddy\OneDrive\Documents\Cyber Security and Digital Forensics MSc\Applications of Artificial Intelligence in Cyber Security\Assessment\project\data\1-to-n\test\Ara2-20-vni\a0524.wav,False,Action-potential,0.06346215230465901,-30.20229570074602,-30.26575785305068,REJECT,,False
Ara2-20-vni,a0525,C:\Users\Chris Boddy\OneDrive\Documents\Cyber Security and Digital Forensics MSc\Applications of Artificial Intelligence in Cyber Security\Assessment\project\data\1-to-n\test\Ara2-20-vni\a0525.wav,False,Action-potential,0.17496726004400287,-31.152522867252408,-31.32749012729641,REJECT,,False
Ara2-20-vni,a0526,C:\Users\Chris Boddy\OneDrive\Documents\Cyber Security and Digital Forensics MSc\Applications of Artificial Intelligence in Cyber Security\Assessment\project\data\1-to-n\test\Ara2-20-vni\a0526.wav,False,Action-potential,0.3397164934218715,-31.58786056472758,-31.927577058149453,REJECT,,False
Baden-Powell_House,segment_1,C:\Users\Chris Boddy\OneDrive\Documents\Cyber Security and Digital Forensics MSc\Applications of Artificial Intelligence in Cyber Security\Assessment\project\data\1-to-n\test\Baden-Powell_House\segment_1.wav,False,Action-potential,-0.3017620942613952,-28.861301768906337,-28.55953967464494,REJECT,,False
Baden-Powell_House,segment_10,C:\Users\Chris Boddy\OneDrive\Documents\Cyber Security and Digital Forensics MSc\Applications of Artificial Intelligence in Cyber Security\Assessment\project\data\1-to-n\test\Baden-Powell_House\segment_10.wav,False,Action-potential,-0.4037424248443209,-29.558297781758863,-29.154555356914543,REJECT,,False
Baden-Powell_House,segment_11,C:\Users\Chris Boddy\OneDrive\Documents\Cyber Security and Digital Forensics MSc\Applications of Artificial Intelligence in Cyber Security\Assessment\project\data\1-to-n\test\Baden-Powell_House\segment_11.wav,False,Action-potential,-0.055881728851499446,-29.684673786418703,-29.628792057567203,REJECT,,False
Baden-Powell_House,segment_12,C:\Users\Chris Boddy\OneDrive\Documents\Cyber Security and Digital Forensics MSc\Applications of Artificial Intelligence in Cyber Security\Assessment\project\data\1-to-n\test\Baden-Powell_House\segment_12.wav,False,Action-potential,-0.14333168659483775,-29.350750516920883,-29.207418830326045,REJECT,,False
Baden-Powell_House,segment_13,C:\Users\Chris Boddy\OneDrive\Documents\Cyber Security and Digital Forensics MSc\Applications of Artificial Intelligence in Cyber Security\Assessment\project\data\1-to-n\test\Baden-Powell_House\segment_13.wav,False,Action-potential,-0.051508641053487736,-29.442560596211802,-29.391051955158314,REJECT,,False
Baden-Powell_House,segment_14,C:\Users\Chris Boddy\OneDrive\Documents\Cyber Security and Digital Forensics MSc\Applications of Artificial Intelligence in Cyber Security\Assessment\project\data\1-to-n\test\Baden-Powell_House\segment_14.wav,False,Action-potential,-0.5998616060882469,-29.93745299809221,-29.33759139200396,REJECT,,False
Baden-Powell_House,segment_15,C:\Users\Chris Boddy\OneDrive\Documents\Cyber Security and Digital Forensics MSc\Applications of Artificial Intelligence in Cyber Security\Assessment\project\data\1-to-n\test\Baden-Powell_House\segment_15.wav,False,Action-potential,-0.35898531649257137,-30.16631649868649,-29.80733118219392,REJECT,,False
Baden-Powell_House,segment_16,C:\Users\Chris Boddy\OneDrive\Documents\Cyber Security and Digital Forensics MSc\Applications of Artificial Intelligence in Cyber Security\Assessment\project\data\1-to-n\test\Baden-Powell_House\segment_16.wav,False,Action-potential,-0.014882684287581327,-29.296264098468875,-29.281381414181293,REJECT,,False
Baden-Powell_House,segment_17,C:\Users\Chris Boddy\OneDrive\Documents\Cyber Security and Digital Forensics MSc\Applications of Artificial Intelligence in Cyber Security\Assessment\project\data\1-to-n\test\Baden-Powell_House\segment_17.wav,False,Action-potential,0.03151073940108162,-29.017928272021194,-29.049439011422276,REJECT,,False
Baden-Powell_House,segment_18,C:\Users\Chris Boddy\OneDrive\Documents\Cyber Security and Digital Forensics MSc\Applications of Artificial Intelligence in Cyber Security\Assessment\project\data\1-to-n\test\Baden-Powell_House\segment_18.wav,False,Action-potential,-0.38343839030020277,-29.424300288317117,-29.040861898016914,REJECT,,False
Baden-Powell_House,segment_19,C:\Users\Chris Boddy\OneDrive\Documents\Cyber Security and Digital Forensics MSc\Applications of Artificial Intelligence in Cyber Security\Assessment\project\data\1-to-n\test\Baden-Powell_House\segment_19.wav,False,Action-potential,0.055562227190044666,-29.419045698795102,-29.474607925985147,REJECT,,False
Baden-Powell_House,segment_2,C:\Users\Chris Boddy\OneDrive\Documents\Cyber Security and Digital Forensics MSc\Applications of Artificial Intelligence in Cyber Security\Assessment\project\data\1-to-n\test\Baden-Powell_House\segment_2.wav,False,Action-potential,-0.6738271423519855,-28.70368027322563,-28.029853130873644,REJECT,,False
Baden-Powell_House,segment_20,C:\Users\Chris Boddy\OneDrive\Documents\Cyber Security and Digital Forensics MSc\Applications of Artificial Intelligence in Cyber Security\Assessment\project\data\1-to-n\test\Baden-Powell_House\segment_20.wav,False,Action-potential,-0.5182633200413562,-29.55675903675465,-29.038495716713292,REJECT,,False
Baden-Powell_House,segment_21,C:\Users\Chris Boddy\OneDrive\Documents\Cyber Security and Digital Forensics MSc\Applications of Artificial Intelligence in Cyber Security\Assessment\project\data\1-to-n\test\Baden-Powell_House\segment_21.wav,False,Action-potential,0.08339995205358974,-29.977445318987698,-30.060845271041288,REJECT,,False
Baden-Powell_House,segment_22,C:\Users\Chris Boddy\OneDrive\Documents\Cyber Security and Digital Forensics MSc\Applications of Artificial Intelligence in Cyber Security\Assessment\project\data\1-to-n\test\Baden-Powell_House\segment_22.wav,False,Action-potential,0.03567044206967651,-29.914155721981498,-29.949826164051174,REJECT,,False
Baden-Powell_House,segment_23,C:\Users\Chris Boddy\OneDrive\Documents\Cyber Security and Digital Forensics MSc\Applications of Artificial Intelligence in Cyber Security\Assessment\project\data\1-to-n\test\Baden-Powell_House\segment_23.wav,False,Action-potential,-0.4668984408473378,-29.17187315605986,-28.704974715212522,REJECT,,False
Baden-Powell_House,segment_24,C:\Users\Chris Boddy\OneDrive\Documents\Cyber Security and Digital Forensics MSc\Applications of Artificial Intelligence in Cyber Security\Assessment\project\data\1-to-n\test\Baden-Powell_House\segment_24.wav,False,Action-potential,-0.3572835983883955,-28.50906614818044,-28.151782549792046,REJECT,,False
Baden-Powell_House,segment_25,C:\Users\Chris Boddy\OneDrive\Documents\Cyber Security and Digital Forensics MSc\Applications of Artificial Intelligence in Cyber Security\Assessment\project\data\1-to-n\test\Baden-Powell_House\segment_25.wav,False,Action-potential,-0.6756703667597961,-29.396654291228668,-28.72098392446887,REJECT,,False
Baden-Powell_House,segment_26,C:\Users\Chris Boddy\OneDrive\Documents\Cyber Security and Digital Forensics MSc\Applications of Artificial Intelligence in Cyber Security\Assessment\project\data\1-to-n\test\Baden-Powell_House\segment_26.wav,False,Action-potential,-0.4010700394278679,-29.626419908364692,-29.225349868936824,REJECT,,False
Baden-Powell_House,segment_27,C:\Users\Chris Boddy\OneDrive\Documents\Cyber Security and Digital Forensics MSc\Applications of Artificial Intelligence in Cyber Security\Assessment\project\data\1-to-n\test\Baden-Powell_House\segment_27.wav,False,Action-potential,-0.053835933399742686,-30.5319382444607,-30.478102311060958,REJECT,,False
Baden-Powell_House,segment_28,C:\Users\Chris Boddy\OneDrive\Documents\Cyber Security and Digital Forensics MSc\Applications of Artificial Intelligence in Cyber Security\Assessment\project\data\1-to-n\test\Baden-Powell_House\segment_28.wav,False,Action-potential,-0.074444891551817,-29.09079724857202,-29.016352357020203,REJECT,,False
Baden-Powell_House,segment_29,C:\Users\Chris Boddy\OneDrive\Documents\Cyber Security and Digital Forensics MSc\Applications of Artificial Intelligence in Cyber Security\Assessment\project\data\1-to-n\test\Baden-Powell_House\segment_29.wav,False,Action-potential,-0.396991252174427,-29.497486932535143,-29.100495680360716,REJECT,,False
Baden-Powell_House,segment_3,C:\Users\Chris Boddy\OneDrive\Documents\Cyber Security and Digital Forensics MSc\Applications of Artificial Intelligence in Cyber Security\Assessment\project\data\1-to-n\test\Baden-Powell_House\segment_3.wav,False,Action-potential,-0.42293612167139827,-29.517055642015134,-29.094119520343735,REJECT,,False
Baden-Powell_House,segment_30,C:\Users\Chris Boddy\OneDrive\Documents\Cyber Security and Digital Forensics MSc\Applications of Artificial Intelligence in Cyber Security\Assessment\project\data\1-to-n\test\Baden-Powell_House\segment_30.wav,False,Action-potential,-0.13056941277871914,-29.297161636151312,-29.166592223372593,REJECT,,False
Baden-Powell_House,segment_31,C:\Users\Chris Boddy\OneDrive\Documents\Cyber Security and Digital Forensics MSc\Applications of Artificial Intelligence in Cyber Security\Assessment\project\data\1-to-n\test\Baden-Powell_House\segment_31.wav,False,Action-potential,-0.6038207346772957,-29.715143118687052,-29.111322384009757,REJECT,,False
Baden-Powell_House,segment_32,C:\Users\Chris Boddy\OneDrive\Documents\Cyber Security and Digital Forensics MSc\Applications of Artificial Intelligence in Cyber Security\Assessment\project\data\1-to-n\test\Baden-Powell_House\segment_32.wav,False,Action-potential,0.007492105714653974,-29.18839093680714,-29.195883042521793,REJECT,,False
Baden-Powell_House,segment_33,C:\Users\Chris Boddy\OneDrive\Documents\Cyber Security and Digital Forensics MSc\Applications of Artificial Intelligence in Cyber Security\Assessment\project\data\1-to-n\test\Baden-Powell_House\segment_33.wav,False,Action-potential,-0.5666795417402923,-28.96797016668276,-28.40129062494247,REJECT,,False
Baden-Powell_House,segment_34,C:\Users\Chris Boddy\OneDrive\Documents\Cyber Security and Digital Forensics MSc\Applications of Artificial Intelligence in Cyber Security\Assessment\project\data\1-to-n\test\Baden-Powell_House\segment_34.wav,False,Action-potential,-0.10664193435503577,-29.40414062264596,-29.297498688290926,REJECT,,False
Baden-Powell_House,segment_35,C:\Users\Chris Boddy\OneDrive\Documents\Cyber Security and Digital Forensics MSc\Applications of Artificial Intelligence in Cyber Security\Assessment\project\data\1-to-n\test\Baden-Powell_House\segment_35.wav,False,Action-potential,-0.06564364132495015,-28.99079702978929,-28.92515338846434,REJECT,,False
Baden-Powell_House,segment_36,C:\Users\Chris Boddy\OneDrive\Documents\Cyber Security and Digital Forensics MSc\Applications of Artificial Intelligence in Cyber Security\Assessment\project\data\1-to-n\test\Baden-Powell_House\segment_36.wav,False,Action-potential,-0.4345712980667038,-29.557648484333136,-29.123077186266432,REJECT,,False
Baden-Powell_House,segment_37,C:\Users\Chris Boddy\OneDrive\Documents\Cyber Security and Digital Forensics MSc\Applications of Artificial Intelligence in Cyber Security\Assessment\project\data\1-to-n\test\Baden-Powell_House\segment_37.wav,False,Action-potential,-0.040354847726259635,-29.84842645087563,-29.80807160314937,REJECT,,False
Baden-Powell_House,segment_38,C:\Users\Chris Boddy\OneDrive\Documents\Cyber Security and Digital Forensics MSc\Applications of Artificial Intelligence in Cyber Security\Assessment\project\data\1-to-n\test\Baden-Powell_House\segment_38.wav,False,Action-potential,-0.01930198085299395,-29.420932429461605,-29.40163044860861,REJECT,,False
Baden-Powell_House,segment_39,C:\Users\Chris Boddy\OneDrive\Documents\Cyber Security and Digital Forensics MSc\Applications of Artificial Intelligence in Cyber Security\Assessment\project\data\1-to-n\test\Baden-Powell_House\segment_39.wav,False,Action-potential,-0.3941293122923639,-29.198260419348028,-28.804131107055664,REJECT,,False
Baden-Powell_House,segment_4,C:\Users\Chris Boddy\OneDrive\Documents\Cyber Security and Digital Forensics MSc\Applications of Artificial Intelligence in Cyber Security\Assessment\project\data\1-to-n\test\Baden-Powell_House\segment_4.wav,False,Action-potential,0.006723318344203477,-29.097148671705117,-29.10387199004932,REJECT,,False
Baden-Powell_House,segment_40,C:\Users\Chris Boddy\OneDrive\Documents\Cyber Security and Digital Forensics MSc\Applications of Artificial Intelligence in Cyber Security\Assessment\project\data\1-to-n\test\Baden-Powell_House\segment_40.wav,False,Action-potential,0.05909666192423657,-29.79747854461098,-29.856575206535215,REJECT,,False
Baden-Powell_House,segment_41,C:\Users\Chris Boddy\OneDrive\Documents\Cyber Security and Digital Forensics MSc\Applications of Artificial Intelligence in Cyber Security\Assessment\project\data\1-to-n\test\Baden-Powell_House\segment_41.wav,False,Action-potential,-0.4880279037978923,-29.529107552708005,-29.041079648910113,REJECT,,False
Baden-Powell_House,segment_42,C:\Users\Chris Boddy\OneDrive\Documents\Cyber Security and Digital Forensics MSc\Applications of Artificial Intelligence in Cyber Security\Assessment\project\data\1-to-n\test\Baden-Powell_House\segment_42.wav,False,Action-potential,-0.6803072222603355,-29.137870736184144,-28.45756351392381,REJECT,,False
Baden-Powell_House,segment_43,C:\Users\Chris Boddy\OneDrive\Documents\Cyber Security and Digital Forensics MSc\Applications of Artificial Intelligence in Cyber Security\Assessment\project\data\1-to-n\test\Baden-Powell_House\segment_43.wav,False,Action-potential,-0.08053796853447537,-29.51201247324457,-29.431474504710096,REJECT,,False
Baden-Powell_House,segment_44,C:\Users\Chris Boddy\OneDrive\Documents\Cyber Security and Digital Forensics MSc\Applications of Artificial Intelligence in Cyber Security\Assessment\project\data\1-to-n\test\Baden-Powell_House\segment_44.wav,False,Action-potential,-0.716969363438583,-28.988511116624572,-28.27154175318599,REJECT,,False
Baden-Powell_House,segment_45,C:\Users\Chris Boddy\OneDrive\Documents\Cyber Security and Digital Forensics MSc\Applications of Artificial Intelligence in Cyber Security\Assessment\project\data\1-to-n\test\Baden-Powell_House\segment_45.wav,False,Action-potential,-0.32787646310538676,-28.722804649147754,-28.394928186042367,REJECT,,False
Baden-Powell_House,segment_46,C:\Users\Chris Boddy\OneDrive\Documents\Cyber Security and Digital Forensics MSc\Applications of Artificial Intelligence in Cyber Security\Assessment\project\data\1-to-n\test\Baden-Powell_House\segment_46.wav,False,Action-potential,-0.15700874908180396,-30.117423969875492,-29.96041522079369,REJECT,,False
Baden-Powell_House,segment_47,C:\Users\Chris Boddy\OneDrive\Documents\Cyber Security and Digital Forensics MSc\Applications of Artificial Intelligence in Cyber Security\Assessment\project\data\1-to-n\test\Baden-Powell_House\segment_47.wav,False,Action-potential,-0.16088429625117584,-29.266008324741104,-29.10512402848993,REJECT,,False
Baden-Powell_House,segment_48,C:\Users\Chris Boddy\OneDrive\Documents\Cyber Security and Digital Forensics MSc\Applications of Artificial Intelligence in Cyber Security\Assessment\project\data\1-to-n\test\Baden-Powell_House\segment_48.wav,False,Action-potential,-0.08021168660411604,-28.88671466620896,-28.806502979604844,REJECT,,False
Baden-Powell_House,segment_49,C:\Users\Chris Boddy\OneDrive\Documents\Cyber Security and Digital Forensics MSc\Applications of Artificial Intelligence in Cyber Security\Assessment\project\data\1-to-n\test\Baden-Powell_House\segment_49.wav,False,Action-potential,-0.07463062846256108,-29.309842689444544,-29.235212060981983,REJECT,,False
Baden-Powell_House,segment_5,C:\Users\Chris Boddy\OneDrive\Documents\Cyber Security and Digital Forensics MSc\Applications of Artificial Intelligence in Cyber Security\Assessment\project\data\1-to-n\test\Baden-Powell_House\segment_5.wav,False,Action-potential,-0.4650953153060833,-29.432217294657573,-28.96712197935149,REJECT,,False
Baden-Powell_House,segment_50,C:\Users\Chris Boddy\OneDrive\Documents\Cyber Security and Digital Forensics MSc\Applications of Artificial Intelligence in Cyber Security\Assessment\project\data\1-to-n\test\Baden-Powell_House\segment_50.wav,False,Action-potential,-0.6601788916270976,-30.084578566914246,-29.424399675287148,REJECT,,False
Baden-Powell_House,segment_51,C:\Users\Chris Boddy\OneDrive\Documents\Cyber Security and Digital Forensics MSc\Applications of Artificial Intelligence in Cyber Security\Assessment\project\data\1-to-n\test\Baden-Powell_House\segment_51.wav,False,Action-potential,-0.016203868249739628,-28.972646246572836,-28.956442378323096,REJECT,,False
Baden-Powell_House,segment_52,C:\Users\Chris Boddy\OneDrive\Documents\Cyber Security and Digital Forensics MSc\Applications of Artificial Intelligence in Cyber Security\Assessment\project\data\1-to-n\test\Baden-Powell_House\segment_52.wav,False,Action-potential,-0.16822969930691656,-29.127351206337497,-28.95912150703058,REJECT,,False
Baden-Powell_House,segment_53,C:\Users\Chris Boddy\OneDrive\Documents\Cyber Security and Digital Forensics MSc\Applications of Artificial Intelligence in Cyber Security\Assessment\project\data\1-to-n\test\Baden-Powell_House\segment_53.wav,False,Action-potential,-0.2714647927604332,-29.69443250626881,-29.422967713508378,REJECT,,False
Baden-Powell_House,segment_54,C:\Users\Chris Boddy\OneDrive\Documents\Cyber Security and Digital Forensics MSc\Applications of Artificial Intelligence in Cyber Security\Assessment\project\data\1-to-n\test\Baden-Powell_House\segment_54.wav,False,Action-potential,-0.06973960187256623,-29.025629977566133,-28.955890375693567,REJECT,,False
Baden-Powell_House,segment_55,C:\Users\Chris Boddy\OneDrive\Documents\Cyber Security and Digital Forensics MSc\Applications of Artificial Intelligence in Cyber Security\Assessment\project\data\1-to-n\test\Baden-Powell_House\segment_55.wav,False,Action-potential,-0.23665261920936587,-27.358299911647002,-27.121647292437636,REJECT,,False
Baden-Powell_House,segment_56,C:\Users\Chris Boddy\OneDrive\Documents\Cyber Security and Digital Forensics MSc\Applications of Artificial Intelligence in Cyber Security\Assessment\project\data\1-to-n\test\Baden-Powell_House\segment_56.wav,False,Action-potential,-0.10370226438564245,-28.780843154419134,-28.677140890033492,REJECT,,False
Baden-Powell_House,segment_57,C:\Users\Chris Boddy\OneDrive\Documents\Cyber Security and Digital Forensics MSc\Applications of Artificial Intelligence in Cyber Security\Assessment\project\data\1-to-n\test\Baden-Powell_House\segment_57.wav,False,Action-potential,-0.06232056066041025,-28.79515061580366,-28.73283005514325,REJECT,,False
Baden-Powell_House,segment_58,C:\Users\Chris Boddy\OneDrive\Documents\Cyber Security and Digital Forensics MSc\Applications of Artificial Intelligence in Cyber Security\Assessment\project\data\1-to-n\test\Baden-Powell_House\segment_58.wav,False,Action-potential,-0.558848260093054,-29.18004648391471,-28.621198223821654,REJECT,,False
Baden-Powell_House,segment_59,C:\Users\Chris Boddy\OneDrive\Documents\Cyber Security and Digital Forensics MSc\Applications of Artificial Intelligence in Cyber Security\Assessment\project\data\1-to-n\test\Baden-Powell_House\segment_59.wav,False,Action-potential,-0.2821877233021972,-29.049319997008624,-28.767132273706427,REJECT,,False
Baden-Powell_House,segment_6,C:\Users\Chris Boddy\OneDrive\Documents\Cyber Security and Digital Forensics MSc\Applications of Artificial Intelligence in Cyber Security\Assessment\project\data\1-to-n\test\Baden-Powell_House\segment_6.wav,False,Action-potential,-0.4683318444155198,-29.10657525974686,-28.638243415331342,REJECT,,False
Baden-Powell_House,segment_60,C:\Users\Chris Boddy\OneDrive\Documents\Cyber Security and Digital Forensics MSc\Applications of Artificial Intelligence in Cyber Security\Assessment\project\data\1-to-n\test\Baden-Powell_House\segment_60.wav,False,Action-potential,-0.18764477786137945,-30.002630305471897,-29.814985527610517,REJECT,,False
Baden-Powell_House,segment_61,C:\Users\Chris Boddy\OneDrive\Documents\Cyber Security and Digital Forensics MSc\Applications of Artificial Intelligence in Cyber Security\Assessment\project\data\1-to-n\test\Baden-Powell_House\segment_61.wav,False,Action-potential,-0.32809198784437754,-29.271305252469507,-28.94321326462513,REJECT,,False
Baden-Powell_House,segment_62,C:\Users\Chris Boddy\OneDrive\Documents\Cyber Security and Digital Forensics MSc\Applications of Artificial Intelligence in Cyber Security\Assessment\project\data\1-to-n\test\Baden-Powell_House\segment_62.wav,False,Action-potential,-0.1421499495801406,-28.988961499409655,-28.846811549829514,REJECT,,False
Baden-Powell_House,segment_63,C:\Users\Chris Boddy\OneDrive\Documents\Cyber Security and Digital Forensics MSc\Applications of Artificial Intelligence in Cyber Security\Assessment\project\data\1-to-n\test\Baden-Powell_House\segment_63.wav,False,Action-potential,-0.1304127106964721,-29.697661789075617,-29.567249078379145,REJECT,,False
Baden-Powell_House,segment_64,C:\Users\Chris Boddy\OneDrive\Documents\Cyber Security and Digital Forensics MSc\Applications of Artificial Intelligence in Cyber Security\Assessment\project\data\1-to-n\test\Baden-Powell_House\segment_64.wav,False,Action-potential,-0.37769797791604987,-29.98112282379116,-29.60342484587511,REJECT,,False
Baden-Powell_House,segment_65,C:\Users\Chris Boddy\OneDrive\Documents\Cyber Security and Digital Forensics MSc\Applications of Artificial Intelligence in Cyber Security\Assessment\project\data\1-to-n\test\Baden-Powell_House\segment_65.wav,False,Action-potential,-0.09769575173010381,-29.59514538386841,-29.497449632138306,REJECT,,False
Baden-Powell_House,segment_66,C:\Users\Chris Boddy\OneDrive\Documents\Cyber Security and Digital Forensics MSc\Applications of Artificial Intelligence in Cyber Security\Assessment\project\data\1-to-n\test\Baden-Powell_House\segment_66.wav,False,Action-potential,-0.07574998714753534,-27.84397826778545,-27.768228280637913,REJECT,,False
Baden-Powell_House,segment_67,C:\Users\Chris Boddy\OneDrive\Documents\Cyber Security and Digital Forensics MSc\Applications of Artificial Intelligence in Cyber Security\Assessment\project\data\1-to-n\test\Baden-Powell_House\segment_67.wav,False,Action-potential,0.003254805388845483,-28.3605556253755,-28.363810430764346,REJECT,,False
Baden-Powell_House,segment_68,C:\Users\Chris Boddy\OneDrive\Documents\Cyber Security and Digital Forensics MSc\Applications of Artificial Intelligence in Cyber Security\Assessment\project\data\1-to-n\test\Baden-Powell_House\segment_68.wav,False,Action-potential,-0.029280477214829403,-29.765260465947755,-29.735979988732925,REJECT,,False
Baden-Powell_House,segment_69,C:\Users\Chris Boddy\OneDrive\Documents\Cyber Security and Digital Forensics MSc\Applications of Artificial Intelligence in Cyber Security\Assessment\project\data\1-to-n\test\Baden-Powell_House\segment_69.wav,False,Action-potential,-0.5927821325793623,-28.475494741507024,-27.882712608927662,REJECT,,False
Baden-Powell_House,segment_7,C:\Users\Chris Boddy\OneDrive\Documents\Cyber Security and Digital Forensics MSc\Applications of Artificial Intelligence in Cyber Security\Assessment\project\data\1-to-n\test\Baden-Powell_House\segment_7.wav,False,Action-potential,0.11256095564676727,-29.73672045411126,-29.849281409758028,REJECT,,False
Baden-Powell_House,segment_70,C:\Users\Chris Boddy\OneDrive\Documents\Cyber Security and Digital Forensics MSc\Applications of Artificial Intelligence in Cyber Security\Assessment\project\data\1-to-n\test\Baden-Powell_House\segment_70.wav,False,Action-potential,-0.2519805992145585,-27.721822058593652,-27.469841459379094,REJECT,,False
Baden-Powell_House,segment_8,C:\Users\Chris Boddy\OneDrive\Documents\Cyber Security and Digital Forensics MSc\Applications of Artificial Intelligence in Cyber Security\Assessment\project\data\1-to-n\test\Baden-Powell_House\segment_8.wav,False,Action-potential,-0.5688942145402613,-29.610839218979127,-29.041945004438865,REJECT,,False
Baden-Powell_House,segment_9,C:\Users\Chris Boddy\OneDrive\Documents\Cyber Security and Digital Forensics MSc\Applications of Artificial Intelligence in Cyber Security\Assessment\project\data\1-to-n\test\Baden-Powell_House\segment_9.wav,False,Action-potential,-0.128510325147829,-28.267581205507277,-28.139070880359448,REJECT,,False
Beverage-can_stove,segment_1,C:\Users\Chris Boddy\OneDrive\Documents\Cyber Security and Digital Forensics MSc\Applications of Artificial Intelligence in Cyber Security\Assessment\project\data\1-to-n\test\Beverage-can_stove\segment_1.wav,False,Action-potential,-0.0006974987200329963,-28.143018184318144,-28.14232068559811,REJECT,,False
Beverage-can_stove,segment_10,C:\Users\Chris Boddy\OneDrive\Documents\Cyber Security and Digital Forensics MSc\Applications of Artificial Intelligence in Cyber Security\Assessment\project\data\1-to-n\test\Beverage-can_stove\segment_10.wav,False,Action-potential,-0.10804513370565871,-26.96612387273333,-26.858078739027672,REJECT,,False
Beverage-can_stove,segment_11,C:\Users\Chris Boddy\OneDrive\Documents\Cyber Security and Digital Forensics MSc\Applications of Artificial Intelligence in Cyber Security\Assessment\project\data\1-to-n\test\Beverage-can_stove\segment_11.wav,False,Action-potential,0.028734250463145372,-26.235243183514328,-26.263977433977473,ACCEPT,Action-potential,False
Beverage-can_stove,segment_12,C:\Users\Chris Boddy\OneDrive\Documents\Cyber Security and Digital Forensics MSc\Applications of Artificial Intelligence in Cyber Security\Assessment\project\data\1-to-n\test\Beverage-can_stove\segment_12.wav,False,Action-potential,0.008177888386075693,-27.9533718103054,-27.961549698691474,ACCEPT,Action-potential,False
Beverage-can_stove,segment_13,C:\Users\Chris Boddy\OneDrive\Documents\Cyber Security and Digital Forensics MSc\Applications of Artificial Intelligence in Cyber Security\Assessment\project\data\1-to-n\test\Beverage-can_stove\segment_13.wav,False,Action-potential,-0.03921724685772432,-27.653826525924686,-27.61460927906696,REJECT,,False
Beverage-can_stove,segment_14,C:\Users\Chris Boddy\OneDrive\Documents\Cyber Security and Digital Forensics MSc\Applications of Artificial Intelligence in Cyber Security\Assessment\project\data\1-to-n\test\Beverage-can_stove\segment_14.wav,False,Action-potential,-0.14488901311272429,-27.514472399262047,-27.369583386149323,REJECT,,False
Beverage-can_stove,segment_15,C:\Users\Chris Boddy\OneDrive\Documents\Cyber Security and Digital Forensics MSc\Applications of Artificial Intelligence in Cyber Security\Assessment\project\data\1-to-n\test\Beverage-can_stove\segment_15.wav,False,Action-potential,-0.08520443379191178,-26.708731947377796,-26.623527513585884,REJECT,,False
Beverage-can_stove,segment_16,C:\Users\Chris Boddy\OneDrive\Documents\Cyber Security and Digital Forensics MSc\Applications of Artificial Intelligence in Cyber Security\Assessment\project\data\1-to-n\test\Beverage-can_stove\segment_16.wav,False,Action-potential,-0.024614889485768288,-26.932769666162446,-26.908154776676678,REJECT,,False
Beverage-can_stove,segment_17,C:\Users\Chris Boddy\OneDrive\Documents\Cyber Security and Digital Forensics MSc\Applications of Artificial Intelligence in Cyber Security\Assessment\project\data\1-to-n\test\Beverage-can_stove\segment_17.wav,False,Action-potential,-0.02914145223150655,-26.23636911039633,-26.207227658164822,REJECT,,False
Beverage-can_stove,segment_18,C:\Users\Chris Boddy\OneDrive\Documents\Cyber Security and Digital Forensics MSc\Applications of Artificial Intelligence in Cyber Security\Assessment\project\data\1-to-n\test\Beverage-can_stove\segment_18.wav,False,Action-potential,0.020602195128944345,-27.894765356367962,-27.915367551496907,ACCEPT,Action-potential,False
Beverage-can_stove,segment_19,C:\Users\Chris Boddy\OneDrive\Documents\Cyber Security and Digital Forensics MSc\Applications of Artificial Intelligence in Cyber Security\Assessment\project\data\1-to-n\test\Beverage-can_stove\segment_19.wav,False,Action-potential,-0.06773692279440269,-27.093083818329895,-27.025346895535492,REJECT,,False
Beverage-can_stove,segment_2,C:\Users\Chris Boddy\OneDrive\Documents\Cyber Security and Digital Forensics MSc\Applications of Artificial Intelligence in Cyber Security\Assessment\project\data\1-to-n\test\Beverage-can_stove\segment_2.wav,False,Action-potential,-0.22393717215943454,-28.07469842434208,-27.850761252182647,REJECT,,False
Beverage-can_stove,segment_20,C:\Users\Chris Boddy\OneDrive\Documents\Cyber Security and Digital Forensics MSc\Applications of Artificial Intelligence in Cyber Security\Assessment\project\data\1-to-n\test\Beverage-can_stove\segment_20.wav,False,Action-potential,-0.07612968628267325,-26.028503490422008,-25.952373804139334,REJECT,,False
Beverage-can_stove,segment_21,C:\Users\Chris Boddy\OneDrive\Documents\Cyber Security and Digital Forensics MSc\Applications of Artificial Intelligence in Cyber Security\Assessment\project\data\1-to-n\test\Beverage-can_stove\segment_21.wav,False,Action-potential,-0.00219016340714262,-25.99405367573314,-25.991863512326,REJECT,,False
Beverage-can_stove,segment_22,C:\Users\Chris Boddy\OneDrive\Documents\Cyber Security and Digital Forensics MSc\Applications of Artificial Intelligence in Cyber Security\Assessment\project\data\1-to-n\test\Beverage-can_stove\segment_22.wav,False,Action-potential,-0.10833670604561618,-26.941303611264367,-26.83296690521875,REJECT,,False
Beverage-can_stove,segment_23,C:\Users\Chris Boddy\OneDrive\Documents\Cyber Security and Digital Forensics MSc\Applications of Artificial Intelligence in Cyber Security\Assessment\project\data\1-to-n\test\Beverage-can_stove\segment_23.wav,False,Action-potential,-0.05929856339821171,-26.189634734220895,-26.130336170822684,REJECT,,False
Beverage-can_stove,segment_24,C:\Users\Chris Boddy\OneDrive\Documents\Cyber Security and Digital Forensics MSc\Applications of Artificial Intelligence in Cyber Security\Assessment\project\data\1-to-n\test\Beverage-can_stove\segment_24.wav,False,Action-potential,0.05172920963508787,-27.850561650635242,-27.90229086027033,ACCEPT,Action-potential,False
Beverage-can_stove,segment_25,C:\Users\Chris Boddy\OneDrive\Documents\Cyber Security and Digital Forensics MSc\Applications of Artificial Intelligence in Cyber Security\Assessment\project\data\1-to-n\test\Beverage-can_stove\segment_25.wav,False,Action-potential,-0.10309702647967711,-25.772329422095826,-25.66923239561615,REJECT,,False
Beverage-can_stove,segment_26,C:\Users\Chris Boddy\OneDrive\Documents\Cyber Security and Digital Forensics MSc\Applications of Artificial Intelligence in Cyber Security\Assessment\project\data\1-to-n\test\Beverage-can_stove\segment_26.wav,False,Action-potential,-0.05306230895607911,-26.70802334881477,-26.65496103985869,REJECT,,False
Beverage-can_stove,segment_27,C:\Users\Chris Boddy\OneDrive\Documents\Cyber Security and Digital Forensics MSc\Applications of Artificial Intelligence in Cyber Security\Assessment\project\data\1-to-n\test\Beverage-can_stove\segment_27.wav,False,Action-potential,0.04933846159636346,-25.640823616537283,-25.690162078133646,ACCEPT,Action-potential,False
Beverage-can_stove,segment_28,C:\Users\Chris Boddy\OneDrive\Documents\Cyber Security and Digital Forensics MSc\Applications of Artificial Intelligence in Cyber Security\Assessment\project\data\1-to-n\test\Beverage-can_stove\segment_28.wav,False,Action-potential,-0.06793266476453752,-25.181775811374077,-25.11384314660954,REJECT,,False
Beverage-can_stove,segment_29,C:\Users\Chris Boddy\OneDrive\Documents\Cyber Security and Digital Forensics MSc\Applications of Artificial Intelligence in Cyber Security\Assessment\project\data\1-to-n\test\Beverage-can_stove\segment_29.wav,False,Action-potential,-0.03474270244240074,-25.48757366605957,-25.45283096361717,REJECT,,False
Beverage-can_stove,segment_3,C:\Users\Chris Boddy\OneDrive\Documents\Cyber Security and Digital Forensics MSc\Applications of Artificial Intelligence in Cyber Security\Assessment\project\data\1-to-n\test\Beverage-can_stove\segment_3.wav,False,Action-potential,0.009832699484096707,-27.43374114040165,-27.443573839885747,ACCEPT,Action-potential,False
Beverage-can_stove,segment_30,C:\Users\Chris Boddy\OneDrive\Documents\Cyber Security and Digital Forensics MSc\Applications of Artificial Intelligence in Cyber Security\Assessment\project\data\1-to-n\test\Beverage-can_stove\segment_30.wav,False,Action-potential,0.00925160613985554,-26.08751825584747,-26.096769861987326,ACCEPT,Action-potential,False
Beverage-can_stove,segment_31,C:\Users\Chris Boddy\OneDrive\Documents\Cyber Security and Digital Forensics MSc\Applications of Artificial Intelligence in Cyber Security\Assessment\project\data\1-to-n\test\Beverage-can_stove\segment_31.wav,False,Action-potential,-0.23452893398482288,-25.122401988393886,-24.887873054409063,REJECT,,False
Beverage-can_stove,segment_32,C:\Users\Chris Boddy\OneDrive\Documents\Cyber Security and Digital Forensics MSc\Applications of Artificial Intelligence in Cyber Security\Assessment\project\data\1-to-n\test\Beverage-can_stove\segment_32.wav,False,Action-potential,0.04575477363242442,-26.11735881207125,-26.163113585703673,ACCEPT,Action-potential,False
Beverage-can_stove,segment_33,C:\Users\Chris Boddy\OneDrive\Documents\Cyber Security and Digital Forensics MSc\Applications of Artificial Intelligence in Cyber Security\Assessment\project\data\1-to-n\test\Beverage-can_stove\segment_33.wav,False,Action-potential,-0.217261398540451,-25.660001805112337,-25.442740406571886,REJECT,,False
Beverage-can_stove,segment_34,C:\Users\Chris Boddy\OneDrive\Documents\Cyber Security and Digital Forensics MSc\Applications of Artificial Intelligence in Cyber Security\Assessment\project\data\1-to-n\test\Beverage-can_stove\segment_34.wav,False,Action-potential,-0.11657011775161052,-25.662600366884114,-25.546030249132503,REJECT,,False
Beverage-can_stove,segment_35,C:\Users\Chris Boddy\OneDrive\Documents\Cyber Security and Digital Forensics MSc\Applications of Artificial Intelligence in Cyber Security\Assessment\project\data\1-to-n\test\Beverage-can_stove\segment_35.wav,False,Action-potential,-0.14192671039457494,-25.518286050172602,-25.376359339778027,REJECT,,False
Beverage-can_stove,segment_36,C:\Users\Chris Boddy\OneDrive\Documents\Cyber Security and Digital Forensics MSc\Applications of Artificial Intelligence in Cyber Security\Assessment\project\data\1-to-n\test\Beverage-can_stove\segment_36.wav,False,Action-potential,0.01874773355199366,-26.483879191065945,-26.50262692461794,ACCEPT,Action-potential,False
Beverage-can_stove,segment_37,C:\Users\Chris Boddy\OneDrive\Documents\Cyber Security and Digital Forensics MSc\Applications of Artificial Intelligence in Cyber Security\Assessment\project\data\1-to-n\test\Beverage-can_stove\segment_37.wav,False,Action-potential,-0.07647463939091281,-25.607591627019584,-25.53111698762867,REJECT,,False
Beverage-can_stove,segment_38,C:\Users\Chris Boddy\OneDrive\Documents\Cyber Security and Digital Forensics MSc\Applications of Artificial Intelligence in Cyber Security\Assessment\project\data\1-to-n\test\Beverage-can_stove\segment_38.wav,False,Action-potential,-0.23181003527211175,-25.937771590056492,-25.70596155478438,REJECT,,False
Beverage-can_stove,segment_39,C:\Users\Chris Boddy\OneDrive\Documents\Cyber Security and Digital Forensics MSc\Applications of Artificial Intelligence in Cyber Security\Assessment\project\data\1-to-n\test\Beverage-can_stove\segment_39.wav,False,Action-potential,-0.1672408050443117,-26.48323555354645,-26.31599474850214,REJECT,,False
Beverage-can_stove,segment_4,C:\Users\Chris Boddy\OneDrive\Documents\Cyber Security and Digital Forensics MSc\Applications of Artificial Intelligence in Cyber Security\Assessment\project\data\1-to-n\test\Beverage-can_stove\segment_4.wav,False,Action-potential,-0.056297736434345325,-27.492320460446532,-27.436022724012187,REJECT,,False
Beverage-can_stove,segment_40,C:\Users\Chris Boddy\OneDrive\Documents\Cyber Security and Digital Forensics MSc\Applications of Artificial Intelligence in Cyber Security\Assessment\project\data\1-to-n\test\Beverage-can_stove\segment_40.wav,False,Action-potential,-0.019056810769978227,-26.100324586775635,-26.081267776005657,REJECT,,False
Beverage-can_stove,segment_41,C:\Users\Chris Boddy\OneDrive\Documents\Cyber Security and Digital Forensics MSc\Applications of Artificial Intelligence in Cyber Security\Assessment\project\data\1-to-n\test\Beverage-can_stove\segment_41.wav,False,Action-potential,-0.11437577495117068,-25.009131442870018,-24.894755667918847,REJECT,,False
Beverage-can_stove,segment_42,C:\Users\Chris Boddy\OneDrive\Documents\Cyber Security and Digital Forensics MSc\Applications of Artificial Intelligence in Cyber Security\Assessment\project\data\1-to-n\test\Beverage-can_stove\segment_42.wav,False,Action-potential,-0.2258411423937332,-25.690024680744,-25.464183538350266,REJECT,,False
Beverage-can_stove,segment_43,C:\Users\Chris Boddy\OneDrive\Documents\Cyber Security and Digital Forensics MSc\Applications of Artificial Intelligence in Cyber Security\Assessment\project\data\1-to-n\test\Beverage-can_stove\segment_43.wav,False,Action-potential,-0.22188318120349848,-25.898154914731514,-25.676271733528015,REJECT,,False
Beverage-can_stove,segment_44,C:\Users\Chris Boddy\OneDrive\Documents\Cyber Security and Digital Forensics MSc\Applications of Artificial Intelligence in Cyber Security\Assessment\project\data\1-to-n\test\Beverage-can_stove\segment_44.wav,False,Action-potential,-0.1699057408279181,-26.395631056399015,-26.225725315571097,REJECT,,False
Beverage-can_stove,segment_45,C:\Users\Chris Boddy\OneDrive\Documents\Cyber Security and Digital Forensics MSc\Applications of Artificial Intelligence in Cyber Security\Assessment\project\data\1-to-n\test\Beverage-can_stove\segment_45.wav,False,Action-potential,-0.20109723430149984,-25.98720333005394,-25.78610609575244,REJECT,,False
Beverage-can_stove,segment_46,C:\Users\Chris Boddy\OneDrive\Documents\Cyber Security and Digital Forensics MSc\Applications of Artificial Intelligence in Cyber Security\Assessment\project\data\1-to-n\test\Beverage-can_stove\segment_46.wav,False,Action-potential,0.011549281487692298,-27.285952706820723,-27.297501988308415,ACCEPT,Action-potential,False
Beverage-can_stove,segment_47,C:\Users\Chris Boddy\OneDrive\Documents\Cyber Security and Digital Forensics MSc\Applications of Artificial Intelligence in Cyber Security\Assessment\project\data\1-to-n\test\Beverage-can_stove\segment_47.wav,False,Action-potential,0.000704672408371465,-27.2450626255017,-27.24576729791007,ACCEPT,Action-potential,False
Beverage-can_stove,segment_48,C:\Users\Chris Boddy\OneDrive\Documents\Cyber Security and Digital Forensics MSc\Applications of Artificial Intelligence in Cyber Security\Assessment\project\data\1-to-n\test\Beverage-can_stove\segment_48.wav,False,Action-potential,-0.015520582777106995,-26.275130779627258,-26.25961019685015,REJECT,,False
Beverage-can_stove,segment_49,C:\Users\Chris Boddy\OneDrive\Documents\Cyber Security and Digital Forensics MSc\Applications of Artificial Intelligence in Cyber Security\Assessment\project\data\1-to-n\test\Beverage-can_stove\segment_49.wav,False,Action-potential,0.028212059131629275,-26.513534542280997,-26.541746601412626,ACCEPT,Action-potential,False
Beverage-can_stove,segment_5,C:\Users\Chris Boddy\OneDrive\Documents\Cyber Security and Digital Forensics MSc\Applications of Artificial Intelligence in Cyber Security\Assessment\project\data\1-to-n\test\Beverage-can_stove\segment_5.wav,False,Action-potential,-0.0734166570349899,-28.554027615141383,-28.480610958106393,REJECT,,False
Beverage-can_stove,segment_50,C:\Users\Chris Boddy\OneDrive\Documents\Cyber Security and Digital Forensics MSc\Applications of Artificial Intelligence in Cyber Security\Assessment\project\data\1-to-n\test\Beverage-can_stove\segment_50.wav,False,Action-potential,-0.019014589091220557,-25.752253769433732,-25.733239180342512,REJECT,,False
Beverage-can_stove,segment_51,C:\Users\Chris Boddy\OneDrive\Documents\Cyber Security and Digital Forensics MSc\Applications of Artificial Intelligence in Cyber Security\Assessment\project\data\1-to-n\test\Beverage-can_stove\segment_51.wav,False,Action-potential,0.04809282076104893,-28.221551330011696,-28.269644150772745,REJECT,,False
Beverage-can_stove,segment_52,C:\Users\Chris Boddy\OneDrive\Documents\Cyber Security and Digital Forensics MSc\Applications of Artificial Intelligence in Cyber Security\Assessment\project\data\1-to-n\test\Beverage-can_stove\segment_52.wav,False,Action-potential,-0.11877779472507655,-26.212659429367424,-26.093881634642347,REJECT,,False
Beverage-can_stove,segment_53,C:\Users\Chris Boddy\OneDrive\Documents\Cyber Security and Digital Forensics MSc\Applications of Artificial Intelligence in Cyber Security\Assessment\project\data\1-to-n\test\Beverage-can_stove\segment_53.wav,False,Action-potential,-0.08362826945907997,-27.21253856551946,-27.12891029606038,REJECT,,False
Beverage-can_stove,segment_54,C:\Users\Chris Boddy\OneDrive\Documents\Cyber Security and Digital Forensics MSc\Applications of Artificial Intelligence in Cyber Security\Assessment\project\data\1-to-n\test\Beverage-can_stove\segment_54.wav,False,Action-potential,0.10067208487441448,-28.632357518132945,-28.73302960300736,REJECT,,False
Beverage-can_stove,segment_55,C:\Users\Chris Boddy\OneDrive\Documents\Cyber Security and Digital Forensics MSc\Applications of Artificial Intelligence in Cyber Security\Assessment\project\data\1-to-n\test\Beverage-can_stove\segment_55.wav,False,Action-potential,-0.10911804216176435,-27.52179465346936,-27.412676611307596,REJECT,,False
Beverage-can_stove,segment_56,C:\Users\Chris Boddy\OneDrive\Documents\Cyber Security and Digital Forensics MSc\Applications of Artificial Intelligence in Cyber Security\Assessment\project\data\1-to-n\test\Beverage-can_stove\segment_56.wav,False,Action-potential,-0.002128569463671681,-28.94938690490703,-28.947258335443358,REJECT,,False
Beverage-can_stove,segment_57,C:\Users\Chris Boddy\OneDrive\Documents\Cyber Security and Digital Forensics MSc\Applications of Artificial Intelligence in Cyber Security\Assessment\project\data\1-to-n\test\Beverage-can_stove\segment_57.wav,False,Action-potential,0.037216662542657986,-28.90029109127328,-28.93750775381594,REJECT,,False
Beverage-can_stove,segment_58,C:\Users\Chris Boddy\OneDrive\Documents\Cyber Security and Digital Forensics MSc\Applications of Artificial Intelligence in Cyber Security\Assessment\project\data\1-to-n\test\Beverage-can_stove\segment_58.wav,False,Action-potential,0.13319501023179825,-29.72277729538947,-29.85597230562127,REJECT,,False
Beverage-can_stove,segment_59,C:\Users\Chris Boddy\OneDrive\Documents\Cyber Security and Digital Forensics MSc\Applications of Artificial Intelligence in Cyber Security\Assessment\project\data\1-to-n\test\Beverage-can_stove\segment_59.wav,False,Action-potential,-0.3806306460615403,-27.99387719916389,-27.61324655310235,REJECT,,False
Beverage-can_stove,segment_6,C:\Users\Chris Boddy\OneDrive\Documents\Cyber Security and Digital Forensics MSc\Applications of Artificial Intelligence in Cyber Security\Assessment\project\data\1-to-n\test\Beverage-can_stove\segment_6.wav,False,Action-potential,-0.023406332947182307,-27.368188505131812,-27.34478217218463,REJECT,,False
Beverage-can_stove,segment_60,C:\Users\Chris Boddy\OneDrive\Documents\Cyber Security and Digital Forensics MSc\Applications of Artificial Intelligence in Cyber Security\Assessment\project\data\1-to-n\test\Beverage-can_stove\segment_60.wav,False,Action-potential,-0.06660577337389739,-26.96047055377723,-26.893864780403334,REJECT,,False
Beverage-can_stove,segment_7,C:\Users\Chris Boddy\OneDrive\Documents\Cyber Security and Digital Forensics MSc\Applications of Artificial Intelligence in Cyber Security\Assessment\project\data\1-to-n\test\Beverage-can_stove\segment_7.wav,False,Action-potential,0.007394451888881548,-27.815640945990214,-27.823035397879096,ACCEPT,Action-potential,False
Beverage-can_stove,segment_8,C:\Users\Chris Boddy\OneDrive\Documents\Cyber Security and Digital Forensics MSc\Applications of Artificial Intelligence in Cyber Security\Assessment\project\data\1-to-n\test\Beverage-can_stove\segment_8.wav,False,Action-potential,-0.06550973769641288,-27.579104799730764,-27.51359506203435,REJECT,,False
Beverage-can_stove,segment_9,C:\Users\Chris Boddy\OneDrive\Documents\Cyber Security and Digital Forensics MSc\Applications of Artificial Intelligence in Cyber Security\Assessment\project\data\1-to-n\test\Beverage-can_stove\segment_9.wav,False,Action-potential,-0.010582016632948665,-28.457882759721485,-28.447300743088537,REJECT,,False
Davy-Crockett,segment_1,C:\Users\Chris Boddy\OneDrive\Documents\Cyber Security and Digital Forensics MSc\Applications of Artificial Intelligence in Cyber Security\Assessment\project\data\1-to-n\test\Davy-Crockett\segment_1.wav,False,Action-potential,0.5208230939510052,-25.457217247610668,-25.978040341561673,ACCEPT,Action-potential,False
Davy-Crockett,segment_10,C:\Users\Chris Boddy\OneDrive\Documents\Cyber Security and Digital Forensics MSc\Applications of Artificial Intelligence in Cyber Security\Assessment\project\data\1-to-n\test\Davy-Crockett\segment_10.wav,False,Action-potential,0.1404797564512208,-24.473512850142207,-24.613992606593428,ACCEPT,Action-potential,False
Davy-Crockett,segment_11,C:\Users\Chris Boddy\OneDrive\Documents\Cyber Security and Digital Forensics MSc\Applications of Artificial Intelligence in Cyber Security\Assessment\project\data\1-to-n\test\Davy-Crockett\segment_11.wav,False,Action-potential,0.3187820650410167,-25.37240576443754,-25.691187829478558,ACCEPT,Action-potential,False
Davy-Crockett,segment_12,C:\Users\Chris Boddy\OneDrive\Documents\Cyber Security and Digital Forensics MSc\Applications of Artificial Intelligence in Cyber Security\Assessment\project\data\1-to-n\test\Davy-Crockett\segment_12.wav,False,Action-potential,0.08147099902178212,-25.048857476468118,-25.1303284754899,ACCEPT,Action-potential,False
Davy-Crockett,segment_13,C:\Users\Chris Boddy\OneDrive\Documents\Cyber Security and Digital Forensics MSc\Applications of Artificial Intelligence in Cyber Security\Assessment\project\data\1-to-n\test\Davy-Crockett\segment_13.wav,False,Action-potential,0.12929754554359363,-25.081660580001905,-25.2109581255455,ACCEPT,Action-potential,False
Davy-Crockett,segment_14,C:\Users\Chris Boddy\OneDrive\Documents\Cyber Security and Digital Forensics MSc\Applications of Artificial Intelligence in Cyber Security\Assessment\project\data\1-to-n\test\Davy-Crockett\segment_14.wav,False,Action-potential,0.14469267986026324,-24.987610395091764,-25.132303074952027,ACCEPT,Action-potential,False
Davy-Crockett,segment_15,C:\Users\Chris Boddy\OneDrive\Documents\Cyber Security and Digital Forensics MSc\Applications of Artificial Intelligence in Cyber Security\Assessment\project\data\1-to-n\test\Davy-Crockett\segment_15.wav,False,Action-potential,0.08626679823925443,-25.15991240223821,-25.246179200477464,ACCEPT,Action-potential,False
Davy-Crockett,segment_16,C:\Users\Chris Boddy\OneDrive\Documents\Cyber Security and Digital Forensics MSc\Applications of Artificial Intelligence in Cyber Security\Assessment\project\data\1-to-n\test\Davy-Crockett\segment_16.wav,False,Action-potential,0.06587796861050066,-24.441394608375003,-24.507272576985503,ACCEPT,Action-potential,False
Davy-Crockett,segment_17,C:\Users\Chris Boddy\OneDrive\Documents\Cyber Security and Digital Forensics MSc\Applications of Artificial Intelligence in Cyber Security\Assessment\project\data\1-to-n\test\Davy-Crockett\segment_17.wav,False,Action-potential,0.12011358615645307,-25.317910907203306,-25.43802449335976,ACCEPT,Action-potential,False
Davy-Crockett,segment_18,C:\Users\Chris Boddy\OneDrive\Documents\Cyber Security and Digital Forensics MSc\Applications of Artificial Intelligence in Cyber Security\Assessment\project\data\1-to-n\test\Davy-Crockett\segment_18.wav,False,Action-potential,0.06017474637601694,-25.256768605046155,-25.31694335142217,ACCEPT,Action-potential,False
Davy-Crockett,segment_19,C:\Users\Chris Boddy\OneDrive\Documents\Cyber Security and Digital Forensics MSc\Applications of Artificial Intelligence in Cyber Security\Assessment\project\data\1-to-n\test\Davy-Crockett\segment_19.wav,False,Action-potential,0.13256940119193672,-24.693651478123506,-24.826220879315443,ACCEPT,Action-potential,False
Davy-Crockett,segment_2,C:\Users\Chris Boddy\OneDrive\Documents\Cyber Security and Digital Forensics MSc\Applications of Artificial Intelligence in Cyber Security\Assessment\project\data\1-to-n\test\Davy-Crockett\segment_2.wav,False,Action-potential,0.2509977452719454,-24.52532688039307,-24.776324625665016,ACCEPT,Action-potential,False
Davy-Crockett,segment_20,C:\Users\Chris Boddy\OneDrive\Documents\Cyber Security and Digital Forensics MSc\Applications of Artificial Intelligence in Cyber Security\Assessment\project\data\1-to-n\test\Davy-Crockett\segment_20.wav,False,Action-potential,0.13881126512307773,-24.712307500821616,-24.851118765944694,ACCEPT,Action-potential,False
Davy-Crockett,segment_21,C:\Users\Chris Boddy\OneDrive\Documents\Cyber Security and Digital Forensics MSc\Applications of Artificial Intelligence in Cyber Security\Assessment\project\data\1-to-n\test\Davy-Crockett\segment_21.wav,False,Action-potential,0.0976757742919645,-24.69594447987959,-24.793620254171554,ACCEPT,Action-potential,False
Davy-Crockett,segment_22,C:\Users\Chris Boddy\OneDrive\Documents\Cyber Security and Digital Forensics MSc\Applications of Artificial Intelligence in Cyber Security\Assessment\project\data\1-to-n\test\Davy-Crockett\segment_22.wav,False,Action-potential,0.1418734839823763,-24.81803324465568,-24.959906728638057,ACCEPT,Action-potential,False
Davy-Crockett,segment_23,C:\Users\Chris Boddy\OneDrive\Documents\Cyber Security and Digital Forensics MSc\Applications of Artificial Intelligence in Cyber Security\Assessment\project\data\1-to-n\test\Davy-Crockett\segment_23.wav,False,Action-potential,0.1391435317526657,-25.56928035703514,-25.708423888787806,ACCEPT,Action-potential,False
Davy-Crockett,segment_24,C:\Users\Chris Boddy\OneDrive\Documents\Cyber Security and Digital Forensics MSc\Applications of Artificial Intelligence in Cyber Security\Assessment\project\data\1-to-n\test\Davy-Crockett\segment_24.wav,False,Action-potential,0.14985375220042485,-25.109068021730575,-25.258921773931,ACCEPT,Action-potential,False
Davy-Crockett,segment_25,C:\Users\Chris Boddy\OneDrive\Documents\Cyber Security and Digital Forensics MSc\Applications of Artificial Intelligence in Cyber Security\Assessment\project\data\1-to-n\test\Davy-Crockett\segment_25.wav,False,Action-potential,0.09533256778737353,-25.27482054741214,-25.370153115199514,ACCEPT,Action-potential,False
Davy-Crockett,segment_26,C:\Users\Chris Boddy\OneDrive\Documents\Cyber Security and Digital Forensics MSc\Applications of Artificial Intelligence in Cyber Security\Assessment\project\data\1-to-n\test\Davy-Crockett\segment_26.wav,False,Action-potential,0.04233589528931958,-25.190321761770416,-25.232657657059736,ACCEPT,Action-potential,False
Davy-Crockett,segment_27,C:\Users\Chris Boddy\OneDrive\Documents\Cyber Security and Digital Forensics MSc\Applications of Artificial Intelligence in Cyber Security\Assessment\project\data\1-to-n\test\Davy-Crockett\segment_27.wav,False,Action-potential,0.25064132145722695,-25.08339039716411,-25.334031718621336,ACCEPT,Action-potential,False
Davy-Crockett,segment_28,C:\Users\Chris Boddy\OneDrive\Documents\Cyber Security and Digital Forensics MSc\Applications of Artificial Intelligence in Cyber Security\Assessment\project\data\1-to-n\test\Davy-Crockett\segment_28.wav,False,Action-potential,0.19765762078688454,-25.213455618159315,-25.4111132389462,ACCEPT,Action-potential,False
Davy-Crockett,segment_29,C:\Users\Chris Boddy\OneDrive\Documents\Cyber Security and Digital Forensics MSc\Applications of Artificial Intelligence in Cyber Security\Assessment\project\data\1-to-n\test\Davy-Crockett\segment_29.wav,False,Action-potential,0.040005650189151254,-25.617814538152242,-25.657820188341393,ACCEPT,Action-potential,False
Davy-Crockett,segment_3,C:\Users\Chris Boddy\OneDrive\Documents\Cyber Security and Digital Forensics MSc\Applications of Artificial Intelligence in Cyber Security\Assessment\project\data\1-to-n\test\Davy-Crockett\segment_3.wav,False,Action-potential,0.1810025178032646,-25.04447014495771,-25.225472662760975,ACCEPT,Action-potential,False
Davy-Crockett,segment_30,C:\Users\Chris Boddy\OneDrive\Documents\Cyber Security and Digital Forensics MSc\Applications of Artificial Intelligence in Cyber Security\Assessment\project\data\1-to-n\test\Davy-Crockett\segment_30.wav,False,Action-potential,0.09688226096360708,-24.20502470807992,-24.30190696904353,ACCEPT,Action-potential,False
Davy-Crockett,segment_31,C:\Users\Chris Boddy\OneDrive\Documents\Cyber Security and Digital Forensics MSc\Applications of Artificial Intelligence in Cyber Security\Assessment\project\data\1-to-n\test\Davy-Crockett\segment_31.wav,False,Action-potential,0.08691162439355438,-25.986063474794474,-26.072975099188028,ACCEPT,Action-potential,False
Davy-Crockett,segment_32,C:\Users\Chris Boddy\OneDrive\Documents\Cyber Security and Digital Forensics MSc\Applications of Artificial Intelligence in Cyber Security\Assessment\project\data\1-to-n\test\Davy-Crockett\segment_32.wav,False,Action-potential,0.1874159060627143,-24.881632370912126,-25.06904827697484,ACCEPT,Action-potential,False
Davy-Crockett,segment_33,C:\Users\Chris Boddy\OneDrive\Documents\Cyber Security and Digital Forensics MSc\Applications of Artificial Intelligence in Cyber Security\Assessment\project\data\1-to-n\test\Davy-Crockett\segment_33.wav,False,Action-potential,0.05212691282060433,-25.194899620844208,-25.247026533664812,ACCEPT,Action-potential,False
Davy-Crockett,segment_34,C:\Users\Chris Boddy\OneDrive\Documents\Cyber Security and Digital Forensics MSc\Applications of Artificial Intelligence in Cyber Security\Assessment\project\data\1-to-n\test\Davy-Crockett\segment_34.wav,False,Action-potential,0.1185936551494784,-24.889178746254576,-25.007772401404054,ACCEPT,Action-potential,False
Davy-Crockett,segment_35,C:\Users\Chris Boddy\OneDrive\Documents\Cyber Security and Digital Forensics MSc\Applications of Artificial Intelligence in Cyber Security\Assessment\project\data\1-to-n\test\Davy-Crockett\segment_35.wav,False,Action-potential,0.06784729228228414,-25.49928725629565,-25.567134548577933,ACCEPT,Action-potential,False
Davy-Crockett,segment_36,C:\Users\Chris Boddy\OneDrive\Documents\Cyber Security and Digital Forensics MSc\Applications of Artificial Intelligence in Cyber Security\Assessment\project\data\1-to-n\test\Davy-Crockett\segment_36.wav,False,Action-potential,0.14845979918670338,-25.652121369467377,-25.80058116865408,ACCEPT,Action-potential,False
Davy-Crockett,segment_37,C:\Users\Chris Boddy\OneDrive\Documents\Cyber Security and Digital Forensics MSc\Applications of Artificial Intelligence in Cyber Security\Assessment\project\data\1-to-n\test\Davy-Crockett\segment_37.wav,False,Action-potential,0.17429799201708107,-25.43065242302743,-25.60495041504451,ACCEPT,Action-potential,False
Davy-Crockett,segment_38,C:\Users\Chris Boddy\OneDrive\Documents\Cyber Security and Digital Forensics MSc\Applications of Artificial Intelligence in Cyber Security\Assessment\project\data\1-to-n\test\Davy-Crockett\segment_38.wav,False,Action-potential,0.12974540794471778,-24.19602121865087,-24.325766626595588,ACCEPT,Action-potential,False
Davy-Crockett,segment_39,C:\Users\Chris Boddy\OneDrive\Documents\Cyber Security and Digital Forensics MSc\Applications of Artificial Intelligence in Cyber Security\Assessment\project\data\1-to-n\test\Davy-Crockett\segment_39.wav,False,Action-potential,0.11249173640149479,-24.942240774121622,-25.054732510523117,ACCEPT,Action-potential,False
Davy-Crockett,segment_4,C:\Users\Chris Boddy\OneDrive\Documents\Cyber Security and Digital Forensics MSc\Applications of Artificial Intelligence in Cyber Security\Assessment\project\data\1-to-n\test\Davy-Crockett\segment_4.wav,False,Action-potential,0.3333496933730551,-24.87710817021446,-25.210457863587514,ACCEPT,Action-potential,False
Davy-Crockett,segment_40,C:\Users\Chris Boddy\OneDrive\Documents\Cyber Security and Digital Forensics MSc\Applications of Artificial Intelligence in Cyber Security\Assessment\project\data\1-to-n\test\Davy-Crockett\segment_40.wav,False,Action-potential,0.10449072597613096,-25.13329356784893,-25.23778429382506,ACCEPT,Action-potential,False
Davy-Crockett,segment_41,C:\Users\Chris Boddy\OneDrive\Documents\Cyber Security and Digital Forensics MSc\Applications of Artificial Intelligence in Cyber Security\Assessment\project\data\1-to-n\test\Davy-Crockett\segment_41.wav,False,Action-potential,0.20930351675343317,-25.193491227301166,-25.4027947440546,ACCEPT,Action-potential,False
Davy-Crockett,segment_42,C:\Users\Chris Boddy\OneDrive\Documents\Cyber Security and Digital Forensics MSc\Applications of Artificial Intelligence in Cyber Security\Assessment\project\data\1-to-n\test\Davy-Crockett\segment_42.wav,False,Action-potential,0.13278311782793395,-24.312631498674513,-24.445414616502447,ACCEPT,Action-potential,False
Davy-Crockett,segment_43,C:\Users\Chris Boddy\OneDrive\Documents\Cyber Security and Digital Forensics MSc\Applications of Artificial Intelligence in Cyber Security\Assessment\project\data\1-to-n\test\Davy-Crockett\segment_43.wav,False,Action-potential,0.051951462236292656,-24.18162178382903,-24.233573246065323,ACCEPT,Action-potential,False
Davy-Crockett,segment_44,C:\Users\Chris Boddy\OneDrive\Documents\Cyber Security and Digital Forensics MSc\Applications of Artificial Intelligence in Cyber Security\Assessment\project\data\1-to-n\test\Davy-Crockett\segment_44.wav,False,Action-potential,0.16906723084193587,-24.611750322377375,-24.78081755321931,ACCEPT,Action-potential,False
Davy-Crockett,segment_45,C:\Users\Chris Boddy\OneDrive\Documents\Cyber Security and Digital Forensics MSc\Applications of Artificial Intelligence in Cyber Security\Assessment\project\data\1-to-n\test\Davy-Crockett\segment_45.wav,False,Action-potential,0.21204548067015594,-24.36693539047892,-24.578980871149074,ACCEPT,Action-potential,False
Davy-Crockett,segment_46,C:\Users\Chris Boddy\OneDrive\Documents\Cyber Security and Digital Forensics MSc\Applications of Artificial Intelligence in Cyber Security\Assessment\project\data\1-to-n\test\Davy-Crockett\segment_46.wav,False,Action-potential,0.10478418632134989,-24.30266105631107,-24.40744524263242,ACCEPT,Action-potential,False
Davy-Crockett,segment_47,C:\Users\Chris Boddy\OneDrive\Documents\Cyber Security and Digital Forensics MSc\Applications of Artificial Intelligence in Cyber Security\Assessment\project\data\1-to-n\test\Davy-Crockett\segment_47.wav,False,Action-potential,0.10509444757047604,-23.960262755960297,-24.065357203530773,ACCEPT,Action-potential,False
Davy-Crockett,segment_48,C:\Users\Chris Boddy\OneDrive\Documents\Cyber Security and Digital Forensics MSc\Applications of Artificial Intelligence in Cyber Security\Assessment\project\data\1-to-n\test\Davy-Crockett\segment_48.wav,False,Action-potential,0.13766585604559012,-24.402729672554464,-24.540395528600055,ACCEPT,Action-potential,False
Davy-Crockett,segment_49,C:\Users\Chris Boddy\OneDrive\Documents\Cyber Security and Digital Forensics MSc\Applications of Artificial Intelligence in Cyber Security\Assessment\project\data\1-to-n\test\Davy-Crockett\segment_49.wav,False,Action-potential,0.16271229600926773,-24.084381346115496,-24.247093642124764,ACCEPT,Action-potential,False
Davy-Crockett,segment_5,C:\Users\Chris Boddy\OneDrive\Documents\Cyber Security and Digital Forensics MSc\Applications of Artificial Intelligence in Cyber Security\Assessment\project\data\1-to-n\test\Davy-Crockett\segment_5.wav,False,Action-potential,0.19654649861742968,-26.170260614040544,-26.366807112657973,ACCEPT,Action-potential,False
Davy-Crockett,segment_50,C:\Users\Chris Boddy\OneDrive\Documents\Cyber Security and Digital Forensics MSc\Applications of Artificial Intelligence in Cyber Security\Assessment\project\data\1-to-n\test\Davy-Crockett\segment_50.wav,False,Action-potential,0.6706672408831444,-25.305919634637668,-25.976586875520812,ACCEPT,Action-potential,False
Davy-Crockett,segment_6,C:\Users\Chris Boddy\OneDrive\Documents\Cyber Security and Digital Forensics MSc\Applications of Artificial Intelligence in Cyber Security\Assessment\project\data\1-to-n\test\Davy-Crockett\segment_6.wav,False,Action-potential,0.1683818193572577,-25.148374231872914,-25.316756051230172,ACCEPT,Action-potential,False
Davy-Crockett,segment_7,C:\Users\Chris Boddy\OneDrive\Documents\Cyber Security and Digital Forensics MSc\Applications of Artificial Intelligence in Cyber Security\Assessment\project\data\1-to-n\test\Davy-Crockett\segment_7.wav,False,Action-potential,0.20085939712348733,-25.31760253446163,-25.51846193158512,ACCEPT,Action-potential,False
Davy-Crockett,segment_8,C:\Users\Chris Boddy\OneDrive\Documents\Cyber Security and Digital Forensics MSc\Applications of Artificial Intelligence in Cyber Security\Assessment\project\data\1-to-n\test\Davy-Crockett\segment_8.wav,False,Action-potential,0.06065270249721877,-24.966454190727728,-25.027106893224946,ACCEPT,Action-potential,False
Davy-Crockett,segment_9,C:\Users\Chris Boddy\OneDrive\Documents\Cyber Security and Digital Forensics MSc\Applications of Artificial Intelligence in Cyber Security\Assessment\project\data\1-to-n\test\Davy-Crockett\segment_9.wav,False,Action-potential,0.24457802623795644,-25.695596246073496,-25.940174272311452,ACCEPT,Action-potential,False
anthonyschaller-20071221-,a0491,C:\Users\Chris Boddy\OneDrive\Documents\Cyber Security and Digital Forensics MSc\Applications of Artificial Intelligence in Cyber Security\Assessment\project\data\1-to-n\test\anthonyschaller-20071221-\a0491.wav,False,Action-potential,0.06602631335201892,-30.974712588679736,-31.040738902031755,REJECT,,False
anthonyschaller-20071221-,a0492,C:\Users\Chris Boddy\OneDrive\Documents\Cyber Security and Digital Forensics MSc\Applications of Artificial Intelligence in Cyber Security\Assessment\project\data\1-to-n\test\anthonyschaller-20071221-\a0492.wav,False,Action-potential,0.11699601133251747,-30.18878022788419,-30.30577623921671,REJECT,,False
anthonyschaller-20071221-,a0493,C:\Users\Chris Boddy\OneDrive\Documents\Cyber Security and Digital Forensics MSc\Applications of Artificial Intelligence in Cyber Security\Assessment\project\data\1-to-n\test\anthonyschaller-20071221-\a0493.wav,False,Action-potential,0.1507665349883034,-29.854821889609983,-30.005588424598287,REJECT,,False
anthonyschaller-20071221-,a0494,C:\Users\Chris Boddy\OneDrive\Documents\Cyber Security and Digital Forensics MSc\Applications of Artificial Intelligence in Cyber Security\Assessment\project\data\1-to-n\test\anthonyschaller-20071221-\a0494.wav,False,Action-potential,0.22727449370663777,-29.633288874416873,-29.86056336812351,REJECT,,False
anthonyschaller-20071221-,a0495,C:\Users\Chris Boddy\OneDrive\Documents\Cyber Security and Digital Forensics MSc\Applications of Artificial Intelligence in Cyber Security\Assessment\project\data\1-to-n\test\anthonyschaller-20071221-\a0495.wav,False,Action-potential,-0.05057334273759295,-28.656042336556563,-28.60546899381897,REJECT,,False
anthonyschaller-20071221-,a0496,C:\Users\Chris Boddy\OneDrive\Documents\Cyber Security and Digital Forensics MSc\Applications of Artificial Intelligence in Cyber Security\Assessment\project\data\1-to-n\test\anthonyschaller-20071221-\a0496.wav,False,Action-potential,0.12189787011847741,-28.642949239319226,-28.764847109437703,REJECT,,False
anthonyschaller-20071221-,a0497,C:\Users\Chris Boddy\OneDrive\Documents\Cyber Security and Digital Forensics MSc\Applications of Artificial Intelligence in Cyber Security\Assessment\project\data\1-to-n\test\anthonyschaller-20071221-\a0497.wav,False,Action-potential,-0.03012251103243102,-29.965542683534178,-29.935420172501747,REJECT,,False
anthonyschaller-20071221-,a0498,C:\Users\Chris Boddy\OneDrive\Documents\Cyber Security and Digital Forensics MSc\Applications of Artificial Intelligence in Cyber Security\Assessment\project\data\1-to-n\test\anthonyschaller-20071221-\a0498.wav,False,Action-potential,-0.20119994003788833,-29.65802905374878,-29.456829113710892,REJECT,,False
anthonyschaller-20071221-,a0499,C:\Users\Chris Boddy\OneDrive\Documents\Cyber Security and Digital Forensics MSc\Applications of Artificial Intelligence in Cyber Security\Assessment\project\data\1-to-n\test\anthonyschaller-20071221-\a0499.wav,False,Action-potential,0.20329856537281543,-29.704972127943954,-29.90827069331677,REJECT,,False
anthonyschaller-20071221-,a0500,C:\Users\Chris Boddy\OneDrive\Documents\Cyber Security and Digital Forensics MSc\Applications of Artificial Intelligence in Cyber Security\Assessment\project\data\1-to-n\test\anthonyschaller-20071221-\a0500.wav,False,Action-potential,0.3340404482331607,-30.7421345029326,-31.07617495116576,REJECT,,False
atamur-20090211-wdo,a0539,C:\Users\Chris Boddy\OneDrive\Documents\Cyber Security and Digital Forensics MSc\Applications of Artificial Intelligence in Cyber Security\Assessment\project\data\1-to-n\test\atamur-20090211-wdo\a0539.wav,False,Action-potential,0.01596326145956084,-32.11976096650505,-32.13572422796461,REJECT,,False
atamur-20090211-wdo,a0540,C:\Users\Chris Boddy\OneDrive\Documents\Cyber Security and Digital Forensics MSc\Applications of Artificial Intelligence in Cyber Security\Assessment\project\data\1-to-n\test\atamur-20090211-wdo\a0540.wav,False,Action-potential,-0.01046448767787922,-31.70613119441376,-31.69566670673588,REJECT,,False
atamur-20090211-wdo,a0541,C:\Users\Chris Boddy\OneDrive\Documents\Cyber Security and Digital Forensics MSc\Applications of Artificial Intelligence in Cyber Security\Assessment\project\data\1-to-n\test\atamur-20090211-wdo\a0541.wav,False,Action-potential,0.2002626777383938,-34.631495664121715,-34.83175834186011,REJECT,,False
atamur-20090211-wdo,a0542,C:\Users\Chris Boddy\OneDrive\Documents\Cyber Security and Digital Forensics MSc\Applications of Artificial Intelligence in Cyber Security\Assessment\project\data\1-to-n\test\atamur-20090211-wdo\a0542.wav,False,Action-potential,-0.03210636676683265,-33.00593513933223,-32.9738287725654,REJECT,,False
atamur-20090211-wdo,a0543,C:\Users\Chris Boddy\OneDrive\Documents\Cyber Security and Digital Forensics MSc\Applications of Artificial Intelligence in Cyber Security\Assessment\project\data\1-to-n\test\atamur-20090211-wdo\a0543.wav,False,Action-potential,0.045090369079410664,-32.52088327491713,-32.56597364399654,REJECT,,False
atamur-20090211-wdo,a0544,C:\Users\Chris Boddy\OneDrive\Documents\Cyber Security and Digital Forensics MSc\Applications of Artificial Intelligence in Cyber Security\Assessment\project\data\1-to-n\test\atamur-20090211-wdo\a0544.wav,False,Action-potential,-0.08840440700298302,-33.4989919075612,-33.410587500558215,REJECT,,False
atamur-20090211-wdo,a0545,C:\Users\Chris Boddy\OneDrive\Documents\Cyber Security and Digital Forensics MSc\Applications of Artificial Intelligence in Cyber Security\Assessment\project\data\1-to-n\test\atamur-20090211-wdo\a0545.wav,False,Action-potential,-0.022810679781834153,-33.65578614582225,-33.63297546604041,REJECT,,False
atamur-20090211-wdo,a0546,C:\Users\Chris Boddy\OneDrive\Documents\Cyber Security and Digital Forensics MSc\Applications of Artificial Intelligence in Cyber Security\Assessment\project\data\1-to-n\test\atamur-20090211-wdo\a0546.wav,False,Action-potential,0.05653300781904136,-32.323748953684415,-32.38028196150346,REJECT,,False
atamur-20090211-wdo,a0547,C:\Users\Chris Boddy\OneDrive\Documents\Cyber Security and Digital Forensics MSc\Applications of Artificial Intelligence in Cyber Security\Assessment\project\data\1-to-n\test\atamur-20090211-wdo\a0547.wav,False,Action-potential,-0.06150538184976995,-32.66757452317658,-32.60606914132681,REJECT,,False
atamur-20090211-wdo,a0548,C:\Users\Chris Boddy\OneDrive\Documents\Cyber Security and Digital Forensics MSc\Applications of Artificial Intelligence in Cyber Security\Assessment\project\data\1-to-n\test\atamur-20090211-wdo\a0548.wav,False,Action-potential,-0.016796619745750974,-31.619762797721176,-31.602966177975425,REJECT,,False
ataru80-20120624-hfe,a0077,C:\Users\Chris Boddy\OneDrive\Documents\Cyber Security and Digital Forensics MSc\Applications of Artificial Intelligence in Cyber Security\Assessment\project\data\1-to-n\test\ataru80-20120624-hfe\a0077.wav,False,Action-potential,0.24279471197664293,-32.23497855362812,-32.47777326560476,REJECT,,False
ataru80-20120624-hfe,a0078,C:\Users\Chris Boddy\OneDrive\Documents\Cyber Security and Digital Forensics MSc\Applications of Artificial Intelligence in Cyber Security\Assessment\project\data\1-to-n\test\ataru80-20120624-hfe\a0078.wav,False,Action-potential,0.3079206217490942,-30.668588089849916,-30.97650871159901,REJECT,,False
ataru80-20120624-hfe,a0079,C:\Users\Chris Boddy\OneDrive\Documents\Cyber Security and Digital Forensics MSc\Applications of Artificial Intelligence in Cyber Security\Assessment\project\data\1-to-n\test\ataru80-20120624-hfe\a0079.wav,False,Action-potential,0.4000074663050839,-32.150456243890574,-32.55046371019566,REJECT,,False
ataru80-20120624-hfe,a0080,C:\Users\Chris Boddy\OneDrive\Documents\Cyber Security and Digital Forensics MSc\Applications of Artificial Intelligence in Cyber Security\Assessment\project\data\1-to-n\test\ataru80-20120624-hfe\a0080.wav,False,Action-potential,0.48683587774864634,-32.05656957593894,-32.54340545368758,REJECT,,False
ataru80-20120624-hfe,a0081,C:\Users\Chris Boddy\OneDrive\Documents\Cyber Security and Digital Forensics MSc\Applications of Artificial Intelligence in Cyber Security\Assessment\project\data\1-to-n\test\ataru80-20120624-hfe\a0081.wav,False,Action-potential,0.16088710873355438,-31.935336261025903,-32.09622336975946,REJECT,,False
ataru80-20120624-hfe,a0082,C:\Users\Chris Boddy\OneDrive\Documents\Cyber Security and Digital Forensics MSc\Applications of Artificial Intelligence in Cyber Security\Assessment\project\data\1-to-n\test\ataru80-20120624-hfe\a0082.wav,False,Action-potential,0.40998790965416987,-33.05059744481618,-33.460585354470346,REJECT,,False
ataru80-20120624-hfe,a0083,C:\Users\Chris Boddy\OneDrive\Documents\Cyber Security and Digital Forensics MSc\Applications of Artificial Intelligence in Cyber Security\Assessment\project\data\1-to-n\test\ataru80-20120624-hfe\a0083.wav,False,Action-potential,0.12443939471825871,-32.11283003409653,-32.23726942881479,REJECT,,False
ataru80-20120624-hfe,a0084,C:\Users\Chris Boddy\OneDrive\Documents\Cyber Security and Digital Forensics MSc\Applications of Artificial Intelligence in Cyber Security\Assessment\project\data\1-to-n\test\ataru80-20120624-hfe\a0084.wav,False,Action-potential,0.2446578212120052,-30.167785330295814,-30.41244315150782,REJECT,,False
ataru80-20120624-hfe,a0085,C:\Users\Chris Boddy\OneDrive\Documents\Cyber Security and Digital Forensics MSc\Applications of Artificial Intelligence in Cyber Security\Assessment\project\data\1-to-n\test\ataru80-20120624-hfe\a0085.wav,False,Action-potential,0.32138620906519577,-32.36052369628875,-32.68190990535395,REJECT,,False
ataru80-20120624-hfe,a0086,C:\Users\Chris Boddy\OneDrive\Documents\Cyber Security and Digital Forensics MSc\Applications of Artificial Intelligence in Cyber Security\Assessment\project\data\1-to-n\test\ataru80-20120624-hfe\a0086.wav,False,Action-potential,0.11704491968153974,-31.773075072059,-31.89011999174054,REJECT,,False
atterer-01202007-b,vf21-01,C:\Users\Chris Boddy\OneDrive\Documents\Cyber Security and Digital Forensics MSc\Applications of Artificial Intelligence in Cyber Security\Assessment\project\data\1-to-n\test\atterer-01202007-b\vf21-01.wav,False,Action-potential,0.09728926282262051,-33.995534108416635,-34.092823371239255,REJECT,,False
atterer-01202007-b,vf21-02,C:\Users\Chris Boddy\OneDrive\Documents\Cyber Security and Digital Forensics MSc\Applications of Artificial Intelligence in Cyber Security\Assessment\project\data\1-to-n\test\atterer-01202007-b\vf21-02.wav,False,Action-potential,0.16289269510455284,-32.029560013817566,-32.19245270892212,REJECT,,False
atterer-01202007-b,vf21-03,C:\Users\Chris Boddy\OneDrive\Documents\Cyber Security and Digital Forensics MSc\Applications of Artificial Intelligence in Cyber Security\Assessment\project\data\1-to-n\test\atterer-01202007-b\vf21-03.wav,False,Action-potential,0.18115314569615037,-32.77250985882752,-32.95366300452367,REJECT,,False
atterer-01202007-b,vf21-04,C:\Users\Chris Boddy\OneDrive\Documents\Cyber Security and Digital Forensics MSc\Applications of Artificial Intelligence in Cyber Security\Assessment\project\data\1-to-n\test\atterer-01202007-b\vf21-04.wav,False,Action-potential,0.21037508665081361,-31.781312626491985,-31.9916877131428,REJECT,,False
atterer-01202007-b,vf21-05,C:\Users\Chris Boddy\OneDrive\Documents\Cyber Security and Digital Forensics MSc\Applications of Artificial Intelligence in Cyber Security\Assessment\project\data\1-to-n\test\atterer-01202007-b\vf21-05.wav,False,Action-potential,0.057797963007310216,-34.50594557883813,-34.56374354184544,REJECT,,False
atterer-01202007-b,vf21-06,C:\Users\Chris Boddy\OneDrive\Documents\Cyber Security and Digital Forensics MSc\Applications of Artificial Intelligence in Cyber Security\Assessment\project\data\1-to-n\test\atterer-01202007-b\vf21-06.wav,False,Action-potential,0.06925048747755369,-34.22708516205861,-34.29633564953616,REJECT,,False
atterer-01202007-b,vf21-07,C:\Users\Chris Boddy\OneDrive\Documents\Cyber Security and Digital Forensics MSc\Applications of Artificial Intelligence in Cyber Security\Assessment\project\data\1-to-n\test\atterer-01202007-b\vf21-07.wav,False,Action-potential,0.0996122302640714,-32.910210270620226,-33.0098225008843,REJECT,,False
atterer-01202007-b,vf21-08,C:\Users\Chris Boddy\OneDrive\Documents\Cyber Security and Digital Forensics MSc\Applications of Artificial Intelligence in Cyber Security\Assessment\project\data\1-to-n\test\atterer-01202007-b\vf21-08.wav,False,Action-potential,0.10179195929729445,-32.01010691558933,-32.11189887488663,REJECT,,False
atterer-01202007-b,vf21-09,C:\Users\Chris Boddy\OneDrive\Documents\Cyber Security and Digital Forensics MSc\Applications of Artificial Intelligence in Cyber Security\Assessment\project\data\1-to-n\test\atterer-01202007-b\vf21-09.wav,False,Action-potential,0.024767267116594383,-33.10675779737238,-33.131525064488976,REJECT,,False
atterer-01202007-b,vf21-10,C:\Users\Chris Boddy\OneDrive\Documents\Cyber Security and Digital Forensics MSc\Applications of Artificial Intelligence in Cyber Security\Assessment\project\data\1-to-n\test\atterer-01202007-b\vf21-10.wav,False,Action-potential,0.17491985251703923,-31.71565988947845,-31.890579741995488,REJECT,,False
atterer-01202007-b,vf21-11,C:\Users\Chris Boddy\OneDrive\Documents\Cyber Security and Digital Forensics MSc\Applications of Artificial Intelligence in Cyber Security\Assessment\project\data\1-to-n\test\atterer-01202007-b\vf21-11.wav,False,Action-potential,0.04109133683633104,-34.51006856479802,-34.55115990163435,REJECT,,False
atterer-01202007-b,vf21-12,C:\Users\Chris Boddy\OneDrive\Documents\Cyber Security and Digital Forensics MSc\Applications of Artificial Intelligence in Cyber Security\Assessment\project\data\1-to-n\test\atterer-01202007-b\vf21-12.wav,False,Action-potential,0.1321599267052278,-33.77983315223942,-33.91199307894465,REJECT,,False
atterer-01202007-b,vf21-13,C:\Users\Chris Boddy\OneDrive\Documents\Cyber Security and Digital Forensics MSc\Applications of Artificial Intelligence in Cyber Security\Assessment\project\data\1-to-n\test\atterer-01202007-b\vf21-13.wav,False,Action-potential,0.010262771545889393,-32.299606237474684,-32.309869009020574,REJECT,,False
atterer-01202007-b,vf21-14,C:\Users\Chris Boddy\OneDrive\Documents\Cyber Security and Digital Forensics MSc\Applications of Artificial Intelligence in Cyber Security\Assessment\project\data\1-to-n\test\atterer-01202007-b\vf21-14.wav,False,Action-potential,0.14151416645245973,-32.906230901930826,-33.047745068383286,REJECT,,False
atterer-01202007-b,vf21-15,C:\Users\Chris Boddy\OneDrive\Documents\Cyber Security and Digital Forensics MSc\Applications of Artificial Intelligence in Cyber Security\Assessment\project\data\1-to-n\test\atterer-01202007-b\vf21-15.wav,False,Action-potential,-0.00955870445329765,-32.57551652600558,-32.56595782155228,REJECT,,False
atterer-01202007-b,vf21-16,C:\Users\Chris Boddy\OneDrive\Documents\Cyber Security and Digital Forensics MSc\Applications of Artificial Intelligence in Cyber Security\Assessment\project\data\1-to-n\test\atterer-01202007-b\vf21-16.wav,False,Action-potential,0.15723269138780083,-31.12627530893955,-31.283508000327352,REJECT,,False
atterer-01202007-b,vf21-17,C:\Users\Chris Boddy\OneDrive\Documents\Cyber Security and Digital Forensics MSc\Applications of Artificial Intelligence in Cyber Security\Assessment\project\data\1-to-n\test\atterer-01202007-b\vf21-17.wav,False,Action-potential,-0.01630871400541878,-33.278373936976536,-33.26206522297112,REJECT,,False
atterer-01202007-b,vf21-18,C:\Users\Chris Boddy\OneDrive\Documents\Cyber Security and Digital Forensics MSc\Applications of Artificial Intelligence in Cyber Security\Assessment\project\data\1-to-n\test\atterer-01202007-b\vf21-18.wav,False,Action-potential,0.08501253373790263,-32.25100993937953,-32.33602247311743,REJECT,,False
atterer-01202007-b,vf21-19,C:\Users\Chris Boddy\OneDrive\Documents\Cyber Security and Digital Forensics MSc\Applications of Artificial Intelligence in Cyber Security\Assessment\project\data\1-to-n\test\atterer-01202007-b\vf21-19.wav,False,Action-potential,0.15928693979584807,-34.74521976387615,-34.904506703672,REJECT,,False
atterer-01202007-b,vf21-20,C:\Users\Chris Boddy\OneDrive\Documents\Cyber Security and Digital Forensics MSc\Applications of Artificial Intelligence in Cyber Security\Assessment\project\data\1-to-n\test\atterer-01202007-b\vf21-20.wav,False,Action-potential,0.47858038493495414,-30.868147722467683,-31.346728107402637,REJECT,,False
atterer-01202007-b,vf21-21,C:\Users\Chris Boddy\OneDrive\Documents\Cyber Security and Digital Forensics MSc\Applications of Artificial Intelligence in Cyber Security\Assessment\project\data\1-to-n\test\atterer-01202007-b\vf21-21.wav,False,Action-potential,0.22665457755575602,-33.634793459715844,-33.8614480372716,REJECT,,False
atterer-01202007-b,vf21-22,C:\Users\Chris Boddy\OneDrive\Documents\Cyber Security and Digital Forensics MSc\Applications of Artificial Intelligence in Cyber Security\Assessment\project\data\1-to-n\test\atterer-01202007-b\vf21-22.wav,False,Action-potential,0.1845766794195285,-32.59965717154973,-32.78423385096926,REJECT,,False
atterer-01202007-b,vf21-23,C:\Users\Chris Boddy\OneDrive\Documents\Cyber Security and Digital Forensics MSc\Applications of Artificial Intelligence in Cyber Security\Assessment\project\data\1-to-n\test\atterer-01202007-b\vf21-23.wav,False,Action-potential,0.0017174372270645222,-32.4005596240013,-32.40227706122837,REJECT,,False
atterer-01202007-b,vf21-24,C:\Users\Chris Boddy\OneDrive\Documents\Cyber Security and Digital Forensics MSc\Applications of Artificial Intelligence in Cyber Security\Assessment\project\data\1-to-n\test\atterer-01202007-b\vf21-24.wav,False,Action-potential,-0.10579194444754947,-31.93165261003654,-31.82586066558899,REJECT,,False
atterer-01202007-b,vf21-25,C:\Users\Chris Boddy\OneDrive\Documents\Cyber Security and Digital Forensics MSc\Applications of Artificial Intelligence in Cyber Security\Assessment\project\data\1-to-n\test\atterer-01202007-b\vf21-25.wav,False,Action-potential,-0.15511407066566463,-31.767567636181642,-31.612453565515978,REJECT,,False
atterer-01202007-b,vf21-26,C:\Users\Chris Boddy\OneDrive\Documents\Cyber Security and Digital Forensics MSc\Applications of Artificial Intelligence in Cyber Security\Assessment\project\data\1-to-n\test\atterer-01202007-b\vf21-26.wav,False,Action-potential,0.21449507245029764,-32.435931612088,-32.650426684538296,REJECT,,False
atterer-01202007-b,vf21-27,C:\Users\Chris Boddy\OneDrive\Documents\Cyber Security and Digital Forensics MSc\Applications of Artificial Intelligence in Cyber Security\Assessment\project\data\1-to-n\test\atterer-01202007-b\vf21-27.wav,False,Action-potential,0.1364677712183351,-32.06345798504373,-32.19992575626207,REJECT,,False
atterer-01202007-b,vf21-28,C:\Users\Chris Boddy\OneDrive\Documents\Cyber Security and Digital Forensics MSc\Applications of Artificial Intelligence in Cyber Security\Assessment\project\data\1-to-n\test\atterer-01202007-b\vf21-28.wav,False,Action-potential,-0.11960573126246743,-33.63825371712462,-33.51864798586215,REJECT,,False
atterer-01202007-b,vf21-29,C:\Users\Chris Boddy\OneDrive\Documents\Cyber Security and Digital Forensics MSc\Applications of Artificial Intelligence in Cyber Security\Assessment\project\data\1-to-n\test\atterer-01202007-b\vf21-29.wav,False,Action-potential,0.09737860810407994,-33.2875043601069,-33.38488296821098,REJECT,,False
atterer-01202007-b,vf21-30,C:\Users\Chris Boddy\OneDrive\Documents\Cyber Security and Digital Forensics MSc\Applications of Artificial Intelligence in Cyber Security\Assessment\project\data\1-to-n\test\atterer-01202007-b\vf21-30.wav,False,Action-potential,0.039976283640704935,-32.51863489371424,-32.55861117735495,REJECT,,False
atterer-01202007-b,vf21-31,C:\Users\Chris Boddy\OneDrive\Documents\Cyber Security and Digital Forensics MSc\Applications of Artificial Intelligence in Cyber Security\Assessment\project\data\1-to-n\test\atterer-01202007-b\vf21-31.wav,False,Action-potential,0.15785126118612425,-33.58021675592904,-33.73806801711516,REJECT,,False
atterer-01202007-b,vf21-32,C:\Users\Chris Boddy\OneDrive\Documents\Cyber Security and Digital Forensics MSc\Applications of Artificial Intelligence in Cyber Security\Assessment\project\data\1-to-n\test\atterer-01202007-b\vf21-32.wav,False,Action-potential,0.10126508563772063,-32.174457761269466,-32.275722846907186,REJECT,,False
atterer-01202007-b,vf21-33,C:\Users\Chris Boddy\OneDrive\Documents\Cyber Security and Digital Forensics MSc\Applications of Artificial Intelligence in Cyber Security\Assessment\project\data\1-to-n\test\atterer-01202007-b\vf21-33.wav,False,Action-potential,0.10254411751797221,-32.98106868211684,-33.083612799634814,REJECT,,False
atterer-01202007-b,vf21-34,C:\Users\Chris Boddy\OneDrive\Documents\Cyber Security and Digital Forensics MSc\Applications of Artificial Intelligence in Cyber Security\Assessment\project\data\1-to-n\test\atterer-01202007-b\vf21-34.wav,False,Action-potential,-0.0013945429150794553,-32.098047273250856,-32.09665273033578,REJECT,,False
atterer-01202007-b,vf21-35,C:\Users\Chris Boddy\OneDrive\Documents\Cyber Security and Digital Forensics MSc\Applications of Artificial Intelligence in Cyber Security\Assessment\project\data\1-to-n\test\atterer-01202007-b\vf21-35.wav,False,Action-potential,0.13071878064411635,-32.87730426105468,-33.0080230416988,REJECT,,False
atterer-01202007-b,vf21-36,C:\Users\Chris Boddy\OneDrive\Documents\Cyber Security and Digital Forensics MSc\Applications of Artificial Intelligence in Cyber Security\Assessment\project\data\1-to-n\test\atterer-01202007-b\vf21-36.wav,False,Action-potential,0.011210368431349593,-32.92941661790268,-32.94062698633403,REJECT,,False
atterer-01202007-b,vf21-37,C:\Users\Chris Boddy\OneDrive\Documents\Cyber Security and Digital Forensics MSc\Applications of Artificial Intelligence in Cyber Security\Assessment\project\data\1-to-n\test\atterer-01202007-b\vf21-37.wav,False,Action-potential,0.25452555510580765,-32.694726716549106,-32.94925227165491,REJECT,,False
atterer-01202007-b,vf21-38,C:\Users\Chris Boddy\OneDrive\Documents\Cyber Security and Digital Forensics MSc\Applications of Artificial Intelligence in Cyber Security\Assessment\project\data\1-to-n\test\atterer-01202007-b\vf21-38.wav,False,Action-potential,0.12268140594362364,-33.23318277082147,-33.355864176765095,REJECT,,False
atterer-01202007-b,vf21-39,C:\Users\Chris Boddy\OneDrive\Documents\Cyber Security and Digital Forensics MSc\Applications of Artificial Intelligence in Cyber Security\Assessment\project\data\1-to-n\test\atterer-01202007-b\vf21-39.wav,False,Action-potential,0.23712892405155372,-32.03857868112711,-32.27570760517867,REJECT,,False
atterer-01202007-b,vf21-40,C:\Users\Chris Boddy\OneDrive\Documents\Cyber Security and Digital Forensics MSc\Applications of Artificial Intelligence in Cyber Security\Assessment\project\data\1-to-n\test\atterer-01202007-b\vf21-40.wav,False,Action-potential,0.014582536913195554,-34.267673817741915,-34.28225635465511,REJECT,,False
