source_file,source_group,segment_index,start_seconds,duration_seconds,cluster
C:\Users\Chris Boddy\OneDrive\Documents\Cyber Security and Digital Forensics MSc\Applications of Artificial Intelligence in Cyber Security\Assessment\project\data\large_mixed\minutes1\minutes1.wav,minutes1,0,0.0,5.0,0
C:\Users\Chris Boddy\OneDrive\Documents\Cyber Security and Digital Forensics MSc\Applications of Artificial Intelligence in Cyber Security\Assessment\project\data\large_mixed\minutes1\minutes1.wav,minutes1,1,5.0,5.0,1
C:\Users\Chris Boddy\OneDrive\Documents\Cyber Security and Digital Forensics MSc\Applications of Artificial Intelligence in Cyber Security\Assessment\project\data\large_mixed\minutes1\minutes1.wav,minutes1,2,10.0,5.0,1
C:\Users\Chris Boddy\OneDrive\Documents\Cyber Security and Digital Forensics MSc\Applications of Artificial Intelligence in Cyber Security\Assessment\project\data\large_mixed\minutes1\minutes1.wav,minutes1,3,15.0,5.0,0
C:\Users\Chris Boddy\OneDrive\Documents\Cyber Security and Digital Forensics MSc\Applications of Artificial Intelligence in Cyber Security\Assessment\project\data\large_mixed\minutes1\minutes1.wav,minutes1,4,20.0,5.0,1
C:\Users\Chris Boddy\OneDrive\Documents\Cyber Security and Digital Forensics MSc\Applications of Artificial Intelligence in Cyber Security\Assessment\project\data\large_mixed\minutes1\minutes1.wav,minutes1,5,25.0,5.0,2
C:\Users\Chris Boddy\OneDrive\Documents\Cyber Security and Digital Forensics MSc\Applications of Artificial Intelligence in Cyber Security\Assessment\project\data\large_mixed\minutes1\minutes1.wav,minutes1,6,30.0,5.0,2
C:\Users\Chris Boddy\OneDrive\Documents\Cyber Security and Digital Forensics MSc\Applications of Artificial Intelligence in Cyber Security\Assessment\project\data\large_mixed\minutes1\minutes1.wav,minutes1,7,35.0,5.0,0
C:\Users\Chris Boddy\OneDrive\Documents\Cyber Security and Digital Forensics MSc\Applications of Artificial Intelligence in Cyber Security\Assessment\project\data\large_mixed\minutes1\minutes1.wav,minutes1,8,40.0,5.0,0
C:\Users\Chris Boddy\OneDrive\Documents\Cyber Security and Digital Forensics MSc\Applications of Artificial Intelligence in Cyber Security\Assessment\project\data\large_mixed\minutes1\minutes1.wav,minutes1,9,45.0,5.0,1
C:\Users\Chris Boddy\OneDrive\Documents\Cyber Security and Digital Forensics MSc\Applications of Artificial Intelligence in Cyber Security\Assessment\project\data\large_mixed\minutes1\minutes1.wav,minutes1,10,50.0,5.0,0
C:\Users\Chris Boddy\OneDrive\Documents\Cyber Security and Digital Forensics MSc\Applications of Artificial Intelligence in Cyber Security\Assessment\project\data\large_mixed\minutes1\minutes1.wav,minutes1,11,55.0,5.0,2
C:\Users\Chris Boddy\OneDrive\Documents\Cyber Security and Digital Forensics MSc\Applications of Artificial Intelligence in Cyber Security\Assessment\project\data\large_mixed\minutes1\minutes1.wav,minutes1,12,60.0,5.0,1
C:\Users\Chris Boddy\OneDrive\Documents\Cyber Security and Digital Forensics MSc\Applications of Artificial Intelligence in Cyber Security\Assessment\project\data\large_mixed\minutes1\minutes1.wav,minutes1,13,65.0,5.0,0
C:\Users\Chris Boddy\OneDrive\Documents\Cyber Security and Digital Forensics MSc\Applications of Artificial Intelligence in Cyber Security\Assessment\project\data\large_mixed\minutes1\minutes1.wav,minutes1,14,70.0,5.0,2
C:\Users\Chris Boddy\OneDrive\Documents\Cyber Security and Digital Forensics MSc\Applications of Artificial Intelligence in Cyber Security\Assessment\project\data\large_mixed\minutes1\minutes1.wav,minutes1,15,75.0,5.0,1
C:\Users\Chris Boddy\OneDrive\Documents\Cyber Security and Digital Forensics MSc\Applications of Artificial Intelligence in Cyber Security\Assessment\project\data\large_mixed\minutes1\minutes1.wav,minutes1,16,80.0,5.0,0
C:\Users\Chris Boddy\OneDrive\Documents\Cyber Security and Digital Forensics MSc\Applications of Artificial Intelligence in Cyber Security\Assessment\project\data\large_mixed\minutes1\minutes1.wav,minutes1,17,85.0,5.0,1
C:\Users\Chris Boddy\OneDrive\Documents\Cyber Security and Digital Forensics MSc\Applications of Artificial Intelligence in Cyber Security\Assessment\project\data\large_mixed\minutes1\minutes1.wav,minutes1,18,90.0,5.0,2
C:\Users\Chris Boddy\OneDrive\Documents\Cyber Security and Digital Forensics MSc\Applications of Artificial Intelligence in Cyber Security\Assessment\project\data\large_mixed\minutes1\minutes1.wav,minutes1,19,95.0,5.0,2
C:\Users\Chris Boddy\OneDrive\Documents\Cyber Security and Digital Forensics MSc\Applications of Artificial Intelligence in Cyber Security\Assessment\project\data\large_mixed\minutes1\minutes1.wav,minutes1,20,100.0,5.0,1
C:\Users\Chris Boddy\OneDrive\Documents\Cyber Security and Digital Forensics MSc\Applications of Artificial Intelligence in Cyber Security\Assessment\project\data\large_mixed\minutes1\minutes1.wav,minutes1,21,105.0,5.0,0
C:\Users\Chris Boddy\OneDrive\Documents\Cyber Security and Digital Forensics MSc\Applications of Artificial Intelligence in Cyber Security\Assessment\project\data\large_mixed\minutes1\minutes1.wav,minutes1,22,110.0,5.0,1
C:\Users\Chris Boddy\OneDrive\Documents\Cyber Security and Digital Forensics MSc\Applications of Artificial Intelligence in Cyber Security\Assessment\project\data\large_mixed\minutes1\minutes1.wav,minutes1,23,115.0,5.0,0
C:\Users\Chris Boddy\OneDrive\Documents\Cyber Security and Digital Forensics MSc\Applications of Artificial Intelligence in Cyber Security\Assessment\project\data\large_mixed\minutes1\minutes1.wav,minutes1,24,120.0,5.0,1
C:\Users\Chris Boddy\OneDrive\Documents\Cyber Security and Digital Forensics MSc\Applications of Artificial Intelligence in Cyber Security\Assessment\project\data\large_mixed\minutes1\minutes1.wav,minutes1,25,125.0,5.0,0
C:\Users\Chris Boddy\OneDrive\Documents\Cyber Security and Digital Forensics MSc\Applications of Artificial Intelligence in Cyber Security\Assessment\project\data\large_mixed\minutes1\minutes1.wav,minutes1,26,130.0,5.0,1
C:\Users\Chris Boddy\OneDrive\Documents\Cyber Security and Digital Forensics MSc\Applications of Artificial Intelligence in Cyber Security\Assessment\project\data\large_mixed\minutes1\minutes1.wav,minutes1,27,135.0,5.0,0
C:\Users\Chris Boddy\OneDrive\Documents\Cyber Security and Digital Forensics MSc\Applications of Artificial Intelligence in Cyber Security\Assessment\project\data\large_mixed\minutes1\minutes1.wav,minutes1,28,140.0,5.0,1
C:\Users\Chris Boddy\OneDrive\Documents\Cyber Security and Digital Forensics MSc\Applications of Artificial Intelligence in Cyber Security\Assessment\project\data\large_mixed\minutes1\minutes1.wav,minutes1,29,145.0,5.0,2
C:\Users\Chris Boddy\OneDrive\Documents\Cyber Security and Digital Forensics MSc\Applications of Artificial Intelligence in Cyber Security\Assessment\project\data\large_mixed\minutes1\minutes1.wav,minutes1,30,150.0,5.0,0
C:\Users\Chris Boddy\OneDrive\Documents\Cyber Security and Digital Forensics MSc\Applications of Artificial Intelligence in Cyber Security\Assessment\project\data\large_mixed\minutes1\minutes1.wav,minutes1,31,155.0,5.0,1
C:\Users\Chris Boddy\OneDrive\Documents\Cyber Security and Digital Forensics MSc\Applications of Artificial Intelligence in Cyber Security\Assessment\project\data\large_mixed\minutes1\minutes1.wav,minutes1,32,160.0,5.0,2
C:\Users\Chris Boddy\OneDrive\Documents\Cyber Security and Digital Forensics MSc\Applications of Artificial Intelligence in Cyber Security\Assessment\project\data\large_mixed\minutes1\minutes1.wav,minutes1,33,165.0,5.0,1
C:\Users\Chris Boddy\OneDrive\Documents\Cyber Security and Digital Forensics MSc\Applications of Artificial Intelligence in Cyber Security\Assessment\project\data\large_mixed\minutes1\minutes1.wav,minutes1,34,170.0,5.0,1
C:\Users\Chris Boddy\OneDrive\Documents\Cyber Security and Digital Forensics MSc\Applications of Artificial Intelligence in Cyber Security\Assessment\project\data\large_mixed\minutes1\minutes1.wav,minutes1,35,175.0,5.0,1
C:\Users\Chris Boddy\OneDrive\Documents\Cyber Security and Digital Forensics MSc\Applications of Artificial Intelligence in Cyber Security\Assessment\project\data\large_mixed\minutes1\minutes1.wav,minutes1,36,180.0,5.0,0
C:\Users\Chris Boddy\OneDrive\Documents\Cyber Security and Digital Forensics MSc\Applications of Artificial Intelligence in Cyber Security\Assessment\project\data\large_mixed\minutes1\minutes1.wav,minutes1,37,185.0,5.0,2
C:\Users\Chris Boddy\OneDrive\Documents\Cyber Security and Digital Forensics MSc\Applications of Artificial Intelligence in Cyber Security\Assessment\project\data\large_mixed\minutes1\minutes1.wav,minutes1,38,190.0,5.0,1
C:\Users\Chris Boddy\OneDrive\Documents\Cyber Security and Digital Forensics MSc\Applications of Artificial Intelligence in Cyber Security\Assessment\project\data\large_mixed\minutes1\minutes1.wav,minutes1,39,195.0,5.0,1
C:\Users\Chris Boddy\OneDrive\Documents\Cyber Security and Digital Forensics MSc\Applications of Artificial Intelligence in Cyber Security\Assessment\project\data\large_mixed\minutes1\minutes1.wav,minutes1,40,200.0,5.0,2
C:\Users\Chris Boddy\OneDrive\Documents\Cyber Security and Digital Forensics MSc\Applications of Artificial Intelligence in Cyber Security\Assessment\project\data\large_mixed\minutes1\minutes1.wav,minutes1,41,205.0,5.0,1
C:\Users\Chris Boddy\OneDrive\Documents\Cyber Security and Digital Forensics MSc\Applications of Artificial Intelligence in Cyber Security\Assessment\project\data\large_mixed\minutes1\minutes1.wav,minutes1,42,210.0,5.0,0
C:\Users\Chris Boddy\OneDrive\Documents\Cyber Security and Digital Forensics MSc\Applications of Artificial Intelligence in Cyber Security\Assessment\project\data\large_mixed\minutes1\minutes1.wav,minutes1,43,215.0,5.0,2
C:\Users\Chris Boddy\OneDrive\Documents\Cyber Security and Digital Forensics MSc\Applications of Artificial Intelligence in Cyber Security\Assessment\project\data\large_mixed\minutes1\minutes1.wav,minutes1,44,220.0,5.0,1
C:\Users\Chris Boddy\OneDrive\Documents\Cyber Security and Digital Forensics MSc\Applications of Artificial Intelligence in Cyber Security\Assessment\project\data\large_mixed\minutes1\minutes1.wav,minutes1,45,225.0,5.0,1
C:\Users\Chris Boddy\OneDrive\Documents\Cyber Security and Digital Forensics MSc\Applications of Artificial Intelligence in Cyber Security\Assessment\project\data\large_mixed\minutes1\minutes1.wav,minutes1,46,230.0,5.0,0
C:\Users\Chris Boddy\OneDrive\Documents\Cyber Security and Digital Forensics MSc\Applications of Artificial Intelligence in Cyber Security\Assessment\project\data\large_mixed\minutes1\minutes1.wav,minutes1,47,235.0,5.0,1
C:\Users\Chris Boddy\OneDrive\Documents\Cyber Security and Digital Forensics MSc\Applications of Artificial Intelligence in Cyber Security\Assessment\project\data\large_mixed\minutes1\minutes1.wav,minutes1,48,240.0,5.0,1
C:\Users\Chris Boddy\OneDrive\Documents\Cyber Security and Digital Forensics MSc\Applications of Artificial Intelligence in Cyber Security\Assessment\project\data\large_mixed\minutes1\minutes1.wav,minutes1,49,245.0,5.0,0
C:\Users\Chris Boddy\OneDrive\Documents\Cyber Security and Digital Forensics MSc\Applications of Artificial Intelligence in Cyber Security\Assessment\project\data\large_mixed\minutes1\minutes1.wav,minutes1,50,250.0,5.0,1
C:\Users\Chris Boddy\OneDrive\Documents\Cyber Security and Digital Forensics MSc\Applications of Artificial Intelligence in Cyber Security\Assessment\project\data\large_mixed\minutes1\minutes1.wav,minutes1,51,255.0,5.0,0
C:\Users\Chris Boddy\OneDrive\Documents\Cyber Security and Digital Forensics MSc\Applications of Artificial Intelligence in Cyber Security\Assessment\project\data\large_mixed\minutes1\minutes1.wav,minutes1,52,260.0,5.0,1
C:\Users\Chris Boddy\OneDrive\Documents\Cyber Security and Digital Forensics MSc\Applications of Artificial Intelligence in Cyber Security\Assessment\project\data\large_mixed\minutes1\minutes1.wav,minutes1,53,265.0,5.0,1
C:\Users\Chris Boddy\OneDrive\Documents\Cyber Security and Digital Forensics MSc\Applications of Artificial Intelligence in Cyber Security\Assessment\project\data\large_mixed\minutes1\minutes1.wav,minutes1,54,270.0,5.0,0
C:\Users\Chris Boddy\OneDrive\Documents\Cyber Security and Digital Forensics MSc\Applications of Artificial Intelligence in Cyber Security\Assessment\project\data\large_mixed\minutes1\minutes1.wav,minutes1,55,275.0,5.0,2
C:\Users\Chris Boddy\OneDrive\Documents\Cyber Security and Digital Forensics MSc\Applications of Artificial Intelligence in Cyber Security\Assessment\project\data\large_mixed\minutes1\minutes1.wav,minutes1,56,280.0,5.0,1
C:\Users\Chris Boddy\OneDrive\Documents\Cyber Security and Digital Forensics MSc\Applications of Artificial Intelligence in Cyber Security\Assessment\project\data\large_mixed\minutes1\minutes1.wav,minutes1,57,285.0,5.0,1
C:\Users\Chris Boddy\OneDrive\Documents\Cyber Security and Digital Forensics MSc\Applications of Artificial Intelligence in Cyber Security\Assessment\project\data\large_mixed\minutes1\minutes1.wav,minutes1,58,290.0,5.0,0
C:\Users\Chris Boddy\OneDrive\Documents\Cyber Security and Digital Forensics MSc\Applications of Artificial Intelligence in Cyber Security\Assessment\project\data\large_mixed\minutes1\minutes1.wav,minutes1,59,295.0,5.0,0
C:\Users\Chris Boddy\OneDrive\Documents\Cyber Security and Digital Forensics MSc\Applications of Artificial Intelligence in Cyber Security\Assessment\project\data\large_mixed\minutes1\minutes1.wav,minutes1,60,300.0,5.0,1
C:\Users\Chris Boddy\OneDrive\Documents\Cyber Security and Digital Forensics MSc\Applications of Artificial Intelligence in Cyber Security\Assessment\project\data\large_mixed\minutes1\minutes1.wav,minutes1,61,305.0,5.0,0
C:\Users\Chris Boddy\OneDrive\Documents\Cyber Security and Digital Forensics MSc\Applications of Artificial Intelligence in Cyber Security\Assessment\project\data\large_mixed\minutes1\minutes1.wav,minutes1,62,310.0,5.0,1
C:\Users\Chris Boddy\OneDrive\Documents\Cyber Security and Digital Forensics MSc\Applications of Artificial Intelligence in Cyber Security\Assessment\project\data\large_mixed\minutes1\minutes1.wav,minutes1,63,315.0,5.0,0
C:\Users\Chris Boddy\OneDrive\Documents\Cyber Security and Digital Forensics MSc\Applications of Artificial Intelligence in Cyber Security\Assessment\project\data\large_mixed\minutes1\minutes1.wav,minutes1,64,320.0,5.0,1
C:\Users\Chris Boddy\OneDrive\Documents\Cyber Security and Digital Forensics MSc\Applications of Artificial Intelligence in Cyber Security\Assessment\project\data\large_mixed\minutes1\minutes1.wav,minutes1,65,325.0,5.0,2
C:\Users\Chris Boddy\OneDrive\Documents\Cyber Security and Digital Forensics MSc\Applications of Artificial Intelligence in Cyber Security\Assessment\project\data\large_mixed\minutes1\minutes1.wav,minutes1,66,330.0,5.0,0
C:\Users\Chris Boddy\OneDrive\Documents\Cyber Security and Digital Forensics MSc\Applications of Artificial Intelligence in Cyber Security\Assessment\project\data\large_mixed\minutes1\minutes1.wav,minutes1,67,335.0,5.0,1
C:\Users\Chris Boddy\OneDrive\Documents\Cyber Security and Digital Forensics MSc\Applications of Artificial Intelligence in Cyber Security\Assessment\project\data\large_mixed\minutes1\minutes1.wav,minutes1,68,340.0,5.0,2
C:\Users\Chris Boddy\OneDrive\Documents\Cyber Security and Digital Forensics MSc\Applications of Artificial Intelligence in Cyber Security\Assessment\project\data\large_mixed\minutes1\minutes1.wav,minutes1,69,345.0,5.0,1
C:\Users\Chris Boddy\OneDrive\Documents\Cyber Security and Digital Forensics MSc\Applications of Artificial Intelligence in Cyber Security\Assessment\project\data\large_mixed\minutes1\minutes1.wav,minutes1,70,350.0,5.0,0
C:\Users\Chris Boddy\OneDrive\Documents\Cyber Security and Digital Forensics MSc\Applications of Artificial Intelligence in Cyber Security\Assessment\project\data\large_mixed\minutes1\minutes1.wav,minutes1,71,355.0,5.0,1
C:\Users\Chris Boddy\OneDrive\Documents\Cyber Security and Digital Forensics MSc\Applications of Artificial Intelligence in Cyber Security\Assessment\project\data\large_mixed\minutes1\minutes1.wav,minutes1,72,360.0,5.0,0
C:\Users\Chris Boddy\OneDrive\Documents\Cyber Security and Digital Forensics MSc\Applications of Artificial Intelligence in Cyber Security\Assessment\project\data\large_mixed\minutes1\minutes1.wav,minutes1,73,365.0,5.0,0
C:\Users\Chris Boddy\OneDrive\Documents\Cyber Security and Digital Forensics MSc\Applications of Artificial Intelligence in Cyber Security\Assessment\project\data\large_mixed\minutes1\minutes1.wav,minutes1,74,370.0,5.0,2
C:\Users\Chris Boddy\OneDrive\Documents\Cyber Security and Digital Forensics MSc\Applications of Artificial Intelligence in Cyber Security\Assessment\project\data\large_mixed\minutes1\minutes1.wav,minutes1,75,375.0,5.0,1
C:\Users\Chris Boddy\OneDrive\Documents\Cyber Security and Digital Forensics MSc\Applications of Artificial Intelligence in Cyber Security\Assessment\project\data\large_mixed\minutes1\minutes1.wav,minutes1,76,380.0,5.0,2
C:\Users\Chris Boddy\OneDrive\Documents\Cyber Security and Digital Forensics MSc\Applications of Artificial Intelligence in Cyber Security\Assessment\project\data\large_mixed\minutes1\minutes1.wav,minutes1,77,385.0,5.0,1
C:\Users\Chris Boddy\OneDrive\Documents\Cyber Security and Digital Forensics MSc\Applications of Artificial Intelligence in Cyber Security\Assessment\project\data\large_mixed\minutes1\minutes1.wav,minutes1,78,390.0,5.0,2
C:\Users\Chris Boddy\OneDrive\Documents\Cyber Security and Digital Forensics MSc\Applications of Artificial Intelligence in Cyber Security\Assessment\project\data\large_mixed\minutes1\minutes1.wav,minutes1,79,395.0,5.0,1
C:\Users\Chris Boddy\OneDrive\Documents\Cyber Security and Digital Forensics MSc\Applications of Artificial Intelligence in Cyber Security\Assessment\project\data\large_mixed\minutes1\minutes1.wav,minutes1,80,400.0,5.0,1
C:\Users\Chris Boddy\OneDrive\Documents\Cyber Security and Digital Forensics MSc\Applications of Artificial Intelligence in Cyber Security\Assessment\project\data\large_mixed\minutes1\minutes1.wav,minutes1,81,405.0,5.0,2
C:\Users\Chris Boddy\OneDrive\Documents\Cyber Security and Digital Forensics MSc\Applications of Artificial Intelligence in Cyber Security\Assessment\project\data\large_mixed\minutes1\minutes1.wav,minutes1,82,410.0,5.0,1
C:\Users\Chris Boddy\OneDrive\Documents\Cyber Security and Digital Forensics MSc\Applications of Artificial Intelligence in Cyber Security\Assessment\project\data\large_mixed\minutes1\minutes1.wav,minutes1,83,415.0,5.0,0
C:\Users\Chris Boddy\OneDrive\Documents\Cyber Security and Digital Forensics MSc\Applications of Artificial Intelligence in Cyber Security\Assessment\project\data\large_mixed\minutes1\minutes1.wav,minutes1,84,420.0,5.0,1
C:\Users\Chris Boddy\OneDrive\Documents\Cyber Security and Digital Forensics MSc\Applications of Artificial Intelligence in Cyber Security\Assessment\project\data\large_mixed\minutes1\minutes1.wav,minutes1,85,425.0,5.0,2
C:\Users\Chris Boddy\OneDrive\Documents\Cyber Security and Digital Forensics MSc\Applications of Artificial Intelligence in Cyber Security\Assessment\project\data\large_mixed\minutes1\minutes1.wav,minutes1,86,430.0,5.0,0
C:\Users\Chris Boddy\OneDrive\Documents\Cyber Security and Digital Forensics MSc\Applications of Artificial Intelligence in Cyber Security\Assessment\project\data\large_mixed\minutes1\minutes1.wav,minutes1,87,435.0,5.0,1
C:\Users\Chris Boddy\OneDrive\Documents\Cyber Security and Digital Forensics MSc\Applications of Artificial Intelligence in Cyber Security\Assessment\project\data\large_mixed\minutes1\minutes1.wav,minutes1,88,440.0,5.0,1
C:\Users\Chris Boddy\OneDrive\Documents\Cyber Security and Digital Forensics MSc\Applications of Artificial Intelligence in Cyber Security\Assessment\project\data\large_mixed\minutes1\minutes1.wav,minutes1,89,445.0,5.0,0
C:\Users\Chris Boddy\OneDrive\Documents\Cyber Security and Digital Forensics MSc\Applications of Artificial Intelligence in Cyber Security\Assessment\project\data\large_mixed\minutes1\minutes1.wav,minutes1,90,450.0,5.0,1
C:\Users\Chris Boddy\OneDrive\Documents\Cyber Security and Digital Forensics MSc\Applications of Artificial Intelligence in Cyber Security\Assessment\project\data\large_mixed\minutes1\minutes1.wav,minutes1,91,455.0,5.0,2
C:\Users\Chris Boddy\OneDrive\Documents\Cyber Security and Digital Forensics MSc\Applications of Artificial Intelligence in Cyber Security\Assessment\project\data\large_mixed\minutes1\minutes1.wav,minutes1,92,460.0,5.0,1
C:\Users\Chris Boddy\OneDrive\Documents\Cyber Security and Digital Forensics MSc\Applications of Artificial Intelligence in Cyber Security\Assessment\project\data\large_mixed\minutes1\minutes1.wav,minutes1,93,465.0,5.0,1
C:\Users\Chris Boddy\OneDrive\Documents\Cyber Security and Digital Forensics MSc\Applications of Artificial Intelligence in Cyber Security\Assessment\project\data\large_mixed\minutes1\minutes1.wav,minutes1,94,470.0,5.0,0
C:\Users\Chris Boddy\OneDrive\Documents\Cyber Security and Digital Forensics MSc\Applications of Artificial Intelligence in Cyber Security\Assessment\project\data\large_mixed\minutes1\minutes1.wav,minutes1,95,475.0,5.0,2
C:\Users\Chris Boddy\OneDrive\Documents\Cyber Security and Digital Forensics MSc\Applications of Artificial Intelligence in Cyber Security\Assessment\project\data\large_mixed\minutes1\minutes1.wav,minutes1,96,480.0,5.0,1
C:\Users\Chris Boddy\OneDrive\Documents\Cyber Security and Digital Forensics MSc\Applications of Artificial Intelligence in Cyber Security\Assessment\project\data\large_mixed\minutes1\minutes1.wav,minutes1,97,485.0,5.0,0
C:\Users\Chris Boddy\OneDrive\Documents\Cyber Security and Digital Forensics MSc\Applications of Artificial Intelligence in Cyber Security\Assessment\project\data\large_mixed\minutes1\minutes1.wav,minutes1,98,490.0,5.0,0
C:\Users\Chris Boddy\OneDrive\Documents\Cyber Security and Digital Forensics MSc\Applications of Artificial Intelligence in Cyber Security\Assessment\project\data\large_mixed\minutes1\minutes1.wav,minutes1,99,495.0,5.0,1
C:\Users\Chris Boddy\OneDrive\Documents\Cyber Security and Digital Forensics MSc\Applications of Artificial Intelligence in Cyber Security\Assessment\project\data\large_mixed\minutes1\minutes1.wav,minutes1,100,500.0,5.0,0
C:\Users\Chris Boddy\OneDrive\Documents\Cyber Security and Digital Forensics MSc\Applications of Artificial Intelligence in Cyber Security\Assessment\project\data\large_mixed\minutes1\minutes1.wav,minutes1,101,505.0,5.0,2
C:\Users\Chris Boddy\OneDrive\Documents\Cyber Security and Digital Forensics MSc\Applications of Artificial Intelligence in Cyber Security\Assessment\project\data\large_mixed\minutes1\minutes1.wav,minutes1,102,510.0,5.0,0
C:\Users\Chris Boddy\OneDrive\Documents\Cyber Security and Digital Forensics MSc\Applications of Artificial Intelligence in Cyber Security\Assessment\project\data\large_mixed\minutes1\minutes1.wav,minutes1,103,515.0,5.0,0
C:\Users\Chris Boddy\OneDrive\Documents\Cyber Security and Digital Forensics MSc\Applications of Artificial Intelligence in Cyber Security\Assessment\project\data\large_mixed\minutes1\minutes1.wav,minutes1,104,520.0,5.0,2
C:\Users\Chris Boddy\OneDrive\Documents\Cyber Security and Digital Forensics MSc\Applications of Artificial Intelligence in Cyber Security\Assessment\project\data\large_mixed\minutes1\minutes1.wav,minutes1,105,525.0,5.0,0
C:\Users\Chris Boddy\OneDrive\Documents\Cyber Security and Digital Forensics MSc\Applications of Artificial Intelligence in Cyber Security\Assessment\project\data\large_mixed\minutes1\minutes1.wav,minutes1,106,530.0,5.0,2
C:\Users\Chris Boddy\OneDrive\Documents\Cyber Security and Digital Forensics MSc\Applications of Artificial Intelligence in Cyber Security\Assessment\project\data\large_mixed\minutes1\minutes1.wav,minutes1,107,535.0,5.0,0
C:\Users\Chris Boddy\OneDrive\Documents\Cyber Security and Digital Forensics MSc\Applications of Artificial Intelligence in Cyber Security\Assessment\project\data\large_mixed\minutes1\minutes1.wav,minutes1,108,540.0,5.0,1
C:\Users\Chris Boddy\OneDrive\Documents\Cyber Security and Digital Forensics MSc\Applications of Artificial Intelligence in Cyber Security\Assessment\project\data\large_mixed\minutes1\minutes1.wav,minutes1,109,545.0,5.0,0
C:\Users\Chris Boddy\OneDrive\Documents\Cyber Security and Digital Forensics MSc\Applications of Artificial Intelligence in Cyber Security\Assessment\project\data\large_mixed\minutes1\minutes1.wav,minutes1,110,550.0,5.0,1
C:\Users\Chris Boddy\OneDrive\Documents\Cyber Security and Digital Forensics MSc\Applications of Artificial Intelligence in Cyber Security\Assessment\project\data\large_mixed\minutes1\minutes1.wav,minutes1,111,555.0,5.0,2
C:\Users\Chris Boddy\OneDrive\Documents\Cyber Security and Digital Forensics MSc\Applications of Artificial Intelligence in Cyber Security\Assessment\project\data\large_mixed\minutes1\minutes1.wav,minutes1,112,560.0,5.0,0
C:\Users\Chris Boddy\OneDrive\Documents\Cyber Security and Digital Forensics MSc\Applications of Artificial Intelligence in Cyber Security\Assessment\project\data\large_mixed\minutes1\minutes1.wav,minutes1,113,565.0,5.0,2
C:\Users\Chris Boddy\OneDrive\Documents\Cyber Security and Digital Forensics MSc\Applications of Artificial Intelligence in Cyber Security\Assessment\project\data\large_mixed\minutes1\minutes1.wav,minutes1,114,570.0,5.0,0
C:\Users\Chris Boddy\OneDrive\Documents\Cyber Security and Digital Forensics MSc\Applications of Artificial Intelligence in Cyber Security\Assessment\project\data\large_mixed\minutes1\minutes1.wav,minutes1,115,575.0,5.0,1
C:\Users\Chris Boddy\OneDrive\Documents\Cyber Security and Digital Forensics MSc\Applications of Artificial Intelligence in Cyber Security\Assessment\project\data\large_mixed\minutes1\minutes1.wav,minutes1,116,580.0,5.0,2
C:\Users\Chris Boddy\OneDrive\Documents\Cyber Security and Digital Forensics MSc\Applications of Artificial Intelligence in Cyber Security\Assessment\project\data\large_mixed\minutes1\minutes1.wav,minutes1,117,585.0,5.0,1
C:\Users\Chris Boddy\OneDrive\Documents\Cyber Security and Digital Forensics MSc\Applications of Artificial Intelligence in Cyber Security\Assessment\project\data\large_mixed\minutes1\minutes1.wav,minutes1,118,590.0,5.0,2
C:\Users\Chris Boddy\OneDrive\Documents\Cyber Security and Digital Forensics MSc\Applications of Artificial Intelligence in Cyber Security\Assessment\project\data\large_mixed\minutes1\minutes1.wav,minutes1,119,595.0,5.0,0
C:\Users\Chris Boddy\OneDrive\Documents\Cyber Security and Digital Forensics MSc\Applications of Artificial Intelligence in Cyber Security\Assessment\project\data\large_mixed\minutes1\minutes1.wav,minutes1,120,600.0,5.0,1
C:\Users\Chris Boddy\OneDrive\Documents\Cyber Security and Digital Forensics MSc\Applications of Artificial Intelligence in Cyber Security\Assessment\project\data\large_mixed\minutes1\minutes1.wav,minutes1,121,605.0,5.0,2
C:\Users\Chris Boddy\OneDrive\Documents\Cyber Security and Digital Forensics MSc\Applications of Artificial Intelligence in Cyber Security\Assessment\project\data\large_mixed\minutes1\minutes1.wav,minutes1,122,610.0,5.0,0
C:\Users\Chris Boddy\OneDrive\Documents\Cyber Security and Digital Forensics MSc\Applications of Artificial Intelligence in Cyber Security\Assessment\project\data\large_mixed\minutes1\minutes1.wav,minutes1,123,615.0,5.0,1
C:\Users\Chris Boddy\OneDrive\Documents\Cyber Security and Digital Forensics MSc\Applications of Artificial Intelligence in Cyber Security\Assessment\project\data\large_mixed\minutes1\minutes1.wav,minutes1,124,620.0,5.0,2
C:\Users\Chris Boddy\OneDrive\Documents\Cyber Security and Digital Forensics MSc\Applications of Artificial Intelligence in Cyber Security\Assessment\project\data\large_mixed\minutes1\minutes1.wav,minutes1,125,625.0,5.0,0
C:\Users\Chris Boddy\OneDrive\Documents\Cyber Security and Digital Forensics MSc\Applications of Artificial Intelligence in Cyber Security\Assessment\project\data\large_mixed\minutes1\minutes1.wav,minutes1,126,630.0,5.0,2
C:\Users\Chris Boddy\OneDrive\Documents\Cyber Security and Digital Forensics MSc\Applications of Artificial Intelligence in Cyber Security\Assessment\project\data\large_mixed\minutes1\minutes1.wav,minutes1,127,635.0,5.0,0
C:\Users\Chris Boddy\OneDrive\Documents\Cyber Security and Digital Forensics MSc\Applications of Artificial Intelligence in Cyber Security\Assessment\project\data\large_mixed\minutes1\minutes1.wav,minutes1,128,640.0,5.0,2
C:\Users\Chris Boddy\OneDrive\Documents\Cyber Security and Digital Forensics MSc\Applications of Artificial Intelligence in Cyber Security\Assessment\project\data\large_mixed\minutes1\minutes1.wav,minutes1,129,645.0,5.0,0
C:\Users\Chris Boddy\OneDrive\Documents\Cyber Security and Digital Forensics MSc\Applications of Artificial Intelligence in Cyber Security\Assessment\project\data\large_mixed\minutes1\minutes1.wav,minutes1,130,650.0,5.0,0
C:\Users\Chris Boddy\OneDrive\Documents\Cyber Security and Digital Forensics MSc\Applications of Artificial Intelligence in Cyber Security\Assessment\project\data\large_mixed\minutes1\minutes1.wav,minutes1,131,655.0,5.0,1
C:\Users\Chris Boddy\OneDrive\Documents\Cyber Security and Digital Forensics MSc\Applications of Artificial Intelligence in Cyber Security\Assessment\project\data\large_mixed\minutes1\minutes1.wav,minutes1,132,660.0,5.0,2
C:\Users\Chris Boddy\OneDrive\Documents\Cyber Security and Digital Forensics MSc\Applications of Artificial Intelligence in Cyber Security\Assessment\project\data\large_mixed\minutes1\minutes1.wav,minutes1,133,665.0,5.0,1
C:\Users\Chris Boddy\OneDrive\Documents\Cyber Security and Digital Forensics MSc\Applications of Artificial Intelligence in Cyber Security\Assessment\project\data\large_mixed\minutes1\minutes1.wav,minutes1,134,670.0,5.0,1
C:\Users\Chris Boddy\OneDrive\Documents\Cyber Security and Digital Forensics MSc\Applications of Artificial Intelligence in Cyber Security\Assessment\project\data\large_mixed\minutes1\minutes1.wav,minutes1,135,675.0,5.0,2
C:\Users\Chris Boddy\OneDrive\Documents\Cyber Security and Digital Forensics MSc\Applications of Artificial Intelligence in Cyber Security\Assessment\project\data\large_mixed\minutes1\minutes1.wav,minutes1,136,680.0,5.0,0
C:\Users\Chris Boddy\OneDrive\Documents\Cyber Security and Digital Forensics MSc\Applications of Artificial Intelligence in Cyber Security\Assessment\project\data\large_mixed\minutes1\minutes1.wav,minutes1,137,685.0,5.0,2
C:\Users\Chris Boddy\OneDrive\Documents\Cyber Security and Digital Forensics MSc\Applications of Artificial Intelligence in Cyber Security\Assessment\project\data\large_mixed\minutes1\minutes1.wav,minutes1,138,690.0,5.0,0
C:\Users\Chris Boddy\OneDrive\Documents\Cyber Security and Digital Forensics MSc\Applications of Artificial Intelligence in Cyber Security\Assessment\project\data\large_mixed\minutes1\minutes1.wav,minutes1,139,695.0,5.0,1
C:\Users\Chris Boddy\OneDrive\Documents\Cyber Security and Digital Forensics MSc\Applications of Artificial Intelligence in Cyber Security\Assessment\project\data\large_mixed\minutes1\minutes1.wav,minutes1,140,700.0,5.0,2
C:\Users\Chris Boddy\OneDrive\Documents\Cyber Security and Digital Forensics MSc\Applications of Artificial Intelligence in Cyber Security\Assessment\project\data\large_mixed\minutes1\minutes1.wav,minutes1,141,705.0,5.0,1
C:\Users\Chris Boddy\OneDrive\Documents\Cyber Security and Digital Forensics MSc\Applications of Artificial Intelligence in Cyber Security\Assessment\project\data\large_mixed\minutes1\minutes1.wav,minutes1,142,710.0,5.0,1
C:\Users\Chris Boddy\OneDrive\Documents\Cyber Security and Digital Forensics MSc\Applications of Artificial Intelligence in Cyber Security\Assessment\project\data\large_mixed\minutes1\minutes1.wav,minutes1,143,715.0,5.0,0
C:\Users\Chris Boddy\OneDrive\Documents\Cyber Security and Digital Forensics MSc\Applications of Artificial Intelligence in Cyber Security\Assessment\project\data\large_mixed\minutes1\minutes1.wav,minutes1,144,720.0,5.0,1
C:\Users\Chris Boddy\OneDrive\Documents\Cyber Security and Digital Forensics MSc\Applications of Artificial Intelligence in Cyber Security\Assessment\project\data\large_mixed\minutes1\minutes1.wav,minutes1,145,725.0,5.0,0
C:\Users\Chris Boddy\OneDrive\Documents\Cyber Security and Digital Forensics MSc\Applications of Artificial Intelligence in Cyber Security\Assessment\project\data\large_mixed\minutes1\minutes1.wav,minutes1,146,730.0,5.0,2
C:\Users\Chris Boddy\OneDrive\Documents\Cyber Security and Digital Forensics MSc\Applications of Artificial Intelligence in Cyber Security\Assessment\project\data\large_mixed\minutes1\minutes1.wav,minutes1,147,735.0,5.0,1
C:\Users\Chris Boddy\OneDrive\Documents\Cyber Security and Digital Forensics MSc\Applications of Artificial Intelligence in Cyber Security\Assessment\project\data\large_mixed\minutes1\minutes1.wav,minutes1,148,740.0,5.0,1
C:\Users\Chris Boddy\OneDrive\Documents\Cyber Security and Digital Forensics MSc\Applications of Artificial Intelligence in Cyber Security\Assessment\project\data\large_mixed\minutes1\minutes1.wav,minutes1,149,745.0,5.0,0
C:\Users\Chris Boddy\OneDrive\Documents\Cyber Security and Digital Forensics MSc\Applications of Artificial Intelligence in Cyber Security\Assessment\project\data\large_mixed\minutes1\minutes1.wav,minutes1,150,750.0,5.0,2
C:\Users\Chris Boddy\OneDrive\Documents\Cyber Security and Digital Forensics MSc\Applications of Artificial Intelligence in Cyber Security\Assessment\project\data\large_mixed\minutes1\minutes1.wav,minutes1,151,755.0,5.0,0
C:\Users\Chris Boddy\OneDrive\Documents\Cyber Security and Digital Forensics MSc\Applications of Artificial Intelligence in Cyber Security\Assessment\project\data\large_mixed\minutes1\minutes1.wav,minutes1,152,760.0,5.0,0
C:\Users\Chris Boddy\OneDrive\Documents\Cyber Security and Digital Forensics MSc\Applications of Artificial Intelligence in Cyber Security\Assessment\project\data\large_mixed\minutes1\minutes1.wav,minutes1,153,765.0,5.0,2
C:\Users\Chris Boddy\OneDrive\Documents\Cyber Security and Digital Forensics MSc\Applications of Artificial Intelligence in Cyber Security\Assessment\project\data\large_mixed\minutes1\minutes1.wav,minutes1,154,770.0,5.0,2
C:\Users\Chris Boddy\OneDrive\Documents\Cyber Security and Digital Forensics MSc\Applications of Artificial Intelligence in Cyber Security\Assessment\project\data\large_mixed\minutes1\minutes1.wav,minutes1,155,775.0,5.0,1
C:\Users\Chris Boddy\OneDrive\Documents\Cyber Security and Digital Forensics MSc\Applications of Artificial Intelligence in Cyber Security\Assessment\project\data\large_mixed\minutes1\minutes1.wav,minutes1,156,780.0,5.0,0
C:\Users\Chris Boddy\OneDrive\Documents\Cyber Security and Digital Forensics MSc\Applications of Artificial Intelligence in Cyber Security\Assessment\project\data\large_mixed\minutes1\minutes1.wav,minutes1,157,785.0,5.0,2
C:\Users\Chris Boddy\OneDrive\Documents\Cyber Security and Digital Forensics MSc\Applications of Artificial Intelligence in Cyber Security\Assessment\project\data\large_mixed\minutes1\minutes1.wav,minutes1,158,790.0,5.0,1
C:\Users\Chris Boddy\OneDrive\Documents\Cyber Security and Digital Forensics MSc\Applications of Artificial Intelligence in Cyber Security\Assessment\project\data\large_mixed\minutes1\minutes1.wav,minutes1,159,795.0,5.0,2
C:\Users\Chris Boddy\OneDrive\Documents\Cyber Security and Digital Forensics MSc\Applications of Artificial Intelligence in Cyber Security\Assessment\project\data\large_mixed\minutes1\minutes1.wav,minutes1,160,800.0,5.0,0
C:\Users\Chris Boddy\OneDrive\Documents\Cyber Security and Digital Forensics MSc\Applications of Artificial Intelligence in Cyber Security\Assessment\project\data\large_mixed\minutes1\minutes1.wav,minutes1,161,805.0,5.0,0
C:\Users\Chris Boddy\OneDrive\Documents\Cyber Security and Digital Forensics MSc\Applications of Artificial Intelligence in Cyber Security\Assessment\project\data\large_mixed\minutes1\minutes1.wav,minutes1,162,810.0,5.0,2
C:\Users\Chris Boddy\OneDrive\Documents\Cyber Security and Digital Forensics MSc\Applications of Artificial Intelligence in Cyber Security\Assessment\project\data\large_mixed\minutes1\minutes1.wav,minutes1,163,815.0,5.0,0
C:\Users\Chris Boddy\OneDrive\Documents\Cyber Security and Digital Forensics MSc\Applications of Artificial Intelligence in Cyber Security\Assessment\project\data\large_mixed\minutes1\minutes1.wav,minutes1,164,820.0,5.0,1
C:\Users\Chris Boddy\OneDrive\Documents\Cyber Security and Digital Forensics MSc\Applications of Artificial Intelligence in Cyber Security\Assessment\project\data\large_mixed\minutes1\minutes1.wav,minutes1,165,825.0,5.0,2
C:\Users\Chris Boddy\OneDrive\Documents\Cyber Security and Digital Forensics MSc\Applications of Artificial Intelligence in Cyber Security\Assessment\project\data\large_mixed\minutes1\minutes1.wav,minutes1,166,830.0,5.0,0
C:\Users\Chris Boddy\OneDrive\Documents\Cyber Security and Digital Forensics MSc\Applications of Artificial Intelligence in Cyber Security\Assessment\project\data\large_mixed\minutes1\minutes1.wav,minutes1,167,835.0,5.0,1
C:\Users\Chris Boddy\OneDrive\Documents\Cyber Security and Digital Forensics MSc\Applications of Artificial Intelligence in Cyber Security\Assessment\project\data\large_mixed\minutes1\minutes1.wav,minutes1,168,840.0,5.0,2
C:\Users\Chris Boddy\OneDrive\Documents\Cyber Security and Digital Forensics MSc\Applications of Artificial Intelligence in Cyber Security\Assessment\project\data\large_mixed\minutes1\minutes1.wav,minutes1,169,845.0,5.0,1
C:\Users\Chris Boddy\OneDrive\Documents\Cyber Security and Digital Forensics MSc\Applications of Artificial Intelligence in Cyber Security\Assessment\project\data\large_mixed\minutes1\minutes1.wav,minutes1,170,850.0,5.0,1
C:\Users\Chris Boddy\OneDrive\Documents\Cyber Security and Digital Forensics MSc\Applications of Artificial Intelligence in Cyber Security\Assessment\project\data\large_mixed\minutes1\minutes1.wav,minutes1,171,855.0,5.0,2
C:\Users\Chris Boddy\OneDrive\Documents\Cyber Security and Digital Forensics MSc\Applications of Artificial Intelligence in Cyber Security\Assessment\project\data\large_mixed\minutes1\minutes1.wav,minutes1,172,860.0,5.0,0
C:\Users\Chris Boddy\OneDrive\Documents\Cyber Security and Digital Forensics MSc\Applications of Artificial Intelligence in Cyber Security\Assessment\project\data\large_mixed\minutes1\minutes1.wav,minutes1,173,865.0,5.0,1
C:\Users\Chris Boddy\OneDrive\Documents\Cyber Security and Digital Forensics MSc\Applications of Artificial Intelligence in Cyber Security\Assessment\project\data\large_mixed\minutes1\minutes1.wav,minutes1,174,870.0,5.0,0
C:\Users\Chris Boddy\OneDrive\Documents\Cyber Security and Digital Forensics MSc\Applications of Artificial Intelligence in Cyber Security\Assessment\project\data\large_mixed\minutes1\minutes1.wav,minutes1,175,875.0,5.0,1
C:\Users\Chris Boddy\OneDrive\Documents\Cyber Security and Digital Forensics MSc\Applications of Artificial Intelligence in Cyber Security\Assessment\project\data\large_mixed\minutes1\minutes1.wav,minutes1,176,880.0,5.0,1
C:\Users\Chris Boddy\OneDrive\Documents\Cyber Security and Digital Forensics MSc\Applications of Artificial Intelligence in Cyber Security\Assessment\project\data\large_mixed\minutes1\minutes1.wav,minutes1,177,885.0,5.0,0
C:\Users\Chris Boddy\OneDrive\Documents\Cyber Security and Digital Forensics MSc\Applications of Artificial Intelligence in Cyber Security\Assessment\project\data\large_mixed\minutes1\minutes1.wav,minutes1,178,890.0,5.0,1
C:\Users\Chris Boddy\OneDrive\Documents\Cyber Security and Digital Forensics MSc\Applications of Artificial Intelligence in Cyber Security\Assessment\project\data\large_mixed\minutes1\minutes1.wav,minutes1,179,895.0,5.0,2
C:\Users\Chris Boddy\OneDrive\Documents\Cyber Security and Digital Forensics MSc\Applications of Artificial Intelligence in Cyber Security\Assessment\project\data\large_mixed\minutes1\minutes1.wav,minutes1,180,900.0,5.0,0
C:\Users\Chris Boddy\OneDrive\Documents\Cyber Security and Digital Forensics MSc\Applications of Artificial Intelligence in Cyber Security\Assessment\project\data\large_mixed\minutes1\minutes1.wav,minutes1,181,905.0,5.0,1
C:\Users\Chris Boddy\OneDrive\Documents\Cyber Security and Digital Forensics MSc\Applications of Artificial Intelligence in Cyber Security\Assessment\project\data\large_mixed\minutes1\minutes1.wav,minutes1,182,910.0,5.0,0
C:\Users\Chris Boddy\OneDrive\Documents\Cyber Security and Digital Forensics MSc\Applications of Artificial Intelligence in Cyber Security\Assessment\project\data\large_mixed\minutes1\minutes1.wav,minutes1,183,915.0,5.0,1
C:\Users\Chris Boddy\OneDrive\Documents\Cyber Security and Digital Forensics MSc\Applications of Artificial Intelligence in Cyber Security\Assessment\project\data\large_mixed\minutes1\minutes1.wav,minutes1,184,920.0,5.0,0
C:\Users\Chris Boddy\OneDrive\Documents\Cyber Security and Digital Forensics MSc\Applications of Artificial Intelligence in Cyber Security\Assessment\project\data\large_mixed\minutes1\minutes1.wav,minutes1,185,925.0,5.0,2
C:\Users\Chris Boddy\OneDrive\Documents\Cyber Security and Digital Forensics MSc\Applications of Artificial Intelligence in Cyber Security\Assessment\project\data\large_mixed\minutes1\minutes1.wav,minutes1,186,930.0,5.0,0
C:\Users\Chris Boddy\OneDrive\Documents\Cyber Security and Digital Forensics MSc\Applications of Artificial Intelligence in Cyber Security\Assessment\project\data\large_mixed\minutes1\minutes1.wav,minutes1,187,935.0,5.0,1
C:\Users\Chris Boddy\OneDrive\Documents\Cyber Security and Digital Forensics MSc\Applications of Artificial Intelligence in Cyber Security\Assessment\project\data\large_mixed\minutes1\minutes1.wav,minutes1,188,940.0,5.0,2
C:\Users\Chris Boddy\OneDrive\Documents\Cyber Security and Digital Forensics MSc\Applications of Artificial Intelligence in Cyber Security\Assessment\project\data\large_mixed\minutes1\minutes1.wav,minutes1,189,945.0,5.0,2
C:\Users\Chris Boddy\OneDrive\Documents\Cyber Security and Digital Forensics MSc\Applications of Artificial Intelligence in Cyber Security\Assessment\project\data\large_mixed\minutes1\minutes1.wav,minutes1,190,950.0,5.0,1
C:\Users\Chris Boddy\OneDrive\Documents\Cyber Security and Digital Forensics MSc\Applications of Artificial Intelligence in Cyber Security\Assessment\project\data\large_mixed\minutes1\minutes1.wav,minutes1,191,955.0,5.0,2
C:\Users\Chris Boddy\OneDrive\Documents\Cyber Security and Digital Forensics MSc\Applications of Artificial Intelligence in Cyber Security\Assessment\project\data\large_mixed\minutes1\minutes1.wav,minutes1,192,960.0,5.0,1
C:\Users\Chris Boddy\OneDrive\Documents\Cyber Security and Digital Forensics MSc\Applications of Artificial Intelligence in Cyber Security\Assessment\project\data\large_mixed\minutes1\minutes1.wav,minutes1,193,965.0,5.0,1
C:\Users\Chris Boddy\OneDrive\Documents\Cyber Security and Digital Forensics MSc\Applications of Artificial Intelligence in Cyber Security\Assessment\project\data\large_mixed\minutes1\minutes1.wav,minutes1,194,970.0,5.0,1
C:\Users\Chris Boddy\OneDrive\Documents\Cyber Security and Digital Forensics MSc\Applications of Artificial Intelligence in Cyber Security\Assessment\project\data\large_mixed\minutes1\minutes1.wav,minutes1,195,975.0,5.0,2
C:\Users\Chris Boddy\OneDrive\Documents\Cyber Security and Digital Forensics MSc\Applications of Artificial Intelligence in Cyber Security\Assessment\project\data\large_mixed\minutes1\minutes1.wav,minutes1,196,980.0,5.0,0
C:\Users\Chris Boddy\OneDrive\Documents\Cyber Security and Digital Forensics MSc\Applications of Artificial Intelligence in Cyber Security\Assessment\project\data\large_mixed\minutes1\minutes1.wav,minutes1,197,985.0,5.0,1
C:\Users\Chris Boddy\OneDrive\Documents\Cyber Security and Digital Forensics MSc\Applications of Artificial Intelligence in Cyber Security\Assessment\project\data\large_mixed\minutes1\minutes1.wav,minutes1,198,990.0,5.0,2
C:\Users\Chris Boddy\OneDrive\Documents\Cyber Security and Digital Forensics MSc\Applications of Artificial Intelligence in Cyber Security\Assessment\project\data\large_mixed\minutes1\minutes1.wav,minutes1,199,995.0,5.0,1
C:\Users\Chris Boddy\OneDrive\Documents\Cyber Security and Digital Forensics MSc\Applications of Artificial Intelligence in Cyber Security\Assessment\project\data\large_mixed\minutes1\minutes1.wav,minutes1,200,1000.0,5.0,2
C:\Users\Chris Boddy\OneDrive\Documents\Cyber Security and Digital Forensics MSc\Applications of Artificial Intelligence in Cyber Security\Assessment\project\data\large_mixed\minutes1\minutes1.wav,minutes1,201,1005.0,5.0,0
C:\Users\Chris Boddy\OneDrive\Documents\Cyber Security and Digital Forensics MSc\Applications of Artificial Intelligence in Cyber Security\Assessment\project\data\large_mixed\minutes1\minutes1.wav,minutes1,202,1010.0,5.0,0
C:\Users\Chris Boddy\OneDrive\Documents\Cyber Security and Digital Forensics MSc\Applications of Artificial Intelligence in Cyber Security\Assessment\project\data\large_mixed\minutes1\minutes1.wav,minutes1,203,1015.0,5.0,1
C:\Users\Chris Boddy\OneDrive\Documents\Cyber Security and Digital Forensics MSc\Applications of Artificial Intelligence in Cyber Security\Assessment\project\data\large_mixed\minutes1\minutes1.wav,minutes1,204,1020.0,5.0,0
C:\Users\Chris Boddy\OneDrive\Documents\Cyber Security and Digital Forensics MSc\Applications of Artificial Intelligence in Cyber Security\Assessment\project\data\large_mixed\minutes1\minutes1.wav,minutes1,205,1025.0,5.0,2
C:\Users\Chris Boddy\OneDrive\Documents\Cyber Security and Digital Forensics MSc\Applications of Artificial Intelligence in Cyber Security\Assessment\project\data\large_mixed\minutes1\minutes1.wav,minutes1,206,1030.0,5.0,1
C:\Users\Chris Boddy\OneDrive\Documents\Cyber Security and Digital Forensics MSc\Applications of Artificial Intelligence in Cyber Security\Assessment\project\data\large_mixed\minutes1\minutes1.wav,minutes1,207,1035.0,5.0,1
C:\Users\Chris Boddy\OneDrive\Documents\Cyber Security and Digital Forensics MSc\Applications of Artificial Intelligence in Cyber Security\Assessment\project\data\large_mixed\minutes1\minutes1.wav,minutes1,208,1040.0,5.0,0
C:\Users\Chris Boddy\OneDrive\Documents\Cyber Security and Digital Forensics MSc\Applications of Artificial Intelligence in Cyber Security\Assessment\project\data\large_mixed\minutes1\minutes1.wav,minutes1,209,1045.0,5.0,0
C:\Users\Chris Boddy\OneDrive\Documents\Cyber Security and Digital Forensics MSc\Applications of Artificial Intelligence in Cyber Security\Assessment\project\data\large_mixed\minutes1\minutes1.wav,minutes1,210,1050.0,5.0,2
C:\Users\Chris Boddy\OneDrive\Documents\Cyber Security and Digital Forensics MSc\Applications of Artificial Intelligence in Cyber Security\Assessment\project\data\large_mixed\minutes1\minutes1.wav,minutes1,211,1055.0,5.0,1
C:\Users\Chris Boddy\OneDrive\Documents\Cyber Security and Digital Forensics MSc\Applications of Artificial Intelligence in Cyber Security\Assessment\project\data\large_mixed\minutes1\minutes1.wav,minutes1,212,1060.0,5.0,0
C:\Users\Chris Boddy\OneDrive\Documents\Cyber Security and Digital Forensics MSc\Applications of Artificial Intelligence in Cyber Security\Assessment\project\data\large_mixed\minutes1\minutes1.wav,minutes1,213,1065.0,5.0,1
C:\Users\Chris Boddy\OneDrive\Documents\Cyber Security and Digital Forensics MSc\Applications of Artificial Intelligence in Cyber Security\Assessment\project\data\large_mixed\minutes1\minutes1.wav,minutes1,214,1070.0,5.0,0
C:\Users\Chris Boddy\OneDrive\Documents\Cyber Security and Digital Forensics MSc\Applications of Artificial Intelligence in Cyber Security\Assessment\project\data\large_mixed\minutes1\minutes1.wav,minutes1,215,1075.0,5.0,1
C:\Users\Chris Boddy\OneDrive\Documents\Cyber Security and Digital Forensics MSc\Applications of Artificial Intelligence in Cyber Security\Assessment\project\data\large_mixed\minutes1\minutes1.wav,minutes1,216,1080.0,5.0,2
C:\Users\Chris Boddy\OneDrive\Documents\Cyber Security and Digital Forensics MSc\Applications of Artificial Intelligence in Cyber Security\Assessment\project\data\large_mixed\minutes1\minutes1.wav,minutes1,217,1085.0,5.0,0
C:\Users\Chris Boddy\OneDrive\Documents\Cyber Security and Digital Forensics MSc\Applications of Artificial Intelligence in Cyber Security\Assessment\project\data\large_mixed\minutes1\minutes1.wav,minutes1,218,1090.0,5.0,2
C:\Users\Chris Boddy\OneDrive\Documents\Cyber Security and Digital Forensics MSc\Applications of Artificial Intelligence in Cyber Security\Assessment\project\data\large_mixed\minutes1\minutes1.wav,minutes1,219,1095.0,5.0,0
C:\Users\Chris Boddy\OneDrive\Documents\Cyber Security and Digital Forensics MSc\Applications of Artificial Intelligence in Cyber Security\Assessment\project\data\large_mixed\minutes1\minutes1.wav,minutes1,220,1100.0,5.0,2
C:\Users\Chris Boddy\OneDrive\Documents\Cyber Security and Digital Forensics MSc\Applications of Artificial Intelligence in Cyber Security\Assessment\project\data\large_mixed\minutes1\minutes1.wav,minutes1,221,1105.0,5.0,0
C:\Users\Chris Boddy\OneDrive\Documents\Cyber Security and Digital Forensics MSc\Applications of Artificial Intelligence in Cyber Security\Assessment\project\data\large_mixed\minutes1\minutes1.wav,minutes1,222,1110.0,5.0,0
C:\Users\Chris Boddy\OneDrive\Documents\Cyber Security and Digital Forensics MSc\Applications of Artificial Intelligence in Cyber Security\Assessment\project\data\large_mixed\minutes1\minutes1.wav,minutes1,223,1115.0,5.0,1
C:\Users\Chris Boddy\OneDrive\Documents\Cyber Security and Digital Forensics MSc\Applications of Artificial Intelligence in Cyber Security\Assessment\project\data\large_mixed\minutes1\minutes1.wav,minutes1,224,1120.0,5.0,0
C:\Users\Chris Boddy\OneDrive\Documents\Cyber Security and Digital Forensics MSc\Applications of Artificial Intelligence in Cyber Security\Assessment\project\data\large_mixed\minutes1\minutes1.wav,minutes1,225,1125.0,5.0,0
C:\Users\Chris Boddy\OneDrive\Documents\Cyber Security and Digital Forensics MSc\Applications of Artificial Intelligence in Cyber Security\Assessment\project\data\large_mixed\minutes1\minutes1.wav,minutes1,226,1130.0,5.0,2
C:\Users\Chris Boddy\OneDrive\Documents\Cyber Security and Digital Forensics MSc\Applications of Artificial Intelligence in Cyber Security\Assessment\project\data\large_mixed\minutes1\minutes1.wav,minutes1,227,1135.0,5.0,1
C:\Users\Chris Boddy\OneDrive\Documents\Cyber Security and Digital Forensics MSc\Applications of Artificial Intelligence in Cyber Security\Assessment\project\data\large_mixed\minutes1\minutes1.wav,minutes1,228,1140.0,5.0,0
C:\Users\Chris Boddy\OneDrive\Documents\Cyber Security and Digital Forensics MSc\Applications of Artificial Intelligence in Cyber Security\Assessment\project\data\large_mixed\minutes1\minutes1.wav,minutes1,229,1145.0,5.0,2
C:\Users\Chris Boddy\OneDrive\Documents\Cyber Security and Digital Forensics MSc\Applications of Artificial Intelligence in Cyber Security\Assessment\project\data\large_mixed\minutes1\minutes1.wav,minutes1,230,1150.0,5.0,2
C:\Users\Chris Boddy\OneDrive\Documents\Cyber Security and Digital Forensics MSc\Applications of Artificial Intelligence in Cyber Security\Assessment\project\data\large_mixed\minutes1\minutes1.wav,minutes1,231,1155.0,5.0,1
C:\Users\Chris Boddy\OneDrive\Documents\Cyber Security and Digital Forensics MSc\Applications of Artificial Intelligence in Cyber Security\Assessment\project\data\large_mixed\minutes1\minutes1.wav,minutes1,232,1160.0,5.0,1
C:\Users\Chris Boddy\OneDrive\Documents\Cyber Security and Digital Forensics MSc\Applications of Artificial Intelligence in Cyber Security\Assessment\project\data\large_mixed\minutes1\minutes1.wav,minutes1,233,1165.0,5.0,0
C:\Users\Chris Boddy\OneDrive\Documents\Cyber Security and Digital Forensics MSc\Applications of Artificial Intelligence in Cyber Security\Assessment\project\data\large_mixed\minutes1\minutes1.wav,minutes1,234,1170.0,5.0,2
C:\Users\Chris Boddy\OneDrive\Documents\Cyber Security and Digital Forensics MSc\Applications of Artificial Intelligence in Cyber Security\Assessment\project\data\large_mixed\minutes1\minutes1.wav,minutes1,235,1175.0,5.0,1
C:\Users\Chris Boddy\OneDrive\Documents\Cyber Security and Digital Forensics MSc\Applications of Artificial Intelligence in Cyber Security\Assessment\project\data\large_mixed\minutes1\minutes1.wav,minutes1,236,1180.0,5.0,0
C:\Users\Chris Boddy\OneDrive\Documents\Cyber Security and Digital Forensics MSc\Applications of Artificial Intelligence in Cyber Security\Assessment\project\data\large_mixed\minutes1\minutes1.wav,minutes1,237,1185.0,5.0,0
C:\Users\Chris Boddy\OneDrive\Documents\Cyber Security and Digital Forensics MSc\Applications of Artificial Intelligence in Cyber Security\Assessment\project\data\large_mixed\minutes1\minutes1.wav,minutes1,238,1190.0,5.0,1
C:\Users\Chris Boddy\OneDrive\Documents\Cyber Security and Digital Forensics MSc\Applications of Artificial Intelligence in Cyber Security\Assessment\project\data\large_mixed\minutes1\minutes1.wav,minutes1,239,1195.0,5.0,0
C:\Users\Chris Boddy\OneDrive\Documents\Cyber Security and Digital Forensics MSc\Applications of Artificial Intelligence in Cyber Security\Assessment\project\data\large_mixed\minutes1\minutes1.wav,minutes1,240,1200.0,5.0,1
C:\Users\Chris Boddy\OneDrive\Documents\Cyber Security and Digital Forensics MSc\Applications of Artificial Intelligence in Cyber Security\Assessment\project\data\large_mixed\minutes1\minutes1.wav,minutes1,241,1205.0,5.0,2
C:\Users\Chris Boddy\OneDrive\Documents\Cyber Security and Digital Forensics MSc\Applications of Artificial Intelligence in Cyber Security\Assessment\project\data\large_mixed\minutes1\minutes1.wav,minutes1,242,1210.0,5.0,2
C:\Users\Chris Boddy\OneDrive\Documents\Cyber Security and Digital Forensics MSc\Applications of Artificial Intelligence in Cyber Security\Assessment\project\data\large_mixed\minutes1\minutes1.wav,minutes1,243,1215.0,5.0,0
C:\Users\Chris Boddy\OneDrive\Documents\Cyber Security and Digital Forensics MSc\Applications of Artificial Intelligence in Cyber Security\Assessment\project\data\large_mixed\minutes1\minutes1.wav,minutes1,244,1220.0,5.0,0
C:\Users\Chris Boddy\OneDrive\Documents\Cyber Security and Digital Forensics MSc\Applications of Artificial Intelligence in Cyber Security\Assessment\project\data\large_mixed\minutes1\minutes1.wav,minutes1,245,1225.0,5.0,2
C:\Users\Chris Boddy\OneDrive\Documents\Cyber Security and Digital Forensics MSc\Applications of Artificial Intelligence in Cyber Security\Assessment\project\data\large_mixed\minutes1\minutes1.wav,minutes1,246,1230.0,5.0,0
C:\Users\Chris Boddy\OneDrive\Documents\Cyber Security and Digital Forensics MSc\Applications of Artificial Intelligence in Cyber Security\Assessment\project\data\large_mixed\minutes1\minutes1.wav,minutes1,247,1235.0,5.0,2
C:\Users\Chris Boddy\OneDrive\Documents\Cyber Security and Digital Forensics MSc\Applications of Artificial Intelligence in Cyber Security\Assessment\project\data\large_mixed\minutes1\minutes1.wav,minutes1,248,1240.0,5.0,0
C:\Users\Chris Boddy\OneDrive\Documents\Cyber Security and Digital Forensics MSc\Applications of Artificial Intelligence in Cyber Security\Assessment\project\data\large_mixed\minutes1\minutes1.wav,minutes1,249,1245.0,5.0,2
C:\Users\Chris Boddy\OneDrive\Documents\Cyber Security and Digital Forensics MSc\Applications of Artificial Intelligence in Cyber Security\Assessment\project\data\large_mixed\minutes1\minutes1.wav,minutes1,250,1250.0,5.0,1
C:\Users\Chris Boddy\OneDrive\Documents\Cyber Security and Digital Forensics MSc\Applications of Artificial Intelligence in Cyber Security\Assessment\project\data\large_mixed\minutes1\minutes1.wav,minutes1,251,1255.0,5.0,0
C:\Users\Chris Boddy\OneDrive\Documents\Cyber Security and Digital Forensics MSc\Applications of Artificial Intelligence in Cyber Security\Assessment\project\data\large_mixed\minutes1\minutes1.wav,minutes1,252,1260.0,5.0,1
C:\Users\Chris Boddy\OneDrive\Documents\Cyber Security and Digital Forensics MSc\Applications of Artificial Intelligence in Cyber Security\Assessment\project\data\large_mixed\minutes1\minutes1.wav,minutes1,253,1265.0,5.0,1
C:\Users\Chris Boddy\OneDrive\Documents\Cyber Security and Digital Forensics MSc\Applications of Artificial Intelligence in Cyber Security\Assessment\project\data\large_mixed\minutes1\minutes1.wav,minutes1,254,1270.0,5.0,2
C:\Users\Chris Boddy\OneDrive\Documents\Cyber Security and Digital Forensics MSc\Applications of Artificial Intelligence in Cyber Security\Assessment\project\data\large_mixed\minutes1\minutes1.wav,minutes1,255,1275.0,5.0,1
C:\Users\Chris Boddy\OneDrive\Documents\Cyber Security and Digital Forensics MSc\Applications of Artificial Intelligence in Cyber Security\Assessment\project\data\large_mixed\minutes1\minutes1.wav,minutes1,256,1280.0,5.0,0
C:\Users\Chris Boddy\OneDrive\Documents\Cyber Security and Digital Forensics MSc\Applications of Artificial Intelligence in Cyber Security\Assessment\project\data\large_mixed\minutes1\minutes1.wav,minutes1,257,1285.0,5.0,0
C:\Users\Chris Boddy\OneDrive\Documents\Cyber Security and Digital Forensics MSc\Applications of Artificial Intelligence in Cyber Security\Assessment\project\data\large_mixed\minutes1\minutes1.wav,minutes1,258,1290.0,5.0,1
C:\Users\Chris Boddy\OneDrive\Documents\Cyber Security and Digital Forensics MSc\Applications of Artificial Intelligence in Cyber Security\Assessment\project\data\large_mixed\minutes1\minutes1.wav,minutes1,259,1295.0,5.0,0
C:\Users\Chris Boddy\OneDrive\Documents\Cyber Security and Digital Forensics MSc\Applications of Artificial Intelligence in Cyber Security\Assessment\project\data\large_mixed\minutes1\minutes1.wav,minutes1,260,1300.0,5.0,0
C:\Users\Chris Boddy\OneDrive\Documents\Cyber Security and Digital Forensics MSc\Applications of Artificial Intelligence in Cyber Security\Assessment\project\data\large_mixed\minutes1\minutes1.wav,minutes1,261,1305.0,5.0,2
C:\Users\Chris Boddy\OneDrive\Documents\Cyber Security and Digital Forensics MSc\Applications of Artificial Intelligence in Cyber Security\Assessment\project\data\large_mixed\minutes1\minutes1.wav,minutes1,262,1310.0,5.0,1
C:\Users\Chris Boddy\OneDrive\Documents\Cyber Security and Digital Forensics MSc\Applications of Artificial Intelligence in Cyber Security\Assessment\project\data\large_mixed\minutes1\minutes1.wav,minutes1,263,1315.0,5.0,2
C:\Users\Chris Boddy\OneDrive\Documents\Cyber Security and Digital Forensics MSc\Applications of Artificial Intelligence in Cyber Security\Assessment\project\data\large_mixed\minutes1\minutes1.wav,minutes1,264,1320.0,5.0,0
C:\Users\Chris Boddy\OneDrive\Documents\Cyber Security and Digital Forensics MSc\Applications of Artificial Intelligence in Cyber Security\Assessment\project\data\large_mixed\minutes1\minutes1.wav,minutes1,265,1325.0,5.0,1
C:\Users\Chris Boddy\OneDrive\Documents\Cyber Security and Digital Forensics MSc\Applications of Artificial Intelligence in Cyber Security\Assessment\project\data\large_mixed\minutes1\minutes1.wav,minutes1,266,1330.0,5.0,2
C:\Users\Chris Boddy\OneDrive\Documents\Cyber Security and Digital Forensics MSc\Applications of Artificial Intelligence in Cyber Security\Assessment\project\data\large_mixed\minutes1\minutes1.wav,minutes1,267,1335.0,5.0,1
C:\Users\Chris Boddy\OneDrive\Documents\Cyber Security and Digital Forensics MSc\Applications of Artificial Intelligence in Cyber Security\Assessment\project\data\large_mixed\minutes1\minutes1.wav,minutes1,268,1340.0,5.0,0
C:\Users\Chris Boddy\OneDrive\Documents\Cyber Security and Digital Forensics MSc\Applications of Artificial Intelligence in Cyber Security\Assessment\project\data\large_mixed\minutes1\minutes1.wav,minutes1,269,1345.0,5.0,1
C:\Users\Chris Boddy\OneDrive\Documents\Cyber Security and Digital Forensics MSc\Applications of Artificial Intelligence in Cyber Security\Assessment\project\data\large_mixed\minutes1\minutes1.wav,minutes1,270,1350.0,5.0,2
C:\Users\Chris Boddy\OneDrive\Documents\Cyber Security and Digital Forensics MSc\Applications of Artificial Intelligence in Cyber Security\Assessment\project\data\large_mixed\minutes1\minutes1.wav,minutes1,271,1355.0,5.0,0
C:\Users\Chris Boddy\OneDrive\Documents\Cyber Security and Digital Forensics MSc\Applications of Artificial Intelligence in Cyber Security\Assessment\project\data\large_mixed\minutes1\minutes1.wav,minutes1,272,1360.0,5.0,1
C:\Users\Chris Boddy\OneDrive\Documents\Cyber Security and Digital Forensics MSc\Applications of Artificial Intelligence in Cyber Security\Assessment\project\data\large_mixed\minutes1\minutes1.wav,minutes1,273,1365.0,5.0,1
C:\Users\Chris Boddy\OneDrive\Documents\Cyber Security and Digital Forensics MSc\Applications of Artificial Intelligence in Cyber Security\Assessment\project\data\large_mixed\minutes1\minutes1.wav,minutes1,274,1370.0,5.0,0
C:\Users\Chris Boddy\OneDrive\Documents\Cyber Security and Digital Forensics MSc\Applications of Artificial Intelligence in Cyber Security\Assessment\project\data\large_mixed\minutes1\minutes1.wav,minutes1,275,1375.0,5.0,0
C:\Users\Chris Boddy\OneDrive\Documents\Cyber Security and Digital Forensics MSc\Applications of Artificial Intelligence in Cyber Security\Assessment\project\data\large_mixed\minutes1\minutes1.wav,minutes1,276,1380.0,5.0,2
C:\Users\Chris Boddy\OneDrive\Documents\Cyber Security and Digital Forensics MSc\Applications of Artificial Intelligence in Cyber Security\Assessment\project\data\large_mixed\minutes1\minutes1.wav,minutes1,277,1385.0,5.0,0
C:\Users\Chris Boddy\OneDrive\Documents\Cyber Security and Digital Forensics MSc\Applications of Artificial Intelligence in Cyber Security\Assessment\project\data\large_mixed\minutes1\minutes1.wav,minutes1,278,1390.0,5.0,2
C:\Users\Chris Boddy\OneDrive\Documents\Cyber Security and Digital Forensics MSc\Applications of Artificial Intelligence in Cyber Security\Assessment\project\data\large_mixed\minutes1\minutes1.wav,minutes1,279,1395.0,5.0,1
C:\Users\Chris Boddy\OneDrive\Documents\Cyber Security and Digital Forensics MSc\Applications of Artificial Intelligence in Cyber Security\Assessment\project\data\large_mixed\minutes1\minutes1.wav,minutes1,280,1400.0,5.0,0
C:\Users\Chris Boddy\OneDrive\Documents\Cyber Security and Digital Forensics MSc\Applications of Artificial Intelligence in Cyber Security\Assessment\project\data\large_mixed\minutes1\minutes1.wav,minutes1,281,1405.0,5.0,1
C:\Users\Chris Boddy\OneDrive\Documents\Cyber Security and Digital Forensics MSc\Applications of Artificial Intelligence in Cyber Security\Assessment\project\data\large_mixed\minutes1\minutes1.wav,minutes1,282,1410.0,5.0,1
C:\Users\Chris Boddy\OneDrive\Documents\Cyber Security and Digital Forensics MSc\Applications of Artificial Intelligence in Cyber Security\Assessment\project\data\large_mixed\minutes1\minutes1.wav,minutes1,283,1415.0,5.0,0
C:\Users\Chris Boddy\OneDrive\Documents\Cyber Security and Digital Forensics MSc\Applications of Artificial Intelligence in Cyber Security\Assessment\project\data\large_mixed\minutes1\minutes1.wav,minutes1,284,1420.0,5.0,0
C:\Users\Chris Boddy\OneDrive\Documents\Cyber Security and Digital Forensics MSc\Applications of Artificial Intelligence in Cyber Security\Assessment\project\data\large_mixed\minutes1\minutes1.wav,minutes1,285,1425.0,5.0,1
C:\Users\Chris Boddy\OneDrive\Documents\Cyber Security and Digital Forensics MSc\Applications of Artificial Intelligence in Cyber Security\Assessment\project\data\large_mixed\minutes1\minutes1.wav,minutes1,286,1430.0,5.0,0
C:\Users\Chris Boddy\OneDrive\Documents\Cyber Security and Digital Forensics MSc\Applications of Artificial Intelligence in Cyber Security\Assessment\project\data\large_mixed\minutes1\minutes1.wav,minutes1,287,1435.0,5.0,0
C:\Users\Chris Boddy\OneDrive\Documents\Cyber Security and Digital Forensics MSc\Applications of Artificial Intelligence in Cyber Security\Assessment\project\data\large_mixed\minutes1\minutes1.wav,minutes1,288,1440.0,5.0,0
C:\Users\Chris Boddy\OneDrive\Documents\Cyber Security and Digital Forensics MSc\Applications of Artificial Intelligence in Cyber Security\Assessment\project\data\large_mixed\minutes1\minutes1.wav,minutes1,289,1445.0,5.0,0
C:\Users\Chris Boddy\OneDrive\Documents\Cyber Security and Digital Forensics MSc\Applications of Artificial Intelligence in Cyber Security\Assessment\project\data\large_mixed\minutes1\minutes1.wav,minutes1,290,1450.0,5.0,1
C:\Users\Chris Boddy\OneDrive\Documents\Cyber Security and Digital Forensics MSc\Applications of Artificial Intelligence in Cyber Security\Assessment\project\data\large_mixed\minutes1\minutes1.wav,minutes1,291,1455.0,5.0,2
C:\Users\Chris Boddy\OneDrive\Documents\Cyber Security and Digital Forensics MSc\Applications of Artificial Intelligence in Cyber Security\Assessment\project\data\large_mixed\minutes1\minutes1.wav,minutes1,292,1460.0,5.0,1
C:\Users\Chris Boddy\OneDrive\Documents\Cyber Security and Digital Forensics MSc\Applications of Artificial Intelligence in Cyber Security\Assessment\project\data\large_mixed\minutes1\minutes1.wav,minutes1,293,1465.0,5.0,1
C:\Users\Chris Boddy\OneDrive\Documents\Cyber Security and Digital Forensics MSc\Applications of Artificial Intelligence in Cyber Security\Assessment\project\data\large_mixed\minutes1\minutes1.wav,minutes1,294,1470.0,5.0,2
C:\Users\Chris Boddy\OneDrive\Documents\Cyber Security and Digital Forensics MSc\Applications of Artificial Intelligence in Cyber Security\Assessment\project\data\large_mixed\minutes1\minutes1.wav,minutes1,295,1475.0,5.0,1
C:\Users\Chris Boddy\OneDrive\Documents\Cyber Security and Digital Forensics MSc\Applications of Artificial Intelligence in Cyber Security\Assessment\project\data\large_mixed\minutes1\minutes1.wav,minutes1,296,1480.0,5.0,0
C:\Users\Chris Boddy\OneDrive\Documents\Cyber Security and Digital Forensics MSc\Applications of Artificial Intelligence in Cyber Security\Assessment\project\data\large_mixed\minutes1\minutes1.wav,minutes1,297,1485.0,5.0,2
C:\Users\Chris Boddy\OneDrive\Documents\Cyber Security and Digital Forensics MSc\Applications of Artificial Intelligence in Cyber Security\Assessment\project\data\large_mixed\minutes1\minutes1.wav,minutes1,298,1490.0,5.0,0
C:\Users\Chris Boddy\OneDrive\Documents\Cyber Security and Digital Forensics MSc\Applications of Artificial Intelligence in Cyber Security\Assessment\project\data\large_mixed\minutes1\minutes1.wav,minutes1,299,1495.0,5.0,0
C:\Users\Chris Boddy\OneDrive\Documents\Cyber Security and Digital Forensics MSc\Applications of Artificial Intelligence in Cyber Security\Assessment\project\data\large_mixed\minutes1\minutes1.wav,minutes1,300,1500.0,5.0,2
C:\Users\Chris Boddy\OneDrive\Documents\Cyber Security and Digital Forensics MSc\Applications of Artificial Intelligence in Cyber Security\Assessment\project\data\large_mixed\minutes1\minutes1.wav,minutes1,301,1505.0,5.0,1
C:\Users\Chris Boddy\OneDrive\Documents\Cyber Security and Digital Forensics MSc\Applications of Artificial Intelligence in Cyber Security\Assessment\project\data\large_mixed\minutes1\minutes1.wav,minutes1,302,1510.0,5.0,0
C:\Users\Chris Boddy\OneDrive\Documents\Cyber Security and Digital Forensics MSc\Applications of Artificial Intelligence in Cyber Security\Assessment\project\data\large_mixed\minutes1\minutes1.wav,minutes1,303,1515.0,5.0,1
C:\Users\Chris Boddy\OneDrive\Documents\Cyber Security and Digital Forensics MSc\Applications of Artificial Intelligence in Cyber Security\Assessment\project\data\large_mixed\minutes1\minutes1.wav,minutes1,304,1520.0,5.0,2
C:\Users\Chris Boddy\OneDrive\Documents\Cyber Security and Digital Forensics MSc\Applications of Artificial Intelligence in Cyber Security\Assessment\project\data\large_mixed\minutes1\minutes1.wav,minutes1,305,1525.0,5.0,1
C:\Users\Chris Boddy\OneDrive\Documents\Cyber Security and Digital Forensics MSc\Applications of Artificial Intelligence in Cyber Security\Assessment\project\data\large_mixed\minutes1\minutes1.wav,minutes1,306,1530.0,5.0,0
C:\Users\Chris Boddy\OneDrive\Documents\Cyber Security and Digital Forensics MSc\Applications of Artificial Intelligence in Cyber Security\Assessment\project\data\large_mixed\minutes1\minutes1.wav,minutes1,307,1535.0,5.0,0
C:\Users\Chris Boddy\OneDrive\Documents\Cyber Security and Digital Forensics MSc\Applications of Artificial Intelligence in Cyber Security\Assessment\project\data\large_mixed\minutes1\minutes1.wav,minutes1,308,1540.0,5.0,2
C:\Users\Chris Boddy\OneDrive\Documents\Cyber Security and Digital Forensics MSc\Applications of Artificial Intelligence in Cyber Security\Assessment\project\data\large_mixed\minutes1\minutes1.wav,minutes1,309,1545.0,5.0,2
C:\Users\Chris Boddy\OneDrive\Documents\Cyber Security and Digital Forensics MSc\Applications of Artificial Intelligence in Cyber Security\Assessment\project\data\large_mixed\minutes1\minutes1.wav,minutes1,310,1550.0,5.0,1
C:\Users\Chris Boddy\OneDrive\Documents\Cyber Security and Digital Forensics MSc\Applications of Artificial Intelligence in Cyber Security\Assessment\project\data\large_mixed\minutes1\minutes1.wav,minutes1,311,1555.0,5.0,2
C:\Users\Chris Boddy\OneDrive\Documents\Cyber Security and Digital Forensics MSc\Applications of Artificial Intelligence in Cyber Security\Assessment\project\data\large_mixed\minutes1\minutes1.wav,minutes1,312,1560.0,5.0,1
C:\Users\Chris Boddy\OneDrive\Documents\Cyber Security and Digital Forensics MSc\Applications of Artificial Intelligence in Cyber Security\Assessment\project\data\large_mixed\minutes1\minutes1.wav,minutes1,313,1565.0,5.0,1
C:\Users\Chris Boddy\OneDrive\Documents\Cyber Security and Digital Forensics MSc\Applications of Artificial Intelligence in Cyber Security\Assessment\project\data\large_mixed\minutes1\minutes1.wav,minutes1,314,1570.0,5.0,0
C:\Users\Chris Boddy\OneDrive\Documents\Cyber Security and Digital Forensics MSc\Applications of Artificial Intelligence in Cyber Security\Assessment\project\data\large_mixed\minutes1\minutes1.wav,minutes1,315,1575.0,5.0,1
C:\Users\Chris Boddy\OneDrive\Documents\Cyber Security and Digital Forensics MSc\Applications of Artificial Intelligence in Cyber Security\Assessment\project\data\large_mixed\minutes1\minutes1.wav,minutes1,316,1580.0,5.0,0
C:\Users\Chris Boddy\OneDrive\Documents\Cyber Security and Digital Forensics MSc\Applications of Artificial Intelligence in Cyber Security\Assessment\project\data\large_mixed\minutes1\minutes1.wav,minutes1,317,1585.0,5.0,1
C:\Users\Chris Boddy\OneDrive\Documents\Cyber Security and Digital Forensics MSc\Applications of Artificial Intelligence in Cyber Security\Assessment\project\data\large_mixed\minutes1\minutes1.wav,minutes1,318,1590.0,5.0,0
C:\Users\Chris Boddy\OneDrive\Documents\Cyber Security and Digital Forensics MSc\Applications of Artificial Intelligence in Cyber Security\Assessment\project\data\large_mixed\minutes1\minutes1.wav,minutes1,319,1595.0,5.0,0
C:\Users\Chris Boddy\OneDrive\Documents\Cyber Security and Digital Forensics MSc\Applications of Artificial Intelligence in Cyber Security\Assessment\project\data\large_mixed\minutes1\minutes1.wav,minutes1,320,1600.0,5.0,1
C:\Users\Chris Boddy\OneDrive\Documents\Cyber Security and Digital Forensics MSc\Applications of Artificial Intelligence in Cyber Security\Assessment\project\data\large_mixed\minutes1\minutes1.wav,minutes1,321,1605.0,5.0,2
C:\Users\Chris Boddy\OneDrive\Documents\Cyber Security and Digital Forensics MSc\Applications of Artificial Intelligence in Cyber Security\Assessment\project\data\large_mixed\minutes1\minutes1.wav,minutes1,322,1610.0,5.0,1
C:\Users\Chris Boddy\OneDrive\Documents\Cyber Security and Digital Forensics MSc\Applications of Artificial Intelligence in Cyber Security\Assessment\project\data\large_mixed\minutes1\minutes1.wav,minutes1,323,1615.0,5.0,0
C:\Users\Chris Boddy\OneDrive\Documents\Cyber Security and Digital Forensics MSc\Applications of Artificial Intelligence in Cyber Security\Assessment\project\data\large_mixed\minutes1\minutes1.wav,minutes1,324,1620.0,5.0,0
C:\Users\Chris Boddy\OneDrive\Documents\Cyber Security and Digital Forensics MSc\Applications of Artificial Intelligence in Cyber Security\Assessment\project\data\large_mixed\minutes1\minutes1.wav,minutes1,325,1625.0,5.0,1
C:\Users\Chris Boddy\OneDrive\Documents\Cyber Security and Digital Forensics MSc\Applications of Artificial Intelligence in Cyber Security\Assessment\project\data\large_mixed\minutes1\minutes1.wav,minutes1,326,1630.0,5.0,1
C:\Users\Chris Boddy\OneDrive\Documents\Cyber Security and Digital Forensics MSc\Applications of Artificial Intelligence in Cyber Security\Assessment\project\data\large_mixed\minutes1\minutes1.wav,minutes1,327,1635.0,5.0,1
C:\Users\Chris Boddy\OneDrive\Documents\Cyber Security and Digital Forensics MSc\Applications of Artificial Intelligence in Cyber Security\Assessment\project\data\large_mixed\minutes1\minutes1.wav,minutes1,328,1640.0,5.0,2
C:\Users\Chris Boddy\OneDrive\Documents\Cyber Security and Digital Forensics MSc\Applications of Artificial Intelligence in Cyber Security\Assessment\project\data\large_mixed\minutes1\minutes1.wav,minutes1,329,1645.0,5.0,0
C:\Users\Chris Boddy\OneDrive\Documents\Cyber Security and Digital Forensics MSc\Applications of Artificial Intelligence in Cyber Security\Assessment\project\data\large_mixed\minutes1\minutes1.wav,minutes1,330,1650.0,5.0,1
C:\Users\Chris Boddy\OneDrive\Documents\Cyber Security and Digital Forensics MSc\Applications of Artificial Intelligence in Cyber Security\Assessment\project\data\large_mixed\minutes1\minutes1.wav,minutes1,331,1655.0,5.0,1
C:\Users\Chris Boddy\OneDrive\Documents\Cyber Security and Digital Forensics MSc\Applications of Artificial Intelligence in Cyber Security\Assessment\project\data\large_mixed\minutes1\minutes1.wav,minutes1,332,1660.0,5.0,0
C:\Users\Chris Boddy\OneDrive\Documents\Cyber Security and Digital Forensics MSc\Applications of Artificial Intelligence in Cyber Security\Assessment\project\data\large_mixed\minutes1\minutes1.wav,minutes1,333,1665.0,5.0,1
C:\Users\Chris Boddy\OneDrive\Documents\Cyber Security and Digital Forensics MSc\Applications of Artificial Intelligence in Cyber Security\Assessment\project\data\large_mixed\minutes1\minutes1.wav,minutes1,334,1670.0,5.0,0
C:\Users\Chris Boddy\OneDrive\Documents\Cyber Security and Digital Forensics MSc\Applications of Artificial Intelligence in Cyber Security\Assessment\project\data\large_mixed\minutes1\minutes1.wav,minutes1,335,1675.0,5.0,2
C:\Users\Chris Boddy\OneDrive\Documents\Cyber Security and Digital Forensics MSc\Applications of Artificial Intelligence in Cyber Security\Assessment\project\data\large_mixed\minutes1\minutes1.wav,minutes1,336,1680.0,5.0,1
C:\Users\Chris Boddy\OneDrive\Documents\Cyber Security and Digital Forensics MSc\Applications of Artificial Intelligence in Cyber Security\Assessment\project\data\large_mixed\minutes1\minutes1.wav,minutes1,337,1685.0,5.0,0
C:\Users\Chris Boddy\OneDrive\Documents\Cyber Security and Digital Forensics MSc\Applications of Artificial Intelligence in Cyber Security\Assessment\project\data\large_mixed\minutes1\minutes1.wav,minutes1,338,1690.0,5.0,1
C:\Users\Chris Boddy\OneDrive\Documents\Cyber Security and Digital Forensics MSc\Applications of Artificial Intelligence in Cyber Security\Assessment\project\data\large_mixed\minutes1\minutes1.wav,minutes1,339,1695.0,5.0,0
C:\Users\Chris Boddy\OneDrive\Documents\Cyber Security and Digital Forensics MSc\Applications of Artificial Intelligence in Cyber Security\Assessment\project\data\large_mixed\minutes1\minutes1.wav,minutes1,340,1700.0,5.0,2
C:\Users\Chris Boddy\OneDrive\Documents\Cyber Security and Digital Forensics MSc\Applications of Artificial Intelligence in Cyber Security\Assessment\project\data\large_mixed\minutes1\minutes1.wav,minutes1,341,1705.0,5.0,0
C:\Users\Chris Boddy\OneDrive\Documents\Cyber Security and Digital Forensics MSc\Applications of Artificial Intelligence in Cyber Security\Assessment\project\data\large_mixed\minutes1\minutes1.wav,minutes1,342,1710.0,5.0,2
C:\Users\Chris Boddy\OneDrive\Documents\Cyber Security and Digital Forensics MSc\Applications of Artificial Intelligence in Cyber Security\Assessment\project\data\large_mixed\minutes1\minutes1.wav,minutes1,343,1715.0,5.0,0
C:\Users\Chris Boddy\OneDrive\Documents\Cyber Security and Digital Forensics MSc\Applications of Artificial Intelligence in Cyber Security\Assessment\project\data\large_mixed\minutes1\minutes1.wav,minutes1,344,1720.0,5.0,1
C:\Users\Chris Boddy\OneDrive\Documents\Cyber Security and Digital Forensics MSc\Applications of Artificial Intelligence in Cyber Security\Assessment\project\data\large_mixed\minutes1\minutes1.wav,minutes1,345,1725.0,5.0,1
C:\Users\Chris Boddy\OneDrive\Documents\Cyber Security and Digital Forensics MSc\Applications of Artificial Intelligence in Cyber Security\Assessment\project\data\large_mixed\minutes1\minutes1.wav,minutes1,346,1730.0,5.0,2
C:\Users\Chris Boddy\OneDrive\Documents\Cyber Security and Digital Forensics MSc\Applications of Artificial Intelligence in Cyber Security\Assessment\project\data\large_mixed\minutes1\minutes1.wav,minutes1,347,1735.0,5.0,0
C:\Users\Chris Boddy\OneDrive\Documents\Cyber Security and Digital Forensics MSc\Applications of Artificial Intelligence in Cyber Security\Assessment\project\data\large_mixed\minutes1\minutes1.wav,minutes1,348,1740.0,5.0,2
C:\Users\Chris Boddy\OneDrive\Documents\Cyber Security and Digital Forensics MSc\Applications of Artificial Intelligence in Cyber Security\Assessment\project\data\large_mixed\minutes1\minutes1.wav,minutes1,349,1745.0,5.0,0
C:\Users\Chris Boddy\OneDrive\Documents\Cyber Security and Digital Forensics MSc\Applications of Artificial Intelligence in Cyber Security\Assessment\project\data\large_mixed\minutes1\minutes1.wav,minutes1,350,1750.0,5.0,0
C:\Users\Chris Boddy\OneDrive\Documents\Cyber Security and Digital Forensics MSc\Applications of Artificial Intelligence in Cyber Security\Assessment\project\data\large_mixed\minutes1\minutes1.wav,minutes1,351,1755.0,5.0,1
C:\Users\Chris Boddy\OneDrive\Documents\Cyber Security and Digital Forensics MSc\Applications of Artificial Intelligence in Cyber Security\Assessment\project\data\large_mixed\minutes1\minutes1.wav,minutes1,352,1760.0,5.0,2
C:\Users\Chris Boddy\OneDrive\Documents\Cyber Security and Digital Forensics MSc\Applications of Artificial Intelligence in Cyber Security\Assessment\project\data\large_mixed\minutes1\minutes1.wav,minutes1,353,1765.0,5.0,0
C:\Users\Chris Boddy\OneDrive\Documents\Cyber Security and Digital Forensics MSc\Applications of Artificial Intelligence in Cyber Security\Assessment\project\data\large_mixed\minutes1\minutes1.wav,minutes1,354,1770.0,5.0,2
C:\Users\Chris Boddy\OneDrive\Documents\Cyber Security and Digital Forensics MSc\Applications of Artificial Intelligence in Cyber Security\Assessment\project\data\large_mixed\minutes1\minutes1.wav,minutes1,355,1775.0,5.0,1
C:\Users\Chris Boddy\OneDrive\Documents\Cyber Security and Digital Forensics MSc\Applications of Artificial Intelligence in Cyber Security\Assessment\project\data\large_mixed\minutes1\minutes1.wav,minutes1,356,1780.0,5.0,1
C:\Users\Chris Boddy\OneDrive\Documents\Cyber Security and Digital Forensics MSc\Applications of Artificial Intelligence in Cyber Security\Assessment\project\data\large_mixed\minutes1\minutes1.wav,minutes1,357,1785.0,5.0,2
C:\Users\Chris Boddy\OneDrive\Documents\Cyber Security and Digital Forensics MSc\Applications of Artificial Intelligence in Cyber Security\Assessment\project\data\large_mixed\minutes1\minutes1.wav,minutes1,358,1790.0,5.0,1
C:\Users\Chris Boddy\OneDrive\Documents\Cyber Security and Digital Forensics MSc\Applications of Artificial Intelligence in Cyber Security\Assessment\project\data\large_mixed\minutes1\minutes1.wav,minutes1,359,1795.0,5.0,2
C:\Users\Chris Boddy\OneDrive\Documents\Cyber Security and Digital Forensics MSc\Applications of Artificial Intelligence in Cyber Security\Assessment\project\data\large_mixed\minutes1\minutes1.wav,minutes1,360,1800.0,5.0,2
C:\Users\Chris Boddy\OneDrive\Documents\Cyber Security and Digital Forensics MSc\Applications of Artificial Intelligence in Cyber Security\Assessment\project\data\large_mixed\minutes1\minutes1.wav,minutes1,361,1805.0,5.0,0
C:\Users\Chris Boddy\OneDrive\Documents\Cyber Security and Digital Forensics MSc\Applications of Artificial Intelligence in Cyber Security\Assessment\project\data\large_mixed\minutes1\minutes1.wav,minutes1,362,1810.0,5.0,2
C:\Users\Chris Boddy\OneDrive\Documents\Cyber Security and Digital Forensics MSc\Applications of Artificial Intelligence in Cyber Security\Assessment\project\data\large_mixed\minutes1\minutes1.wav,minutes1,363,1815.0,5.0,1
C:\Users\Chris Boddy\OneDrive\Documents\Cyber Security and Digital Forensics MSc\Applications of Artificial Intelligence in Cyber Security\Assessment\project\data\large_mixed\minutes1\minutes1.wav,minutes1,364,1820.0,5.0,2
C:\Users\Chris Boddy\OneDrive\Documents\Cyber Security and Digital Forensics MSc\Applications of Artificial Intelligence in Cyber Security\Assessment\project\data\large_mixed\minutes1\minutes1.wav,minutes1,365,1825.0,5.0,1
C:\Users\Chris Boddy\OneDrive\Documents\Cyber Security and Digital Forensics MSc\Applications of Artificial Intelligence in Cyber Security\Assessment\project\data\large_mixed\minutes1\minutes1.wav,minutes1,366,1830.0,5.0,0
C:\Users\Chris Boddy\OneDrive\Documents\Cyber Security and Digital Forensics MSc\Applications of Artificial Intelligence in Cyber Security\Assessment\project\data\large_mixed\minutes1\minutes1.wav,minutes1,367,1835.0,5.0,1
C:\Users\Chris Boddy\OneDrive\Documents\Cyber Security and Digital Forensics MSc\Applications of Artificial Intelligence in Cyber Security\Assessment\project\data\large_mixed\minutes1\minutes1.wav,minutes1,368,1840.0,5.0,2
C:\Users\Chris Boddy\OneDrive\Documents\Cyber Security and Digital Forensics MSc\Applications of Artificial Intelligence in Cyber Security\Assessment\project\data\large_mixed\minutes1\minutes1.wav,minutes1,369,1845.0,5.0,1
C:\Users\Chris Boddy\OneDrive\Documents\Cyber Security and Digital Forensics MSc\Applications of Artificial Intelligence in Cyber Security\Assessment\project\data\large_mixed\minutes1\minutes1.wav,minutes1,370,1850.0,5.0,1
C:\Users\Chris Boddy\OneDrive\Documents\Cyber Security and Digital Forensics MSc\Applications of Artificial Intelligence in Cyber Security\Assessment\project\data\large_mixed\minutes1\minutes1.wav,minutes1,371,1855.0,5.0,0
C:\Users\Chris Boddy\OneDrive\Documents\Cyber Security and Digital Forensics MSc\Applications of Artificial Intelligence in Cyber Security\Assessment\project\data\large_mixed\minutes1\minutes1.wav,minutes1,372,1860.0,5.0,1
C:\Users\Chris Boddy\OneDrive\Documents\Cyber Security and Digital Forensics MSc\Applications of Artificial Intelligence in Cyber Security\Assessment\project\data\large_mixed\minutes1\minutes1.wav,minutes1,373,1865.0,5.0,1
C:\Users\Chris Boddy\OneDrive\Documents\Cyber Security and Digital Forensics MSc\Applications of Artificial Intelligence in Cyber Security\Assessment\project\data\large_mixed\minutes1\minutes1.wav,minutes1,374,1870.0,5.0,1
C:\Users\Chris Boddy\OneDrive\Documents\Cyber Security and Digital Forensics MSc\Applications of Artificial Intelligence in Cyber Security\Assessment\project\data\large_mixed\minutes1\minutes1.wav,minutes1,375,1875.0,5.0,2
C:\Users\Chris Boddy\OneDrive\Documents\Cyber Security and Digital Forensics MSc\Applications of Artificial Intelligence in Cyber Security\Assessment\project\data\large_mixed\minutes1\minutes1.wav,minutes1,376,1880.0,5.0,0
C:\Users\Chris Boddy\OneDrive\Documents\Cyber Security and Digital Forensics MSc\Applications of Artificial Intelligence in Cyber Security\Assessment\project\data\large_mixed\minutes1\minutes1.wav,minutes1,377,1885.0,5.0,2
C:\Users\Chris Boddy\OneDrive\Documents\Cyber Security and Digital Forensics MSc\Applications of Artificial Intelligence in Cyber Security\Assessment\project\data\large_mixed\minutes1\minutes1.wav,minutes1,378,1890.0,5.0,0
C:\Users\Chris Boddy\OneDrive\Documents\Cyber Security and Digital Forensics MSc\Applications of Artificial Intelligence in Cyber Security\Assessment\project\data\large_mixed\minutes1\minutes1.wav,minutes1,379,1895.0,5.0,0
C:\Users\Chris Boddy\OneDrive\Documents\Cyber Security and Digital Forensics MSc\Applications of Artificial Intelligence in Cyber Security\Assessment\project\data\large_mixed\minutes1\minutes1.wav,minutes1,380,1900.0,5.0,0
C:\Users\Chris Boddy\OneDrive\Documents\Cyber Security and Digital Forensics MSc\Applications of Artificial Intelligence in Cyber Security\Assessment\project\data\large_mixed\minutes1\minutes1.wav,minutes1,381,1905.0,5.0,1
C:\Users\Chris Boddy\OneDrive\Documents\Cyber Security and Digital Forensics MSc\Applications of Artificial Intelligence in Cyber Security\Assessment\project\data\large_mixed\minutes1\minutes1.wav,minutes1,382,1910.0,5.0,0
C:\Users\Chris Boddy\OneDrive\Documents\Cyber Security and Digital Forensics MSc\Applications of Artificial Intelligence in Cyber Security\Assessment\project\data\large_mixed\minutes1\minutes1.wav,minutes1,383,1915.0,5.0,1
C:\Users\Chris Boddy\OneDrive\Documents\Cyber Security and Digital Forensics MSc\Applications of Artificial Intelligence in Cyber Security\Assessment\project\data\large_mixed\minutes1\minutes1.wav,minutes1,384,1920.0,5.0,2
C:\Users\Chris Boddy\OneDrive\Documents\Cyber Security and Digital Forensics MSc\Applications of Artificial Intelligence in Cyber Security\Assessment\project\data\large_mixed\minutes1\minutes1.wav,minutes1,385,1925.0,5.0,1
C:\Users\Chris Boddy\OneDrive\Documents\Cyber Security and Digital Forensics MSc\Applications of Artificial Intelligence in Cyber Security\Assessment\project\data\large_mixed\minutes1\minutes1.wav,minutes1,386,1930.0,5.0,0
C:\Users\Chris Boddy\OneDrive\Documents\Cyber Security and Digital Forensics MSc\Applications of Artificial Intelligence in Cyber Security\Assessment\project\data\large_mixed\minutes1\minutes1.wav,minutes1,387,1935.0,5.0,2
C:\Users\Chris Boddy\OneDrive\Documents\Cyber Security and Digital Forensics MSc\Applications of Artificial Intelligence in Cyber Security\Assessment\project\data\large_mixed\minutes1\minutes1.wav,minutes1,388,1940.0,5.0,0
C:\Users\Chris Boddy\OneDrive\Documents\Cyber Security and Digital Forensics MSc\Applications of Artificial Intelligence in Cyber Security\Assessment\project\data\large_mixed\minutes1\minutes1.wav,minutes1,389,1945.0,5.0,0
C:\Users\Chris Boddy\OneDrive\Documents\Cyber Security and Digital Forensics MSc\Applications of Artificial Intelligence in Cyber Security\Assessment\project\data\large_mixed\minutes1\minutes1.wav,minutes1,390,1950.0,5.0,1
C:\Users\Chris Boddy\OneDrive\Documents\Cyber Security and Digital Forensics MSc\Applications of Artificial Intelligence in Cyber Security\Assessment\project\data\large_mixed\minutes1\minutes1.wav,minutes1,391,1955.0,5.0,2
C:\Users\Chris Boddy\OneDrive\Documents\Cyber Security and Digital Forensics MSc\Applications of Artificial Intelligence in Cyber Security\Assessment\project\data\large_mixed\minutes1\minutes1.wav,minutes1,392,1960.0,5.0,0
C:\Users\Chris Boddy\OneDrive\Documents\Cyber Security and Digital Forensics MSc\Applications of Artificial Intelligence in Cyber Security\Assessment\project\data\large_mixed\minutes1\minutes1.wav,minutes1,393,1965.0,5.0,2
C:\Users\Chris Boddy\OneDrive\Documents\Cyber Security and Digital Forensics MSc\Applications of Artificial Intelligence in Cyber Security\Assessment\project\data\large_mixed\minutes1\minutes1.wav,minutes1,394,1970.0,5.0,0
C:\Users\Chris Boddy\OneDrive\Documents\Cyber Security and Digital Forensics MSc\Applications of Artificial Intelligence in Cyber Security\Assessment\project\data\large_mixed\minutes1\minutes1.wav,minutes1,395,1975.0,5.0,2
C:\Users\Chris Boddy\OneDrive\Documents\Cyber Security and Digital Forensics MSc\Applications of Artificial Intelligence in Cyber Security\Assessment\project\data\large_mixed\minutes1\minutes1.wav,minutes1,396,1980.0,5.0,0
C:\Users\Chris Boddy\OneDrive\Documents\Cyber Security and Digital Forensics MSc\Applications of Artificial Intelligence in Cyber Security\Assessment\project\data\large_mixed\minutes1\minutes1.wav,minutes1,397,1985.0,5.0,0
C:\Users\Chris Boddy\OneDrive\Documents\Cyber Security and Digital Forensics MSc\Applications of Artificial Intelligence in Cyber Security\Assessment\project\data\large_mixed\minutes1\minutes1.wav,minutes1,398,1990.0,5.0,1
C:\Users\Chris Boddy\OneDrive\Documents\Cyber Security and Digital Forensics MSc\Applications of Artificial Intelligence in Cyber Security\Assessment\project\data\large_mixed\minutes1\minutes1.wav,minutes1,399,1995.0,5.0,1
C:\Users\Chris Boddy\OneDrive\Documents\Cyber Security and Digital Forensics MSc\Applications of Artificial Intelligence in Cyber Security\Assessment\project\data\large_mixed\minutes1\minutes1.wav,minutes1,400,2000.0,5.0,0
C:\Users\Chris Boddy\OneDrive\Documents\Cyber Security and Digital Forensics MSc\Applications of Artificial Intelligence in Cyber Security\Assessment\project\data\large_mixed\minutes1\minutes1.wav,minutes1,401,2005.0,5.0,1
C:\Users\Chris Boddy\OneDrive\Documents\Cyber Security and Digital Forensics MSc\Applications of Artificial Intelligence in Cyber Security\Assessment\project\data\large_mixed\minutes1\minutes1.wav,minutes1,402,2010.0,5.0,2
C:\Users\Chris Boddy\OneDrive\Documents\Cyber Security and Digital Forensics MSc\Applications of Artificial Intelligence in Cyber Security\Assessment\project\data\large_mixed\minutes1\minutes1.wav,minutes1,403,2015.0,5.0,1
C:\Users\Chris Boddy\OneDrive\Documents\Cyber Security and Digital Forensics MSc\Applications of Artificial Intelligence in Cyber Security\Assessment\project\data\large_mixed\minutes1\minutes1.wav,minutes1,404,2020.0,5.0,0
C:\Users\Chris Boddy\OneDrive\Documents\Cyber Security and Digital Forensics MSc\Applications of Artificial Intelligence in Cyber Security\Assessment\project\data\large_mixed\minutes1\minutes1.wav,minutes1,405,2025.0,5.0,1
C:\Users\Chris Boddy\OneDrive\Documents\Cyber Security and Digital Forensics MSc\Applications of Artificial Intelligence in Cyber Security\Assessment\project\data\large_mixed\minutes1\minutes1.wav,minutes1,406,2030.0,5.0,2
C:\Users\Chris Boddy\OneDrive\Documents\Cyber Security and Digital Forensics MSc\Applications of Artificial Intelligence in Cyber Security\Assessment\project\data\large_mixed\minutes1\minutes1.wav,minutes1,407,2035.0,5.0,1
C:\Users\Chris Boddy\OneDrive\Documents\Cyber Security and Digital Forensics MSc\Applications of Artificial Intelligence in Cyber Security\Assessment\project\data\large_mixed\minutes1\minutes1.wav,minutes1,408,2040.0,5.0,0
C:\Users\Chris Boddy\OneDrive\Documents\Cyber Security and Digital Forensics MSc\Applications of Artificial Intelligence in Cyber Security\Assessment\project\data\large_mixed\minutes1\minutes1.wav,minutes1,409,2045.0,5.0,1
C:\Users\Chris Boddy\OneDrive\Documents\Cyber Security and Digital Forensics MSc\Applications of Artificial Intelligence in Cyber Security\Assessment\project\data\large_mixed\minutes1\minutes1.wav,minutes1,410,2050.0,5.0,1
C:\Users\Chris Boddy\OneDrive\Documents\Cyber Security and Digital Forensics MSc\Applications of Artificial Intelligence in Cyber Security\Assessment\project\data\large_mixed\minutes1\minutes1.wav,minutes1,411,2055.0,5.0,1
C:\Users\Chris Boddy\OneDrive\Documents\Cyber Security and Digital Forensics MSc\Applications of Artificial Intelligence in Cyber Security\Assessment\project\data\large_mixed\minutes1\minutes1.wav,minutes1,412,2060.0,5.0,0
C:\Users\Chris Boddy\OneDrive\Documents\Cyber Security and Digital Forensics MSc\Applications of Artificial Intelligence in Cyber Security\Assessment\project\data\large_mixed\minutes1\minutes1.wav,minutes1,413,2065.0,5.0,1
C:\Users\Chris Boddy\OneDrive\Documents\Cyber Security and Digital Forensics MSc\Applications of Artificial Intelligence in Cyber Security\Assessment\project\data\large_mixed\minutes1\minutes1.wav,minutes1,414,2070.0,5.0,2
C:\Users\Chris Boddy\OneDrive\Documents\Cyber Security and Digital Forensics MSc\Applications of Artificial Intelligence in Cyber Security\Assessment\project\data\large_mixed\minutes1\minutes1.wav,minutes1,415,2075.0,5.0,0
C:\Users\Chris Boddy\OneDrive\Documents\Cyber Security and Digital Forensics MSc\Applications of Artificial Intelligence in Cyber Security\Assessment\project\data\large_mixed\minutes1\minutes1.wav,minutes1,416,2080.0,5.0,0
C:\Users\Chris Boddy\OneDrive\Documents\Cyber Security and Digital Forensics MSc\Applications of Artificial Intelligence in Cyber Security\Assessment\project\data\large_mixed\minutes1\minutes1.wav,minutes1,417,2085.0,5.0,1
C:\Users\Chris Boddy\OneDrive\Documents\Cyber Security and Digital Forensics MSc\Applications of Artificial Intelligence in Cyber Security\Assessment\project\data\large_mixed\minutes1\minutes1.wav,minutes1,418,2090.0,5.0,2
C:\Users\Chris Boddy\OneDrive\Documents\Cyber Security and Digital Forensics MSc\Applications of Artificial Intelligence in Cyber Security\Assessment\project\data\large_mixed\minutes1\minutes1.wav,minutes1,419,2095.0,5.0,1
C:\Users\Chris Boddy\OneDrive\Documents\Cyber Security and Digital Forensics MSc\Applications of Artificial Intelligence in Cyber Security\Assessment\project\data\large_mixed\minutes1\minutes1.wav,minutes1,420,2100.0,5.0,2
C:\Users\Chris Boddy\OneDrive\Documents\Cyber Security and Digital Forensics MSc\Applications of Artificial Intelligence in Cyber Security\Assessment\project\data\large_mixed\minutes1\minutes1.wav,minutes1,421,2105.0,5.0,1
C:\Users\Chris Boddy\OneDrive\Documents\Cyber Security and Digital Forensics MSc\Applications of Artificial Intelligence in Cyber Security\Assessment\project\data\large_mixed\minutes1\minutes1.wav,minutes1,422,2110.0,5.0,1
C:\Users\Chris Boddy\OneDrive\Documents\Cyber Security and Digital Forensics MSc\Applications of Artificial Intelligence in Cyber Security\Assessment\project\data\large_mixed\minutes1\minutes1.wav,minutes1,423,2115.0,5.0,0
C:\Users\Chris Boddy\OneDrive\Documents\Cyber Security and Digital Forensics MSc\Applications of Artificial Intelligence in Cyber Security\Assessment\project\data\large_mixed\minutes1\minutes1.wav,minutes1,424,2120.0,5.0,1
C:\Users\Chris Boddy\OneDrive\Documents\Cyber Security and Digital Forensics MSc\Applications of Artificial Intelligence in Cyber Security\Assessment\project\data\large_mixed\minutes1\minutes1.wav,minutes1,425,2125.0,5.0,2
C:\Users\Chris Boddy\OneDrive\Documents\Cyber Security and Digital Forensics MSc\Applications of Artificial Intelligence in Cyber Security\Assessment\project\data\large_mixed\minutes1\minutes1.wav,minutes1,426,2130.0,5.0,0
C:\Users\Chris Boddy\OneDrive\Documents\Cyber Security and Digital Forensics MSc\Applications of Artificial Intelligence in Cyber Security\Assessment\project\data\large_mixed\minutes1\minutes1.wav,minutes1,427,2135.0,5.0,1
C:\Users\Chris Boddy\OneDrive\Documents\Cyber Security and Digital Forensics MSc\Applications of Artificial Intelligence in Cyber Security\Assessment\project\data\large_mixed\minutes1\minutes1.wav,minutes1,428,2140.0,5.0,2
C:\Users\Chris Boddy\OneDrive\Documents\Cyber Security and Digital Forensics MSc\Applications of Artificial Intelligence in Cyber Security\Assessment\project\data\large_mixed\minutes1\minutes1.wav,minutes1,429,2145.0,5.0,0
C:\Users\Chris Boddy\OneDrive\Documents\Cyber Security and Digital Forensics MSc\Applications of Artificial Intelligence in Cyber Security\Assessment\project\data\large_mixed\minutes1\minutes1.wav,minutes1,430,2150.0,5.0,1
C:\Users\Chris Boddy\OneDrive\Documents\Cyber Security and Digital Forensics MSc\Applications of Artificial Intelligence in Cyber Security\Assessment\project\data\large_mixed\minutes1\minutes1.wav,minutes1,431,2155.0,5.0,1
C:\Users\Chris Boddy\OneDrive\Documents\Cyber Security and Digital Forensics MSc\Applications of Artificial Intelligence in Cyber Security\Assessment\project\data\large_mixed\minutes1\minutes1.wav,minutes1,432,2160.0,5.0,2
C:\Users\Chris Boddy\OneDrive\Documents\Cyber Security and Digital Forensics MSc\Applications of Artificial Intelligence in Cyber Security\Assessment\project\data\large_mixed\minutes1\minutes1.wav,minutes1,433,2165.0,5.0,0
C:\Users\Chris Boddy\OneDrive\Documents\Cyber Security and Digital Forensics MSc\Applications of Artificial Intelligence in Cyber Security\Assessment\project\data\large_mixed\minutes1\minutes1.wav,minutes1,434,2170.0,5.0,0
C:\Users\Chris Boddy\OneDrive\Documents\Cyber Security and Digital Forensics MSc\Applications of Artificial Intelligence in Cyber Security\Assessment\project\data\large_mixed\minutes1\minutes1.wav,minutes1,435,2175.0,5.0,1
C:\Users\Chris Boddy\OneDrive\Documents\Cyber Security and Digital Forensics MSc\Applications of Artificial Intelligence in Cyber Security\Assessment\project\data\large_mixed\minutes1\minutes1.wav,minutes1,436,2180.0,5.0,0
C:\Users\Chris Boddy\OneDrive\Documents\Cyber Security and Digital Forensics MSc\Applications of Artificial Intelligence in Cyber Security\Assessment\project\data\large_mixed\minutes1\minutes1.wav,minutes1,437,2185.0,5.0,2
C:\Users\Chris Boddy\OneDrive\Documents\Cyber Security and Digital Forensics MSc\Applications of Artificial Intelligence in Cyber Security\Assessment\project\data\large_mixed\minutes1\minutes1.wav,minutes1,438,2190.0,5.0,2
C:\Users\Chris Boddy\OneDrive\Documents\Cyber Security and Digital Forensics MSc\Applications of Artificial Intelligence in Cyber Security\Assessment\project\data\large_mixed\minutes1\minutes1.wav,minutes1,439,2195.0,5.0,1
C:\Users\Chris Boddy\OneDrive\Documents\Cyber Security and Digital Forensics MSc\Applications of Artificial Intelligence in Cyber Security\Assessment\project\data\large_mixed\minutes1\minutes1.wav,minutes1,440,2200.0,5.0,2
C:\Users\Chris Boddy\OneDrive\Documents\Cyber Security and Digital Forensics MSc\Applications of Artificial Intelligence in Cyber Security\Assessment\project\data\large_mixed\minutes1\minutes1.wav,minutes1,441,2205.0,5.0,1
C:\Users\Chris Boddy\OneDrive\Documents\Cyber Security and Digital Forensics MSc\Applications of Artificial Intelligence in Cyber Security\Assessment\project\data\large_mixed\minutes1\minutes1.wav,minutes1,442,2210.0,5.0,0
C:\Users\Chris Boddy\OneDrive\Documents\Cyber Security and Digital Forensics MSc\Applications of Artificial Intelligence in Cyber Security\Assessment\project\data\large_mixed\minutes1\minutes1.wav,minutes1,443,2215.0,5.0,2
C:\Users\Chris Boddy\OneDrive\Documents\Cyber Security and Digital Forensics MSc\Applications of Artificial Intelligence in Cyber Security\Assessment\project\data\large_mixed\minutes1\minutes1.wav,minutes1,444,2220.0,5.0,0
C:\Users\Chris Boddy\OneDrive\Documents\Cyber Security and Digital Forensics MSc\Applications of Artificial Intelligence in Cyber Security\Assessment\project\data\large_mixed\minutes1\minutes1.wav,minutes1,445,2225.0,5.0,2
C:\Users\Chris Boddy\OneDrive\Documents\Cyber Security and Digital Forensics MSc\Applications of Artificial Intelligence in Cyber Security\Assessment\project\data\large_mixed\minutes1\minutes1.wav,minutes1,446,2230.0,5.0,1
C:\Users\Chris Boddy\OneDrive\Documents\Cyber Security and Digital Forensics MSc\Applications of Artificial Intelligence in Cyber Security\Assessment\project\data\large_mixed\minutes1\minutes1.wav,minutes1,447,2235.0,5.0,0
C:\Users\Chris Boddy\OneDrive\Documents\Cyber Security and Digital Forensics MSc\Applications of Artificial Intelligence in Cyber Security\Assessment\project\data\large_mixed\minutes1\minutes1.wav,minutes1,448,2240.0,5.0,1
C:\Users\Chris Boddy\OneDrive\Documents\Cyber Security and Digital Forensics MSc\Applications of Artificial Intelligence in Cyber Security\Assessment\project\data\large_mixed\minutes1\minutes1.wav,minutes1,449,2245.0,5.0,0
C:\Users\Chris Boddy\OneDrive\Documents\Cyber Security and Digital Forensics MSc\Applications of Artificial Intelligence in Cyber Security\Assessment\project\data\large_mixed\minutes1\minutes1.wav,minutes1,450,2250.0,5.0,2
C:\Users\Chris Boddy\OneDrive\Documents\Cyber Security and Digital Forensics MSc\Applications of Artificial Intelligence in Cyber Security\Assessment\project\data\large_mixed\minutes1\minutes1.wav,minutes1,451,2255.0,5.0,0
C:\Users\Chris Boddy\OneDrive\Documents\Cyber Security and Digital Forensics MSc\Applications of Artificial Intelligence in Cyber Security\Assessment\project\data\large_mixed\minutes1\minutes1.wav,minutes1,452,2260.0,5.0,0
C:\Users\Chris Boddy\OneDrive\Documents\Cyber Security and Digital Forensics MSc\Applications of Artificial Intelligence in Cyber Security\Assessment\project\data\large_mixed\minutes1\minutes1.wav,minutes1,453,2265.0,5.0,1
C:\Users\Chris Boddy\OneDrive\Documents\Cyber Security and Digital Forensics MSc\Applications of Artificial Intelligence in Cyber Security\Assessment\project\data\large_mixed\minutes1\minutes1.wav,minutes1,454,2270.0,5.0,1
C:\Users\Chris Boddy\OneDrive\Documents\Cyber Security and Digital Forensics MSc\Applications of Artificial Intelligence in Cyber Security\Assessment\project\data\large_mixed\minutes1\minutes1.wav,minutes1,455,2275.0,5.0,0
C:\Users\Chris Boddy\OneDrive\Documents\Cyber Security and Digital Forensics MSc\Applications of Artificial Intelligence in Cyber Security\Assessment\project\data\large_mixed\minutes1\minutes1.wav,minutes1,456,2280.0,5.0,2
C:\Users\Chris Boddy\OneDrive\Documents\Cyber Security and Digital Forensics MSc\Applications of Artificial Intelligence in Cyber Security\Assessment\project\data\large_mixed\minutes1\minutes1.wav,minutes1,457,2285.0,5.0,1
C:\Users\Chris Boddy\OneDrive\Documents\Cyber Security and Digital Forensics MSc\Applications of Artificial Intelligence in Cyber Security\Assessment\project\data\large_mixed\minutes1\minutes1.wav,minutes1,458,2290.0,5.0,0
C:\Users\Chris Boddy\OneDrive\Documents\Cyber Security and Digital Forensics MSc\Applications of Artificial Intelligence in Cyber Security\Assessment\project\data\large_mixed\minutes1\minutes1.wav,minutes1,459,2295.0,5.0,2
C:\Users\Chris Boddy\OneDrive\Documents\Cyber Security and Digital Forensics MSc\Applications of Artificial Intelligence in Cyber Security\Assessment\project\data\large_mixed\minutes1\minutes1.wav,minutes1,460,2300.0,5.0,1
C:\Users\Chris Boddy\OneDrive\Documents\Cyber Security and Digital Forensics MSc\Applications of Artificial Intelligence in Cyber Security\Assessment\project\data\large_mixed\minutes1\minutes1.wav,minutes1,461,2305.0,5.0,1
C:\Users\Chris Boddy\OneDrive\Documents\Cyber Security and Digital Forensics MSc\Applications of Artificial Intelligence in Cyber Security\Assessment\project\data\large_mixed\minutes1\minutes1.wav,minutes1,462,2310.0,5.0,0
C:\Users\Chris Boddy\OneDrive\Documents\Cyber Security and Digital Forensics MSc\Applications of Artificial Intelligence in Cyber Security\Assessment\project\data\large_mixed\minutes1\minutes1.wav,minutes1,463,2315.0,5.0,1
C:\Users\Chris Boddy\OneDrive\Documents\Cyber Security and Digital Forensics MSc\Applications of Artificial Intelligence in Cyber Security\Assessment\project\data\large_mixed\minutes1\minutes1.wav,minutes1,464,2320.0,5.0,2
C:\Users\Chris Boddy\OneDrive\Documents\Cyber Security and Digital Forensics MSc\Applications of Artificial Intelligence in Cyber Security\Assessment\project\data\large_mixed\minutes1\minutes1.wav,minutes1,465,2325.0,5.0,1
C:\Users\Chris Boddy\OneDrive\Documents\Cyber Security and Digital Forensics MSc\Applications of Artificial Intelligence in Cyber Security\Assessment\project\data\large_mixed\minutes1\minutes1.wav,minutes1,466,2330.0,5.0,0
C:\Users\Chris Boddy\OneDrive\Documents\Cyber Security and Digital Forensics MSc\Applications of Artificial Intelligence in Cyber Security\Assessment\project\data\large_mixed\minutes1\minutes1.wav,minutes1,467,2335.0,5.0,0
C:\Users\Chris Boddy\OneDrive\Documents\Cyber Security and Digital Forensics MSc\Applications of Artificial Intelligence in Cyber Security\Assessment\project\data\large_mixed\minutes1\minutes1.wav,minutes1,468,2340.0,5.0,2
C:\Users\Chris Boddy\OneDrive\Documents\Cyber Security and Digital Forensics MSc\Applications of Artificial Intelligence in Cyber Security\Assessment\project\data\large_mixed\minutes1\minutes1.wav,minutes1,469,2345.0,5.0,0
C:\Users\Chris Boddy\OneDrive\Documents\Cyber Security and Digital Forensics MSc\Applications of Artificial Intelligence in Cyber Security\Assessment\project\data\large_mixed\minutes1\minutes1.wav,minutes1,470,2350.0,5.0,2
C:\Users\Chris Boddy\OneDrive\Documents\Cyber Security and Digital Forensics MSc\Applications of Artificial Intelligence in Cyber Security\Assessment\project\data\large_mixed\minutes1\minutes1.wav,minutes1,471,2355.0,5.0,1
C:\Users\Chris Boddy\OneDrive\Documents\Cyber Security and Digital Forensics MSc\Applications of Artificial Intelligence in Cyber Security\Assessment\project\data\large_mixed\minutes1\minutes1.wav,minutes1,472,2360.0,5.0,2
C:\Users\Chris Boddy\OneDrive\Documents\Cyber Security and Digital Forensics MSc\Applications of Artificial Intelligence in Cyber Security\Assessment\project\data\large_mixed\minutes1\minutes1.wav,minutes1,473,2365.0,5.0,0
C:\Users\Chris Boddy\OneDrive\Documents\Cyber Security and Digital Forensics MSc\Applications of Artificial Intelligence in Cyber Security\Assessment\project\data\large_mixed\minutes1\minutes1.wav,minutes1,474,2370.0,5.0,1
C:\Users\Chris Boddy\OneDrive\Documents\Cyber Security and Digital Forensics MSc\Applications of Artificial Intelligence in Cyber Security\Assessment\project\data\large_mixed\minutes1\minutes1.wav,minutes1,475,2375.0,5.0,1
C:\Users\Chris Boddy\OneDrive\Documents\Cyber Security and Digital Forensics MSc\Applications of Artificial Intelligence in Cyber Security\Assessment\project\data\large_mixed\minutes1\minutes1.wav,minutes1,476,2380.0,5.0,0
C:\Users\Chris Boddy\OneDrive\Documents\Cyber Security and Digital Forensics MSc\Applications of Artificial Intelligence in Cyber Security\Assessment\project\data\large_mixed\minutes1\minutes1.wav,minutes1,477,2385.0,5.0,2
C:\Users\Chris Boddy\OneDrive\Documents\Cyber Security and Digital Forensics MSc\Applications of Artificial Intelligence in Cyber Security\Assessment\project\data\large_mixed\minutes1\minutes1.wav,minutes1,478,2390.0,5.0,1
C:\Users\Chris Boddy\OneDrive\Documents\Cyber Security and Digital Forensics MSc\Applications of Artificial Intelligence in Cyber Security\Assessment\project\data\large_mixed\minutes1\minutes1.wav,minutes1,479,2395.0,5.0,0
C:\Users\Chris Boddy\OneDrive\Documents\Cyber Security and Digital Forensics MSc\Applications of Artificial Intelligence in Cyber Security\Assessment\project\data\large_mixed\minutes1\minutes1.wav,minutes1,480,2400.0,5.0,0
C:\Users\Chris Boddy\OneDrive\Documents\Cyber Security and Digital Forensics MSc\Applications of Artificial Intelligence in Cyber Security\Assessment\project\data\large_mixed\minutes1\minutes1.wav,minutes1,481,2405.0,5.0,2
C:\Users\Chris Boddy\OneDrive\Documents\Cyber Security and Digital Forensics MSc\Applications of Artificial Intelligence in Cyber Security\Assessment\project\data\large_mixed\minutes1\minutes1.wav,minutes1,482,2410.0,5.0,0
C:\Users\Chris Boddy\OneDrive\Documents\Cyber Security and Digital Forensics MSc\Applications of Artificial Intelligence in Cyber Security\Assessment\project\data\large_mixed\minutes1\minutes1.wav,minutes1,483,2415.0,5.0,1
C:\Users\Chris Boddy\OneDrive\Documents\Cyber Security and Digital Forensics MSc\Applications of Artificial Intelligence in Cyber Security\Assessment\project\data\large_mixed\minutes1\minutes1.wav,minutes1,484,2420.0,5.0,1
C:\Users\Chris Boddy\OneDrive\Documents\Cyber Security and Digital Forensics MSc\Applications of Artificial Intelligence in Cyber Security\Assessment\project\data\large_mixed\minutes1\minutes1.wav,minutes1,485,2425.0,5.0,1
C:\Users\Chris Boddy\OneDrive\Documents\Cyber Security and Digital Forensics MSc\Applications of Artificial Intelligence in Cyber Security\Assessment\project\data\large_mixed\minutes1\minutes1.wav,minutes1,486,2430.0,5.0,0
C:\Users\Chris Boddy\OneDrive\Documents\Cyber Security and Digital Forensics MSc\Applications of Artificial Intelligence in Cyber Security\Assessment\project\data\large_mixed\minutes1\minutes1.wav,minutes1,487,2435.0,5.0,0
C:\Users\Chris Boddy\OneDrive\Documents\Cyber Security and Digital Forensics MSc\Applications of Artificial Intelligence in Cyber Security\Assessment\project\data\large_mixed\minutes1\minutes1.wav,minutes1,488,2440.0,5.0,1
C:\Users\Chris Boddy\OneDrive\Documents\Cyber Security and Digital Forensics MSc\Applications of Artificial Intelligence in Cyber Security\Assessment\project\data\large_mixed\minutes1\minutes1.wav,minutes1,489,2445.0,5.0,1
C:\Users\Chris Boddy\OneDrive\Documents\Cyber Security and Digital Forensics MSc\Applications of Artificial Intelligence in Cyber Security\Assessment\project\data\large_mixed\minutes1\minutes1.wav,minutes1,490,2450.0,5.0,0
C:\Users\Chris Boddy\OneDrive\Documents\Cyber Security and Digital Forensics MSc\Applications of Artificial Intelligence in Cyber Security\Assessment\project\data\large_mixed\minutes1\minutes1.wav,minutes1,491,2455.0,5.0,0
C:\Users\Chris Boddy\OneDrive\Documents\Cyber Security and Digital Forensics MSc\Applications of Artificial Intelligence in Cyber Security\Assessment\project\data\large_mixed\minutes1\minutes1.wav,minutes1,492,2460.0,5.0,0
C:\Users\Chris Boddy\OneDrive\Documents\Cyber Security and Digital Forensics MSc\Applications of Artificial Intelligence in Cyber Security\Assessment\project\data\large_mixed\minutes1\minutes1.wav,minutes1,493,2465.0,5.0,1
C:\Users\Chris Boddy\OneDrive\Documents\Cyber Security and Digital Forensics MSc\Applications of Artificial Intelligence in Cyber Security\Assessment\project\data\large_mixed\minutes1\minutes1.wav,minutes1,494,2470.0,5.0,0
C:\Users\Chris Boddy\OneDrive\Documents\Cyber Security and Digital Forensics MSc\Applications of Artificial Intelligence in Cyber Security\Assessment\project\data\large_mixed\minutes1\minutes1.wav,minutes1,495,2475.0,5.0,2
C:\Users\Chris Boddy\OneDrive\Documents\Cyber Security and Digital Forensics MSc\Applications of Artificial Intelligence in Cyber Security\Assessment\project\data\large_mixed\minutes1\minutes1.wav,minutes1,496,2480.0,5.0,1
C:\Users\Chris Boddy\OneDrive\Documents\Cyber Security and Digital Forensics MSc\Applications of Artificial Intelligence in Cyber Security\Assessment\project\data\large_mixed\minutes1\minutes1.wav,minutes1,497,2485.0,5.0,0
C:\Users\Chris Boddy\OneDrive\Documents\Cyber Security and Digital Forensics MSc\Applications of Artificial Intelligence in Cyber Security\Assessment\project\data\large_mixed\minutes1\minutes1.wav,minutes1,498,2490.0,5.0,2
C:\Users\Chris Boddy\OneDrive\Documents\Cyber Security and Digital Forensics MSc\Applications of Artificial Intelligence in Cyber Security\Assessment\project\data\large_mixed\minutes1\minutes1.wav,minutes1,499,2495.0,5.0,0
C:\Users\Chris Boddy\OneDrive\Documents\Cyber Security and Digital Forensics MSc\Applications of Artificial Intelligence in Cyber Security\Assessment\project\data\large_mixed\minutes1\minutes1.wav,minutes1,500,2500.0,5.0,1
C:\Users\Chris Boddy\OneDrive\Documents\Cyber Security and Digital Forensics MSc\Applications of Artificial Intelligence in Cyber Security\Assessment\project\data\large_mixed\minutes1\minutes1.wav,minutes1,501,2505.0,5.0,0
C:\Users\Chris Boddy\OneDrive\Documents\Cyber Security and Digital Forensics MSc\Applications of Artificial Intelligence in Cyber Security\Assessment\project\data\large_mixed\minutes1\minutes1.wav,minutes1,502,2510.0,5.0,1
C:\Users\Chris Boddy\OneDrive\Documents\Cyber Security and Digital Forensics MSc\Applications of Artificial Intelligence in Cyber Security\Assessment\project\data\large_mixed\minutes1\minutes1.wav,minutes1,503,2515.0,5.0,2
C:\Users\Chris Boddy\OneDrive\Documents\Cyber Security and Digital Forensics MSc\Applications of Artificial Intelligence in Cyber Security\Assessment\project\data\large_mixed\minutes1\minutes1.wav,minutes1,504,2520.0,5.0,1
C:\Users\Chris Boddy\OneDrive\Documents\Cyber Security and Digital Forensics MSc\Applications of Artificial Intelligence in Cyber Security\Assessment\project\data\large_mixed\minutes1\minutes1.wav,minutes1,505,2525.0,5.0,1
C:\Users\Chris Boddy\OneDrive\Documents\Cyber Security and Digital Forensics MSc\Applications of Artificial Intelligence in Cyber Security\Assessment\project\data\large_mixed\minutes1\minutes1.wav,minutes1,506,2530.0,5.0,0
C:\Users\Chris Boddy\OneDrive\Documents\Cyber Security and Digital Forensics MSc\Applications of Artificial Intelligence in Cyber Security\Assessment\project\data\large_mixed\minutes1\minutes1.wav,minutes1,507,2535.0,5.0,1
C:\Users\Chris Boddy\OneDrive\Documents\Cyber Security and Digital Forensics MSc\Applications of Artificial Intelligence in Cyber Security\Assessment\project\data\large_mixed\minutes1\minutes1.wav,minutes1,508,2540.0,5.0,2
C:\Users\Chris Boddy\OneDrive\Documents\Cyber Security and Digital Forensics MSc\Applications of Artificial Intelligence in Cyber Security\Assessment\project\data\large_mixed\minutes1\minutes1.wav,minutes1,509,2545.0,5.0,0
C:\Users\Chris Boddy\OneDrive\Documents\Cyber Security and Digital Forensics MSc\Applications of Artificial Intelligence in Cyber Security\Assessment\project\data\large_mixed\minutes1\minutes1.wav,minutes1,510,2550.0,5.0,0
C:\Users\Chris Boddy\OneDrive\Documents\Cyber Security and Digital Forensics MSc\Applications of Artificial Intelligence in Cyber Security\Assessment\project\data\large_mixed\minutes1\minutes1.wav,minutes1,511,2555.0,5.0,1
C:\Users\Chris Boddy\OneDrive\Documents\Cyber Security and Digital Forensics MSc\Applications of Artificial Intelligence in Cyber Security\Assessment\project\data\large_mixed\minutes1\minutes1.wav,minutes1,512,2560.0,5.0,2
C:\Users\Chris Boddy\OneDrive\Documents\Cyber Security and Digital Forensics MSc\Applications of Artificial Intelligence in Cyber Security\Assessment\project\data\large_mixed\minutes1\minutes1.wav,minutes1,513,2565.0,5.0,0
C:\Users\Chris Boddy\OneDrive\Documents\Cyber Security and Digital Forensics MSc\Applications of Artificial Intelligence in Cyber Security\Assessment\project\data\large_mixed\minutes1\minutes1.wav,minutes1,514,2570.0,5.0,2
C:\Users\Chris Boddy\OneDrive\Documents\Cyber Security and Digital Forensics MSc\Applications of Artificial Intelligence in Cyber Security\Assessment\project\data\large_mixed\minutes1\minutes1.wav,minutes1,515,2575.0,5.0,0
C:\Users\Chris Boddy\OneDrive\Documents\Cyber Security and Digital Forensics MSc\Applications of Artificial Intelligence in Cyber Security\Assessment\project\data\large_mixed\minutes1\minutes1.wav,minutes1,516,2580.0,5.0,1
C:\Users\Chris Boddy\OneDrive\Documents\Cyber Security and Digital Forensics MSc\Applications of Artificial Intelligence in Cyber Security\Assessment\project\data\large_mixed\minutes1\minutes1.wav,minutes1,517,2585.0,5.0,2
C:\Users\Chris Boddy\OneDrive\Documents\Cyber Security and Digital Forensics MSc\Applications of Artificial Intelligence in Cyber Security\Assessment\project\data\large_mixed\minutes1\minutes1.wav,minutes1,518,2590.0,5.0,0
C:\Users\Chris Boddy\OneDrive\Documents\Cyber Security and Digital Forensics MSc\Applications of Artificial Intelligence in Cyber Security\Assessment\project\data\large_mixed\minutes1\minutes1.wav,minutes1,519,2595.0,5.0,2
C:\Users\Chris Boddy\OneDrive\Documents\Cyber Security and Digital Forensics MSc\Applications of Artificial Intelligence in Cyber Security\Assessment\project\data\large_mixed\minutes1\minutes1.wav,minutes1,520,2600.0,5.0,0
C:\Users\Chris Boddy\OneDrive\Documents\Cyber Security and Digital Forensics MSc\Applications of Artificial Intelligence in Cyber Security\Assessment\project\data\large_mixed\minutes1\minutes1.wav,minutes1,521,2605.0,5.0,2
C:\Users\Chris Boddy\OneDrive\Documents\Cyber Security and Digital Forensics MSc\Applications of Artificial Intelligence in Cyber Security\Assessment\project\data\large_mixed\minutes1\minutes1.wav,minutes1,522,2610.0,5.0,1
C:\Users\Chris Boddy\OneDrive\Documents\Cyber Security and Digital Forensics MSc\Applications of Artificial Intelligence in Cyber Security\Assessment\project\data\large_mixed\minutes1\minutes1.wav,minutes1,523,2615.0,5.0,1
C:\Users\Chris Boddy\OneDrive\Documents\Cyber Security and Digital Forensics MSc\Applications of Artificial Intelligence in Cyber Security\Assessment\project\data\large_mixed\minutes1\minutes1.wav,minutes1,524,2620.0,5.0,1
C:\Users\Chris Boddy\OneDrive\Documents\Cyber Security and Digital Forensics MSc\Applications of Artificial Intelligence in Cyber Security\Assessment\project\data\large_mixed\minutes1\minutes1.wav,minutes1,525,2625.0,5.0,0
C:\Users\Chris Boddy\OneDrive\Documents\Cyber Security and Digital Forensics MSc\Applications of Artificial Intelligence in Cyber Security\Assessment\project\data\large_mixed\minutes1\minutes1.wav,minutes1,526,2630.0,5.0,2
C:\Users\Chris Boddy\OneDrive\Documents\Cyber Security and Digital Forensics MSc\Applications of Artificial Intelligence in Cyber Security\Assessment\project\data\large_mixed\minutes1\minutes1.wav,minutes1,527,2635.0,5.0,0
C:\Users\Chris Boddy\OneDrive\Documents\Cyber Security and Digital Forensics MSc\Applications of Artificial Intelligence in Cyber Security\Assessment\project\data\large_mixed\minutes1\minutes1.wav,minutes1,528,2640.0,5.0,2
C:\Users\Chris Boddy\OneDrive\Documents\Cyber Security and Digital Forensics MSc\Applications of Artificial Intelligence in Cyber Security\Assessment\project\data\large_mixed\minutes1\minutes1.wav,minutes1,529,2645.0,5.0,1
C:\Users\Chris Boddy\OneDrive\Documents\Cyber Security and Digital Forensics MSc\Applications of Artificial Intelligence in Cyber Security\Assessment\project\data\large_mixed\minutes1\minutes1.wav,minutes1,530,2650.0,5.0,2
C:\Users\Chris Boddy\OneDrive\Documents\Cyber Security and Digital Forensics MSc\Applications of Artificial Intelligence in Cyber Security\Assessment\project\data\large_mixed\minutes1\minutes1.wav,minutes1,531,2655.0,5.0,0
C:\Users\Chris Boddy\OneDrive\Documents\Cyber Security and Digital Forensics MSc\Applications of Artificial Intelligence in Cyber Security\Assessment\project\data\large_mixed\minutes1\minutes1.wav,minutes1,532,2660.0,5.0,2
C:\Users\Chris Boddy\OneDrive\Documents\Cyber Security and Digital Forensics MSc\Applications of Artificial Intelligence in Cyber Security\Assessment\project\data\large_mixed\minutes1\minutes1.wav,minutes1,533,2665.0,5.0,1
C:\Users\Chris Boddy\OneDrive\Documents\Cyber Security and Digital Forensics MSc\Applications of Artificial Intelligence in Cyber Security\Assessment\project\data\large_mixed\minutes1\minutes1.wav,minutes1,534,2670.0,5.0,1
C:\Users\Chris Boddy\OneDrive\Documents\Cyber Security and Digital Forensics MSc\Applications of Artificial Intelligence in Cyber Security\Assessment\project\data\large_mixed\minutes1\minutes1.wav,minutes1,535,2675.0,5.0,0
C:\Users\Chris Boddy\OneDrive\Documents\Cyber Security and Digital Forensics MSc\Applications of Artificial Intelligence in Cyber Security\Assessment\project\data\large_mixed\minutes1\minutes1.wav,minutes1,536,2680.0,5.0,0
C:\Users\Chris Boddy\OneDrive\Documents\Cyber Security and Digital Forensics MSc\Applications of Artificial Intelligence in Cyber Security\Assessment\project\data\large_mixed\minutes1\minutes1.wav,minutes1,537,2685.0,5.0,1
C:\Users\Chris Boddy\OneDrive\Documents\Cyber Security and Digital Forensics MSc\Applications of Artificial Intelligence in Cyber Security\Assessment\project\data\large_mixed\minutes1\minutes1.wav,minutes1,538,2690.0,5.0,0
C:\Users\Chris Boddy\OneDrive\Documents\Cyber Security and Digital Forensics MSc\Applications of Artificial Intelligence in Cyber Security\Assessment\project\data\large_mixed\minutes1\minutes1.wav,minutes1,539,2695.0,5.0,1
C:\Users\Chris Boddy\OneDrive\Documents\Cyber Security and Digital Forensics MSc\Applications of Artificial Intelligence in Cyber Security\Assessment\project\data\large_mixed\minutes1\minutes1.wav,minutes1,540,2700.0,5.0,2
C:\Users\Chris Boddy\OneDrive\Documents\Cyber Security and Digital Forensics MSc\Applications of Artificial Intelligence in Cyber Security\Assessment\project\data\large_mixed\minutes1\minutes1.wav,minutes1,541,2705.0,5.0,0
C:\Users\Chris Boddy\OneDrive\Documents\Cyber Security and Digital Forensics MSc\Applications of Artificial Intelligence in Cyber Security\Assessment\project\data\large_mixed\minutes1\minutes1.wav,minutes1,542,2710.0,5.0,2
C:\Users\Chris Boddy\OneDrive\Documents\Cyber Security and Digital Forensics MSc\Applications of Artificial Intelligence in Cyber Security\Assessment\project\data\large_mixed\minutes1\minutes1.wav,minutes1,543,2715.0,5.0,1
C:\Users\Chris Boddy\OneDrive\Documents\Cyber Security and Digital Forensics MSc\Applications of Artificial Intelligence in Cyber Security\Assessment\project\data\large_mixed\minutes1\minutes1.wav,minutes1,544,2720.0,5.0,0
C:\Users\Chris Boddy\OneDrive\Documents\Cyber Security and Digital Forensics MSc\Applications of Artificial Intelligence in Cyber Security\Assessment\project\data\large_mixed\minutes1\minutes1.wav,minutes1,545,2725.0,5.0,2
C:\Users\Chris Boddy\OneDrive\Documents\Cyber Security and Digital Forensics MSc\Applications of Artificial Intelligence in Cyber Security\Assessment\project\data\large_mixed\minutes1\minutes1.wav,minutes1,546,2730.0,5.0,0
C:\Users\Chris Boddy\OneDrive\Documents\Cyber Security and Digital Forensics MSc\Applications of Artificial Intelligence in Cyber Security\Assessment\project\data\large_mixed\minutes1\minutes1.wav,minutes1,547,2735.0,5.0,2
C:\Users\Chris Boddy\OneDrive\Documents\Cyber Security and Digital Forensics MSc\Applications of Artificial Intelligence in Cyber Security\Assessment\project\data\large_mixed\minutes1\minutes1.wav,minutes1,548,2740.0,5.0,0
C:\Users\Chris Boddy\OneDrive\Documents\Cyber Security and Digital Forensics MSc\Applications of Artificial Intelligence in Cyber Security\Assessment\project\data\large_mixed\minutes1\minutes1.wav,minutes1,549,2745.0,5.0,0
C:\Users\Chris Boddy\OneDrive\Documents\Cyber Security and Digital Forensics MSc\Applications of Artificial Intelligence in Cyber Security\Assessment\project\data\large_mixed\minutes1\minutes1.wav,minutes1,550,2750.0,5.0,1
C:\Users\Chris Boddy\OneDrive\Documents\Cyber Security and Digital Forensics MSc\Applications of Artificial Intelligence in Cyber Security\Assessment\project\data\large_mixed\minutes1\minutes1.wav,minutes1,551,2755.0,5.0,0
C:\Users\Chris Boddy\OneDrive\Documents\Cyber Security and Digital Forensics MSc\Applications of Artificial Intelligence in Cyber Security\Assessment\project\data\large_mixed\minutes1\minutes1.wav,minutes1,552,2760.0,5.0,2
C:\Users\Chris Boddy\OneDrive\Documents\Cyber Security and Digital Forensics MSc\Applications of Artificial Intelligence in Cyber Security\Assessment\project\data\large_mixed\minutes1\minutes1.wav,minutes1,553,2765.0,5.0,0
C:\Users\Chris Boddy\OneDrive\Documents\Cyber Security and Digital Forensics MSc\Applications of Artificial Intelligence in Cyber Security\Assessment\project\data\large_mixed\minutes1\minutes1.wav,minutes1,554,2770.0,5.0,2
C:\Users\Chris Boddy\OneDrive\Documents\Cyber Security and Digital Forensics MSc\Applications of Artificial Intelligence in Cyber Security\Assessment\project\data\large_mixed\minutes1\minutes1.wav,minutes1,555,2775.0,5.0,0
C:\Users\Chris Boddy\OneDrive\Documents\Cyber Security and Digital Forensics MSc\Applications of Artificial Intelligence in Cyber Security\Assessment\project\data\large_mixed\minutes1\minutes1.wav,minutes1,556,2780.0,5.0,0
C:\Users\Chris Boddy\OneDrive\Documents\Cyber Security and Digital Forensics MSc\Applications of Artificial Intelligence in Cyber Security\Assessment\project\data\large_mixed\minutes1\minutes1.wav,minutes1,557,2785.0,5.0,1
C:\Users\Chris Boddy\OneDrive\Documents\Cyber Security and Digital Forensics MSc\Applications of Artificial Intelligence in Cyber Security\Assessment\project\data\large_mixed\minutes1\minutes1.wav,minutes1,558,2790.0,5.0,0
C:\Users\Chris Boddy\OneDrive\Documents\Cyber Security and Digital Forensics MSc\Applications of Artificial Intelligence in Cyber Security\Assessment\project\data\large_mixed\minutes1\minutes1.wav,minutes1,559,2795.0,5.0,0
C:\Users\Chris Boddy\OneDrive\Documents\Cyber Security and Digital Forensics MSc\Applications of Artificial Intelligence in Cyber Security\Assessment\project\data\large_mixed\minutes1\minutes1.wav,minutes1,560,2800.0,5.0,1
C:\Users\Chris Boddy\OneDrive\Documents\Cyber Security and Digital Forensics MSc\Applications of Artificial Intelligence in Cyber Security\Assessment\project\data\large_mixed\minutes1\minutes1.wav,minutes1,561,2805.0,5.0,0
C:\Users\Chris Boddy\OneDrive\Documents\Cyber Security and Digital Forensics MSc\Applications of Artificial Intelligence in Cyber Security\Assessment\project\data\large_mixed\minutes1\minutes1.wav,minutes1,562,2810.0,5.0,0
C:\Users\Chris Boddy\OneDrive\Documents\Cyber Security and Digital Forensics MSc\Applications of Artificial Intelligence in Cyber Security\Assessment\project\data\large_mixed\minutes1\minutes1.wav,minutes1,563,2815.0,5.0,1
C:\Users\Chris Boddy\OneDrive\Documents\Cyber Security and Digital Forensics MSc\Applications of Artificial Intelligence in Cyber Security\Assessment\project\data\large_mixed\minutes1\minutes1.wav,minutes1,564,2820.0,5.0,1
C:\Users\Chris Boddy\OneDrive\Documents\Cyber Security and Digital Forensics MSc\Applications of Artificial Intelligence in Cyber Security\Assessment\project\data\large_mixed\minutes1\minutes1.wav,minutes1,565,2825.0,5.0,0
C:\Users\Chris Boddy\OneDrive\Documents\Cyber Security and Digital Forensics MSc\Applications of Artificial Intelligence in Cyber Security\Assessment\project\data\large_mixed\minutes1\minutes1.wav,minutes1,566,2830.0,5.0,1
C:\Users\Chris Boddy\OneDrive\Documents\Cyber Security and Digital Forensics MSc\Applications of Artificial Intelligence in Cyber Security\Assessment\project\data\large_mixed\minutes1\minutes1.wav,minutes1,567,2835.0,5.0,0
C:\Users\Chris Boddy\OneDrive\Documents\Cyber Security and Digital Forensics MSc\Applications of Artificial Intelligence in Cyber Security\Assessment\project\data\large_mixed\minutes1\minutes1.wav,minutes1,568,2840.0,5.0,1
C:\Users\Chris Boddy\OneDrive\Documents\Cyber Security and Digital Forensics MSc\Applications of Artificial Intelligence in Cyber Security\Assessment\project\data\large_mixed\minutes1\minutes1.wav,minutes1,569,2845.0,5.0,0
C:\Users\Chris Boddy\OneDrive\Documents\Cyber Security and Digital Forensics MSc\Applications of Artificial Intelligence in Cyber Security\Assessment\project\data\large_mixed\minutes1\minutes1.wav,minutes1,570,2850.0,5.0,0
C:\Users\Chris Boddy\OneDrive\Documents\Cyber Security and Digital Forensics MSc\Applications of Artificial Intelligence in Cyber Security\Assessment\project\data\large_mixed\minutes1\minutes1.wav,minutes1,571,2855.0,5.0,2
C:\Users\Chris Boddy\OneDrive\Documents\Cyber Security and Digital Forensics MSc\Applications of Artificial Intelligence in Cyber Security\Assessment\project\data\large_mixed\minutes1\minutes1.wav,minutes1,572,2860.0,5.0,0
C:\Users\Chris Boddy\OneDrive\Documents\Cyber Security and Digital Forensics MSc\Applications of Artificial Intelligence in Cyber Security\Assessment\project\data\large_mixed\minutes1\minutes1.wav,minutes1,573,2865.0,5.0,1
C:\Users\Chris Boddy\OneDrive\Documents\Cyber Security and Digital Forensics MSc\Applications of Artificial Intelligence in Cyber Security\Assessment\project\data\large_mixed\minutes1\minutes1.wav,minutes1,574,2870.0,5.0,1
C:\Users\Chris Boddy\OneDrive\Documents\Cyber Security and Digital Forensics MSc\Applications of Artificial Intelligence in Cyber Security\Assessment\project\data\large_mixed\minutes1\minutes1.wav,minutes1,575,2875.0,5.0,0
C:\Users\Chris Boddy\OneDrive\Documents\Cyber Security and Digital Forensics MSc\Applications of Artificial Intelligence in Cyber Security\Assessment\project\data\large_mixed\minutes1\minutes1.wav,minutes1,576,2880.0,5.0,2
C:\Users\Chris Boddy\OneDrive\Documents\Cyber Security and Digital Forensics MSc\Applications of Artificial Intelligence in Cyber Security\Assessment\project\data\large_mixed\minutes1\minutes1.wav,minutes1,577,2885.0,5.0,0
C:\Users\Chris Boddy\OneDrive\Documents\Cyber Security and Digital Forensics MSc\Applications of Artificial Intelligence in Cyber Security\Assessment\project\data\large_mixed\minutes1\minutes1.wav,minutes1,578,2890.0,5.0,2
C:\Users\Chris Boddy\OneDrive\Documents\Cyber Security and Digital Forensics MSc\Applications of Artificial Intelligence in Cyber Security\Assessment\project\data\large_mixed\minutes1\minutes1.wav,minutes1,579,2895.0,5.0,0
C:\Users\Chris Boddy\OneDrive\Documents\Cyber Security and Digital Forensics MSc\Applications of Artificial Intelligence in Cyber Security\Assessment\project\data\large_mixed\minutes1\minutes1.wav,minutes1,580,2900.0,5.0,0
C:\Users\Chris Boddy\OneDrive\Documents\Cyber Security and Digital Forensics MSc\Applications of Artificial Intelligence in Cyber Security\Assessment\project\data\large_mixed\minutes1\minutes1.wav,minutes1,581,2905.0,5.0,1
C:\Users\Chris Boddy\OneDrive\Documents\Cyber Security and Digital Forensics MSc\Applications of Artificial Intelligence in Cyber Security\Assessment\project\data\large_mixed\minutes1\minutes1.wav,minutes1,582,2910.0,5.0,2
C:\Users\Chris Boddy\OneDrive\Documents\Cyber Security and Digital Forensics MSc\Applications of Artificial Intelligence in Cyber Security\Assessment\project\data\large_mixed\minutes1\minutes1.wav,minutes1,583,2915.0,5.0,0
C:\Users\Chris Boddy\OneDrive\Documents\Cyber Security and Digital Forensics MSc\Applications of Artificial Intelligence in Cyber Security\Assessment\project\data\large_mixed\minutes1\minutes1.wav,minutes1,584,2920.0,5.0,1
C:\Users\Chris Boddy\OneDrive\Documents\Cyber Security and Digital Forensics MSc\Applications of Artificial Intelligence in Cyber Security\Assessment\project\data\large_mixed\minutes1\minutes1.wav,minutes1,585,2925.0,5.0,2
C:\Users\Chris Boddy\OneDrive\Documents\Cyber Security and Digital Forensics MSc\Applications of Artificial Intelligence in Cyber Security\Assessment\project\data\large_mixed\minutes1\minutes1.wav,minutes1,586,2930.0,5.0,1
C:\Users\Chris Boddy\OneDrive\Documents\Cyber Security and Digital Forensics MSc\Applications of Artificial Intelligence in Cyber Security\Assessment\project\data\large_mixed\minutes1\minutes1.wav,minutes1,587,2935.0,5.0,2
C:\Users\Chris Boddy\OneDrive\Documents\Cyber Security and Digital Forensics MSc\Applications of Artificial Intelligence in Cyber Security\Assessment\project\data\large_mixed\minutes1\minutes1.wav,minutes1,588,2940.0,5.0,0
C:\Users\Chris Boddy\OneDrive\Documents\Cyber Security and Digital Forensics MSc\Applications of Artificial Intelligence in Cyber Security\Assessment\project\data\large_mixed\minutes1\minutes1.wav,minutes1,589,2945.0,5.0,1
C:\Users\Chris Boddy\OneDrive\Documents\Cyber Security and Digital Forensics MSc\Applications of Artificial Intelligence in Cyber Security\Assessment\project\data\large_mixed\minutes1\minutes1.wav,minutes1,590,2950.0,5.0,0
C:\Users\Chris Boddy\OneDrive\Documents\Cyber Security and Digital Forensics MSc\Applications of Artificial Intelligence in Cyber Security\Assessment\project\data\large_mixed\minutes1\minutes1.wav,minutes1,591,2955.0,5.0,1
C:\Users\Chris Boddy\OneDrive\Documents\Cyber Security and Digital Forensics MSc\Applications of Artificial Intelligence in Cyber Security\Assessment\project\data\large_mixed\minutes1\minutes1.wav,minutes1,592,2960.0,5.0,1
C:\Users\Chris Boddy\OneDrive\Documents\Cyber Security and Digital Forensics MSc\Applications of Artificial Intelligence in Cyber Security\Assessment\project\data\large_mixed\minutes1\minutes1.wav,minutes1,593,2965.0,5.0,0
C:\Users\Chris Boddy\OneDrive\Documents\Cyber Security and Digital Forensics MSc\Applications of Artificial Intelligence in Cyber Security\Assessment\project\data\large_mixed\minutes1\minutes1.wav,minutes1,594,2970.0,5.0,1
C:\Users\Chris Boddy\OneDrive\Documents\Cyber Security and Digital Forensics MSc\Applications of Artificial Intelligence in Cyber Security\Assessment\project\data\large_mixed\minutes1\minutes1.wav,minutes1,595,2975.0,5.0,2
C:\Users\Chris Boddy\OneDrive\Documents\Cyber Security and Digital Forensics MSc\Applications of Artificial Intelligence in Cyber Security\Assessment\project\data\large_mixed\minutes1\minutes1.wav,minutes1,596,2980.0,5.0,1
C:\Users\Chris Boddy\OneDrive\Documents\Cyber Security and Digital Forensics MSc\Applications of Artificial Intelligence in Cyber Security\Assessment\project\data\large_mixed\minutes1\minutes1.wav,minutes1,597,2985.0,5.0,1
C:\Users\Chris Boddy\OneDrive\Documents\Cyber Security and Digital Forensics MSc\Applications of Artificial Intelligence in Cyber Security\Assessment\project\data\large_mixed\minutes1\minutes1.wav,minutes1,598,2990.0,5.0,1
C:\Users\Chris Boddy\OneDrive\Documents\Cyber Security and Digital Forensics MSc\Applications of Artificial Intelligence in Cyber Security\Assessment\project\data\large_mixed\minutes1\minutes1.wav,minutes1,599,2995.0,5.0,2
C:\Users\Chris Boddy\OneDrive\Documents\Cyber Security and Digital Forensics MSc\Applications of Artificial Intelligence in Cyber Security\Assessment\project\data\large_mixed\minutes1\minutes1.wav,minutes1,600,3000.0,5.0,0
C:\Users\Chris Boddy\OneDrive\Documents\Cyber Security and Digital Forensics MSc\Applications of Artificial Intelligence in Cyber Security\Assessment\project\data\large_mixed\minutes1\minutes1.wav,minutes1,601,3005.0,5.0,2
C:\Users\Chris Boddy\OneDrive\Documents\Cyber Security and Digital Forensics MSc\Applications of Artificial Intelligence in Cyber Security\Assessment\project\data\large_mixed\minutes1\minutes1.wav,minutes1,602,3010.0,5.0,0
C:\Users\Chris Boddy\OneDrive\Documents\Cyber Security and Digital Forensics MSc\Applications of Artificial Intelligence in Cyber Security\Assessment\project\data\large_mixed\minutes1\minutes1.wav,minutes1,603,3015.0,5.0,1
C:\Users\Chris Boddy\OneDrive\Documents\Cyber Security and Digital Forensics MSc\Applications of Artificial Intelligence in Cyber Security\Assessment\project\data\large_mixed\minutes1\minutes1.wav,minutes1,604,3020.0,5.0,0
C:\Users\Chris Boddy\OneDrive\Documents\Cyber Security and Digital Forensics MSc\Applications of Artificial Intelligence in Cyber Security\Assessment\project\data\large_mixed\minutes1\minutes1.wav,minutes1,605,3025.0,5.0,1
C:\Users\Chris Boddy\OneDrive\Documents\Cyber Security and Digital Forensics MSc\Applications of Artificial Intelligence in Cyber Security\Assessment\project\data\large_mixed\minutes1\minutes1.wav,minutes1,606,3030.0,5.0,0
C:\Users\Chris Boddy\OneDrive\Documents\Cyber Security and Digital Forensics MSc\Applications of Artificial Intelligence in Cyber Security\Assessment\project\data\large_mixed\minutes1\minutes1.wav,minutes1,607,3035.0,5.0,2
C:\Users\Chris Boddy\OneDrive\Documents\Cyber Security and Digital Forensics MSc\Applications of Artificial Intelligence in Cyber Security\Assessment\project\data\large_mixed\minutes1\minutes1.wav,minutes1,608,3040.0,5.0,2
C:\Users\Chris Boddy\OneDrive\Documents\Cyber Security and Digital Forensics MSc\Applications of Artificial Intelligence in Cyber Security\Assessment\project\data\large_mixed\minutes1\minutes1.wav,minutes1,609,3045.0,5.0,1
C:\Users\Chris Boddy\OneDrive\Documents\Cyber Security and Digital Forensics MSc\Applications of Artificial Intelligence in Cyber Security\Assessment\project\data\large_mixed\minutes1\minutes1.wav,minutes1,610,3050.0,5.0,0
C:\Users\Chris Boddy\OneDrive\Documents\Cyber Security and Digital Forensics MSc\Applications of Artificial Intelligence in Cyber Security\Assessment\project\data\large_mixed\minutes1\minutes1.wav,minutes1,611,3055.0,5.0,0
C:\Users\Chris Boddy\OneDrive\Documents\Cyber Security and Digital Forensics MSc\Applications of Artificial Intelligence in Cyber Security\Assessment\project\data\large_mixed\minutes1\minutes1.wav,minutes1,612,3060.0,5.0,1
C:\Users\Chris Boddy\OneDrive\Documents\Cyber Security and Digital Forensics MSc\Applications of Artificial Intelligence in Cyber Security\Assessment\project\data\large_mixed\minutes1\minutes1.wav,minutes1,613,3065.0,5.0,0
C:\Users\Chris Boddy\OneDrive\Documents\Cyber Security and Digital Forensics MSc\Applications of Artificial Intelligence in Cyber Security\Assessment\project\data\large_mixed\minutes1\minutes1.wav,minutes1,614,3070.0,5.0,1
C:\Users\Chris Boddy\OneDrive\Documents\Cyber Security and Digital Forensics MSc\Applications of Artificial Intelligence in Cyber Security\Assessment\project\data\large_mixed\minutes1\minutes1.wav,minutes1,615,3075.0,5.0,1
C:\Users\Chris Boddy\OneDrive\Documents\Cyber Security and Digital Forensics MSc\Applications of Artificial Intelligence in Cyber Security\Assessment\project\data\large_mixed\minutes1\minutes1.wav,minutes1,616,3080.0,5.0,2
C:\Users\Chris Boddy\OneDrive\Documents\Cyber Security and Digital Forensics MSc\Applications of Artificial Intelligence in Cyber Security\Assessment\project\data\large_mixed\minutes1\minutes1.wav,minutes1,617,3085.0,5.0,0
C:\Users\Chris Boddy\OneDrive\Documents\Cyber Security and Digital Forensics MSc\Applications of Artificial Intelligence in Cyber Security\Assessment\project\data\large_mixed\minutes1\minutes1.wav,minutes1,618,3090.0,5.0,2
C:\Users\Chris Boddy\OneDrive\Documents\Cyber Security and Digital Forensics MSc\Applications of Artificial Intelligence in Cyber Security\Assessment\project\data\large_mixed\minutes1\minutes1.wav,minutes1,619,3095.0,5.0,0
C:\Users\Chris Boddy\OneDrive\Documents\Cyber Security and Digital Forensics MSc\Applications of Artificial Intelligence in Cyber Security\Assessment\project\data\large_mixed\minutes1\minutes1.wav,minutes1,620,3100.0,5.0,2
C:\Users\Chris Boddy\OneDrive\Documents\Cyber Security and Digital Forensics MSc\Applications of Artificial Intelligence in Cyber Security\Assessment\project\data\large_mixed\minutes1\minutes1.wav,minutes1,621,3105.0,5.0,0
C:\Users\Chris Boddy\OneDrive\Documents\Cyber Security and Digital Forensics MSc\Applications of Artificial Intelligence in Cyber Security\Assessment\project\data\large_mixed\minutes1\minutes1.wav,minutes1,622,3110.0,5.0,0
C:\Users\Chris Boddy\OneDrive\Documents\Cyber Security and Digital Forensics MSc\Applications of Artificial Intelligence in Cyber Security\Assessment\project\data\large_mixed\minutes1\minutes1.wav,minutes1,623,3115.0,5.0,0
C:\Users\Chris Boddy\OneDrive\Documents\Cyber Security and Digital Forensics MSc\Applications of Artificial Intelligence in Cyber Security\Assessment\project\data\large_mixed\minutes1\minutes1.wav,minutes1,624,3120.0,5.0,0
C:\Users\Chris Boddy\OneDrive\Documents\Cyber Security and Digital Forensics MSc\Applications of Artificial Intelligence in Cyber Security\Assessment\project\data\large_mixed\minutes1\minutes1.wav,minutes1,625,3125.0,5.0,2
C:\Users\Chris Boddy\OneDrive\Documents\Cyber Security and Digital Forensics MSc\Applications of Artificial Intelligence in Cyber Security\Assessment\project\data\large_mixed\minutes1\minutes1.wav,minutes1,626,3130.0,5.0,0
C:\Users\Chris Boddy\OneDrive\Documents\Cyber Security and Digital Forensics MSc\Applications of Artificial Intelligence in Cyber Security\Assessment\project\data\large_mixed\minutes1\minutes1.wav,minutes1,627,3135.0,5.0,1
C:\Users\Chris Boddy\OneDrive\Documents\Cyber Security and Digital Forensics MSc\Applications of Artificial Intelligence in Cyber Security\Assessment\project\data\large_mixed\minutes1\minutes1.wav,minutes1,628,3140.0,5.0,1
C:\Users\Chris Boddy\OneDrive\Documents\Cyber Security and Digital Forensics MSc\Applications of Artificial Intelligence in Cyber Security\Assessment\project\data\large_mixed\minutes1\minutes1.wav,minutes1,629,3145.0,5.0,0
C:\Users\Chris Boddy\OneDrive\Documents\Cyber Security and Digital Forensics MSc\Applications of Artificial Intelligence in Cyber Security\Assessment\project\data\large_mixed\minutes1\minutes1.wav,minutes1,630,3150.0,5.0,1
C:\Users\Chris Boddy\OneDrive\Documents\Cyber Security and Digital Forensics MSc\Applications of Artificial Intelligence in Cyber Security\Assessment\project\data\large_mixed\minutes1\minutes1.wav,minutes1,631,3155.0,5.0,1
C:\Users\Chris Boddy\OneDrive\Documents\Cyber Security and Digital Forensics MSc\Applications of Artificial Intelligence in Cyber Security\Assessment\project\data\large_mixed\minutes1\minutes1.wav,minutes1,632,3160.0,5.0,0
C:\Users\Chris Boddy\OneDrive\Documents\Cyber Security and Digital Forensics MSc\Applications of Artificial Intelligence in Cyber Security\Assessment\project\data\large_mixed\minutes1\minutes1.wav,minutes1,633,3165.0,5.0,1
C:\Users\Chris Boddy\OneDrive\Documents\Cyber Security and Digital Forensics MSc\Applications of Artificial Intelligence in Cyber Security\Assessment\project\data\large_mixed\minutes1\minutes1.wav,minutes1,634,3170.0,5.0,2
C:\Users\Chris Boddy\OneDrive\Documents\Cyber Security and Digital Forensics MSc\Applications of Artificial Intelligence in Cyber Security\Assessment\project\data\large_mixed\minutes1\minutes1.wav,minutes1,635,3175.0,5.0,1
C:\Users\Chris Boddy\OneDrive\Documents\Cyber Security and Digital Forensics MSc\Applications of Artificial Intelligence in Cyber Security\Assessment\project\data\large_mixed\minutes1\minutes1.wav,minutes1,636,3180.0,5.0,1
C:\Users\Chris Boddy\OneDrive\Documents\Cyber Security and Digital Forensics MSc\Applications of Artificial Intelligence in Cyber Security\Assessment\project\data\large_mixed\minutes1\minutes1.wav,minutes1,637,3185.0,5.0,1
C:\Users\Chris Boddy\OneDrive\Documents\Cyber Security and Digital Forensics MSc\Applications of Artificial Intelligence in Cyber Security\Assessment\project\data\large_mixed\minutes1\minutes1.wav,minutes1,638,3190.0,5.0,2
C:\Users\Chris Boddy\OneDrive\Documents\Cyber Security and Digital Forensics MSc\Applications of Artificial Intelligence in Cyber Security\Assessment\project\data\large_mixed\minutes1\minutes1.wav,minutes1,639,3195.0,5.0,1
C:\Users\Chris Boddy\OneDrive\Documents\Cyber Security and Digital Forensics MSc\Applications of Artificial Intelligence in Cyber Security\Assessment\project\data\large_mixed\minutes1\minutes1.wav,minutes1,640,3200.0,5.0,2
C:\Users\Chris Boddy\OneDrive\Documents\Cyber Security and Digital Forensics MSc\Applications of Artificial Intelligence in Cyber Security\Assessment\project\data\large_mixed\minutes1\minutes1.wav,minutes1,641,3205.0,5.0,0
C:\Users\Chris Boddy\OneDrive\Documents\Cyber Security and Digital Forensics MSc\Applications of Artificial Intelligence in Cyber Security\Assessment\project\data\large_mixed\minutes1\minutes1.wav,minutes1,642,3210.0,5.0,2
C:\Users\Chris Boddy\OneDrive\Documents\Cyber Security and Digital Forensics MSc\Applications of Artificial Intelligence in Cyber Security\Assessment\project\data\large_mixed\minutes1\minutes1.wav,minutes1,643,3215.0,5.0,0
C:\Users\Chris Boddy\OneDrive\Documents\Cyber Security and Digital Forensics MSc\Applications of Artificial Intelligence in Cyber Security\Assessment\project\data\large_mixed\minutes1\minutes1.wav,minutes1,644,3220.0,5.0,1
C:\Users\Chris Boddy\OneDrive\Documents\Cyber Security and Digital Forensics MSc\Applications of Artificial Intelligence in Cyber Security\Assessment\project\data\large_mixed\minutes1\minutes1.wav,minutes1,645,3225.0,5.0,0
C:\Users\Chris Boddy\OneDrive\Documents\Cyber Security and Digital Forensics MSc\Applications of Artificial Intelligence in Cyber Security\Assessment\project\data\large_mixed\minutes1\minutes1.wav,minutes1,646,3230.0,5.0,2
C:\Users\Chris Boddy\OneDrive\Documents\Cyber Security and Digital Forensics MSc\Applications of Artificial Intelligence in Cyber Security\Assessment\project\data\large_mixed\minutes1\minutes1.wav,minutes1,647,3235.0,5.0,0
C:\Users\Chris Boddy\OneDrive\Documents\Cyber Security and Digital Forensics MSc\Applications of Artificial Intelligence in Cyber Security\Assessment\project\data\large_mixed\minutes1\minutes1.wav,minutes1,648,3240.0,5.0,0
C:\Users\Chris Boddy\OneDrive\Documents\Cyber Security and Digital Forensics MSc\Applications of Artificial Intelligence in Cyber Security\Assessment\project\data\large_mixed\minutes1\minutes1.wav,minutes1,649,3245.0,5.0,1
C:\Users\Chris Boddy\OneDrive\Documents\Cyber Security and Digital Forensics MSc\Applications of Artificial Intelligence in Cyber Security\Assessment\project\data\large_mixed\minutes1\minutes1.wav,minutes1,650,3250.0,5.0,0
C:\Users\Chris Boddy\OneDrive\Documents\Cyber Security and Digital Forensics MSc\Applications of Artificial Intelligence in Cyber Security\Assessment\project\data\large_mixed\minutes1\minutes1.wav,minutes1,651,3255.0,5.0,2
C:\Users\Chris Boddy\OneDrive\Documents\Cyber Security and Digital Forensics MSc\Applications of Artificial Intelligence in Cyber Security\Assessment\project\data\large_mixed\minutes1\minutes1.wav,minutes1,652,3260.0,5.0,2
C:\Users\Chris Boddy\OneDrive\Documents\Cyber Security and Digital Forensics MSc\Applications of Artificial Intelligence in Cyber Security\Assessment\project\data\large_mixed\minutes1\minutes1.wav,minutes1,653,3265.0,5.0,1
C:\Users\Chris Boddy\OneDrive\Documents\Cyber Security and Digital Forensics MSc\Applications of Artificial Intelligence in Cyber Security\Assessment\project\data\large_mixed\minutes1\minutes1.wav,minutes1,654,3270.0,5.0,2
C:\Users\Chris Boddy\OneDrive\Documents\Cyber Security and Digital Forensics MSc\Applications of Artificial Intelligence in Cyber Security\Assessment\project\data\large_mixed\minutes1\minutes1.wav,minutes1,655,3275.0,5.0,0
C:\Users\Chris Boddy\OneDrive\Documents\Cyber Security and Digital Forensics MSc\Applications of Artificial Intelligence in Cyber Security\Assessment\project\data\large_mixed\minutes1\minutes1.wav,minutes1,656,3280.0,5.0,1
C:\Users\Chris Boddy\OneDrive\Documents\Cyber Security and Digital Forensics MSc\Applications of Artificial Intelligence in Cyber Security\Assessment\project\data\large_mixed\minutes1\minutes1.wav,minutes1,657,3285.0,5.0,1
C:\Users\Chris Boddy\OneDrive\Documents\Cyber Security and Digital Forensics MSc\Applications of Artificial Intelligence in Cyber Security\Assessment\project\data\large_mixed\minutes1\minutes1.wav,minutes1,658,3290.0,5.0,2
C:\Users\Chris Boddy\OneDrive\Documents\Cyber Security and Digital Forensics MSc\Applications of Artificial Intelligence in Cyber Security\Assessment\project\data\large_mixed\minutes1\minutes1.wav,minutes1,659,3295.0,5.0,0
C:\Users\Chris Boddy\OneDrive\Documents\Cyber Security and Digital Forensics MSc\Applications of Artificial Intelligence in Cyber Security\Assessment\project\data\large_mixed\minutes1\minutes1.wav,minutes1,660,3300.0,5.0,2
C:\Users\Chris Boddy\OneDrive\Documents\Cyber Security and Digital Forensics MSc\Applications of Artificial Intelligence in Cyber Security\Assessment\project\data\large_mixed\minutes1\minutes1.wav,minutes1,661,3305.0,5.0,1
C:\Users\Chris Boddy\OneDrive\Documents\Cyber Security and Digital Forensics MSc\Applications of Artificial Intelligence in Cyber Security\Assessment\project\data\large_mixed\minutes1\minutes1.wav,minutes1,662,3310.0,5.0,0
C:\Users\Chris Boddy\OneDrive\Documents\Cyber Security and Digital Forensics MSc\Applications of Artificial Intelligence in Cyber Security\Assessment\project\data\large_mixed\minutes1\minutes1.wav,minutes1,663,3315.0,5.0,0
C:\Users\Chris Boddy\OneDrive\Documents\Cyber Security and Digital Forensics MSc\Applications of Artificial Intelligence in Cyber Security\Assessment\project\data\large_mixed\minutes1\minutes1.wav,minutes1,664,3320.0,5.0,2
C:\Users\Chris Boddy\OneDrive\Documents\Cyber Security and Digital Forensics MSc\Applications of Artificial Intelligence in Cyber Security\Assessment\project\data\large_mixed\minutes1\minutes1.wav,minutes1,665,3325.0,5.0,1
C:\Users\Chris Boddy\OneDrive\Documents\Cyber Security and Digital Forensics MSc\Applications of Artificial Intelligence in Cyber Security\Assessment\project\data\large_mixed\minutes1\minutes1.wav,minutes1,666,3330.0,5.0,2
C:\Users\Chris Boddy\OneDrive\Documents\Cyber Security and Digital Forensics MSc\Applications of Artificial Intelligence in Cyber Security\Assessment\project\data\large_mixed\minutes1\minutes1.wav,minutes1,667,3335.0,5.0,1
C:\Users\Chris Boddy\OneDrive\Documents\Cyber Security and Digital Forensics MSc\Applications of Artificial Intelligence in Cyber Security\Assessment\project\data\large_mixed\minutes1\minutes1.wav,minutes1,668,3340.0,5.0,1
C:\Users\Chris Boddy\OneDrive\Documents\Cyber Security and Digital Forensics MSc\Applications of Artificial Intelligence in Cyber Security\Assessment\project\data\large_mixed\minutes1\minutes1.wav,minutes1,669,3345.0,5.0,0
C:\Users\Chris Boddy\OneDrive\Documents\Cyber Security and Digital Forensics MSc\Applications of Artificial Intelligence in Cyber Security\Assessment\project\data\large_mixed\minutes1\minutes1.wav,minutes1,670,3350.0,5.0,0
C:\Users\Chris Boddy\OneDrive\Documents\Cyber Security and Digital Forensics MSc\Applications of Artificial Intelligence in Cyber Security\Assessment\project\data\large_mixed\minutes1\minutes1.wav,minutes1,671,3355.0,5.0,1
C:\Users\Chris Boddy\OneDrive\Documents\Cyber Security and Digital Forensics MSc\Applications of Artificial Intelligence in Cyber Security\Assessment\project\data\large_mixed\minutes1\minutes1.wav,minutes1,672,3360.0,5.0,2
C:\Users\Chris Boddy\OneDrive\Documents\Cyber Security and Digital Forensics MSc\Applications of Artificial Intelligence in Cyber Security\Assessment\project\data\large_mixed\minutes1\minutes1.wav,minutes1,673,3365.0,5.0,0
C:\Users\Chris Boddy\OneDrive\Documents\Cyber Security and Digital Forensics MSc\Applications of Artificial Intelligence in Cyber Security\Assessment\project\data\large_mixed\minutes1\minutes1.wav,minutes1,674,3370.0,5.0,0
C:\Users\Chris Boddy\OneDrive\Documents\Cyber Security and Digital Forensics MSc\Applications of Artificial Intelligence in Cyber Security\Assessment\project\data\large_mixed\minutes1\minutes1.wav,minutes1,675,3375.0,5.0,2
C:\Users\Chris Boddy\OneDrive\Documents\Cyber Security and Digital Forensics MSc\Applications of Artificial Intelligence in Cyber Security\Assessment\project\data\large_mixed\minutes1\minutes1.wav,minutes1,676,3380.0,5.0,1
C:\Users\Chris Boddy\OneDrive\Documents\Cyber Security and Digital Forensics MSc\Applications of Artificial Intelligence in Cyber Security\Assessment\project\data\large_mixed\minutes1\minutes1.wav,minutes1,677,3385.0,5.0,0
C:\Users\Chris Boddy\OneDrive\Documents\Cyber Security and Digital Forensics MSc\Applications of Artificial Intelligence in Cyber Security\Assessment\project\data\large_mixed\minutes1\minutes1.wav,minutes1,678,3390.0,5.0,1
C:\Users\Chris Boddy\OneDrive\Documents\Cyber Security and Digital Forensics MSc\Applications of Artificial Intelligence in Cyber Security\Assessment\project\data\large_mixed\minutes1\minutes1.wav,minutes1,679,3395.0,5.0,1
C:\Users\Chris Boddy\OneDrive\Documents\Cyber Security and Digital Forensics MSc\Applications of Artificial Intelligence in Cyber Security\Assessment\project\data\large_mixed\minutes1\minutes1.wav,minutes1,680,3400.0,5.0,2
C:\Users\Chris Boddy\OneDrive\Documents\Cyber Security and Digital Forensics MSc\Applications of Artificial Intelligence in Cyber Security\Assessment\project\data\large_mixed\minutes1\minutes1.wav,minutes1,681,3405.0,5.0,1
C:\Users\Chris Boddy\OneDrive\Documents\Cyber Security and Digital Forensics MSc\Applications of Artificial Intelligence in Cyber Security\Assessment\project\data\large_mixed\minutes1\minutes1.wav,minutes1,682,3410.0,5.0,0
C:\Users\Chris Boddy\OneDrive\Documents\Cyber Security and Digital Forensics MSc\Applications of Artificial Intelligence in Cyber Security\Assessment\project\data\large_mixed\minutes1\minutes1.wav,minutes1,683,3415.0,5.0,0
C:\Users\Chris Boddy\OneDrive\Documents\Cyber Security and Digital Forensics MSc\Applications of Artificial Intelligence in Cyber Security\Assessment\project\data\large_mixed\minutes1\minutes1.wav,minutes1,684,3420.0,5.0,1
C:\Users\Chris Boddy\OneDrive\Documents\Cyber Security and Digital Forensics MSc\Applications of Artificial Intelligence in Cyber Security\Assessment\project\data\large_mixed\minutes1\minutes1.wav,minutes1,685,3425.0,5.0,0
C:\Users\Chris Boddy\OneDrive\Documents\Cyber Security and Digital Forensics MSc\Applications of Artificial Intelligence in Cyber Security\Assessment\project\data\large_mixed\minutes1\minutes1.wav,minutes1,686,3430.0,5.0,2
C:\Users\Chris Boddy\OneDrive\Documents\Cyber Security and Digital Forensics MSc\Applications of Artificial Intelligence in Cyber Security\Assessment\project\data\large_mixed\minutes1\minutes1.wav,minutes1,687,3435.0,5.0,1
C:\Users\Chris Boddy\OneDrive\Documents\Cyber Security and Digital Forensics MSc\Applications of Artificial Intelligence in Cyber Security\Assessment\project\data\large_mixed\minutes1\minutes1.wav,minutes1,688,3440.0,5.0,0
C:\Users\Chris Boddy\OneDrive\Documents\Cyber Security and Digital Forensics MSc\Applications of Artificial Intelligence in Cyber Security\Assessment\project\data\large_mixed\minutes1\minutes1.wav,minutes1,689,3445.0,5.0,0
C:\Users\Chris Boddy\OneDrive\Documents\Cyber Security and Digital Forensics MSc\Applications of Artificial Intelligence in Cyber Security\Assessment\project\data\large_mixed\minutes1\minutes1.wav,minutes1,690,3450.0,5.0,2
C:\Users\Chris Boddy\OneDrive\Documents\Cyber Security and Digital Forensics MSc\Applications of Artificial Intelligence in Cyber Security\Assessment\project\data\large_mixed\minutes1\minutes1.wav,minutes1,691,3455.0,5.0,0
C:\Users\Chris Boddy\OneDrive\Documents\Cyber Security and Digital Forensics MSc\Applications of Artificial Intelligence in Cyber Security\Assessment\project\data\large_mixed\minutes1\minutes1.wav,minutes1,692,3460.0,5.0,1
C:\Users\Chris Boddy\OneDrive\Documents\Cyber Security and Digital Forensics MSc\Applications of Artificial Intelligence in Cyber Security\Assessment\project\data\large_mixed\minutes1\minutes1.wav,minutes1,693,3465.0,5.0,0
C:\Users\Chris Boddy\OneDrive\Documents\Cyber Security and Digital Forensics MSc\Applications of Artificial Intelligence in Cyber Security\Assessment\project\data\large_mixed\minutes1\minutes1.wav,minutes1,694,3470.0,5.0,1
C:\Users\Chris Boddy\OneDrive\Documents\Cyber Security and Digital Forensics MSc\Applications of Artificial Intelligence in Cyber Security\Assessment\project\data\large_mixed\minutes1\minutes1.wav,minutes1,695,3475.0,5.0,1
C:\Users\Chris Boddy\OneDrive\Documents\Cyber Security and Digital Forensics MSc\Applications of Artificial Intelligence in Cyber Security\Assessment\project\data\large_mixed\minutes1\minutes1.wav,minutes1,696,3480.0,5.0,2
C:\Users\Chris Boddy\OneDrive\Documents\Cyber Security and Digital Forensics MSc\Applications of Artificial Intelligence in Cyber Security\Assessment\project\data\large_mixed\minutes1\minutes1.wav,minutes1,697,3485.0,5.0,1
C:\Users\Chris Boddy\OneDrive\Documents\Cyber Security and Digital Forensics MSc\Applications of Artificial Intelligence in Cyber Security\Assessment\project\data\large_mixed\minutes1\minutes1.wav,minutes1,698,3490.0,5.0,1
C:\Users\Chris Boddy\OneDrive\Documents\Cyber Security and Digital Forensics MSc\Applications of Artificial Intelligence in Cyber Security\Assessment\project\data\large_mixed\minutes1\minutes1.wav,minutes1,699,3495.0,5.0,0
C:\Users\Chris Boddy\OneDrive\Documents\Cyber Security and Digital Forensics MSc\Applications of Artificial Intelligence in Cyber Security\Assessment\project\data\large_mixed\minutes1\minutes1.wav,minutes1,700,3500.0,5.0,0
C:\Users\Chris Boddy\OneDrive\Documents\Cyber Security and Digital Forensics MSc\Applications of Artificial Intelligence in Cyber Security\Assessment\project\data\large_mixed\minutes1\minutes1.wav,minutes1,701,3505.0,5.0,1
C:\Users\Chris Boddy\OneDrive\Documents\Cyber Security and Digital Forensics MSc\Applications of Artificial Intelligence in Cyber Security\Assessment\project\data\large_mixed\minutes1\minutes1.wav,minutes1,702,3510.0,5.0,0
C:\Users\Chris Boddy\OneDrive\Documents\Cyber Security and Digital Forensics MSc\Applications of Artificial Intelligence in Cyber Security\Assessment\project\data\large_mixed\minutes1\minutes1.wav,minutes1,703,3515.0,5.0,0
C:\Users\Chris Boddy\OneDrive\Documents\Cyber Security and Digital Forensics MSc\Applications of Artificial Intelligence in Cyber Security\Assessment\project\data\large_mixed\minutes1\minutes1.wav,minutes1,704,3520.0,5.0,0
C:\Users\Chris Boddy\OneDrive\Documents\Cyber Security and Digital Forensics MSc\Applications of Artificial Intelligence in Cyber Security\Assessment\project\data\large_mixed\minutes1\minutes1.wav,minutes1,705,3525.0,5.0,1
C:\Users\Chris Boddy\OneDrive\Documents\Cyber Security and Digital Forensics MSc\Applications of Artificial Intelligence in Cyber Security\Assessment\project\data\large_mixed\minutes1\minutes1.wav,minutes1,706,3530.0,5.0,2
C:\Users\Chris Boddy\OneDrive\Documents\Cyber Security and Digital Forensics MSc\Applications of Artificial Intelligence in Cyber Security\Assessment\project\data\large_mixed\minutes1\minutes1.wav,minutes1,707,3535.0,5.0,1
C:\Users\Chris Boddy\OneDrive\Documents\Cyber Security and Digital Forensics MSc\Applications of Artificial Intelligence in Cyber Security\Assessment\project\data\large_mixed\minutes1\minutes1.wav,minutes1,708,3540.0,5.0,2
C:\Users\Chris Boddy\OneDrive\Documents\Cyber Security and Digital Forensics MSc\Applications of Artificial Intelligence in Cyber Security\Assessment\project\data\large_mixed\minutes1\minutes1.wav,minutes1,709,3545.0,5.0,0
C:\Users\Chris Boddy\OneDrive\Documents\Cyber Security and Digital Forensics MSc\Applications of Artificial Intelligence in Cyber Security\Assessment\project\data\large_mixed\minutes1\minutes1.wav,minutes1,710,3550.0,5.0,2
C:\Users\Chris Boddy\OneDrive\Documents\Cyber Security and Digital Forensics MSc\Applications of Artificial Intelligence in Cyber Security\Assessment\project\data\large_mixed\minutes1\minutes1.wav,minutes1,711,3555.0,5.0,0
C:\Users\Chris Boddy\OneDrive\Documents\Cyber Security and Digital Forensics MSc\Applications of Artificial Intelligence in Cyber Security\Assessment\project\data\large_mixed\minutes1\minutes1.wav,minutes1,712,3560.0,5.0,0
C:\Users\Chris Boddy\OneDrive\Documents\Cyber Security and Digital Forensics MSc\Applications of Artificial Intelligence in Cyber Security\Assessment\project\data\large_mixed\minutes1\minutes1.wav,minutes1,713,3565.0,5.0,2
C:\Users\Chris Boddy\OneDrive\Documents\Cyber Security and Digital Forensics MSc\Applications of Artificial Intelligence in Cyber Security\Assessment\project\data\large_mixed\minutes1\minutes1.wav,minutes1,714,3570.0,5.0,1
C:\Users\Chris Boddy\OneDrive\Documents\Cyber Security and Digital Forensics MSc\Applications of Artificial Intelligence in Cyber Security\Assessment\project\data\large_mixed\minutes1\minutes1.wav,minutes1,715,3575.0,5.0,2
C:\Users\Chris Boddy\OneDrive\Documents\Cyber Security and Digital Forensics MSc\Applications of Artificial Intelligence in Cyber Security\Assessment\project\data\large_mixed\minutes1\minutes1.wav,minutes1,716,3580.0,5.0,2
C:\Users\Chris Boddy\OneDrive\Documents\Cyber Security and Digital Forensics MSc\Applications of Artificial Intelligence in Cyber Security\Assessment\project\data\large_mixed\minutes1\minutes1.wav,minutes1,717,3585.0,5.0,1
C:\Users\Chris Boddy\OneDrive\Documents\Cyber Security and Digital Forensics MSc\Applications of Artificial Intelligence in Cyber Security\Assessment\project\data\large_mixed\minutes1\minutes1.wav,minutes1,718,3590.0,5.0,1
C:\Users\Chris Boddy\OneDrive\Documents\Cyber Security and Digital Forensics MSc\Applications of Artificial Intelligence in Cyber Security\Assessment\project\data\large_mixed\minutes1\minutes1.wav,minutes1,719,3595.0,5.0,2
C:\Users\Chris Boddy\OneDrive\Documents\Cyber Security and Digital Forensics MSc\Applications of Artificial Intelligence in Cyber Security\Assessment\project\data\large_mixed\minutes1\minutes1.wav,minutes1,720,3600.0,5.0,0
C:\Users\Chris Boddy\OneDrive\Documents\Cyber Security and Digital Forensics MSc\Applications of Artificial Intelligence in Cyber Security\Assessment\project\data\large_mixed\minutes1\minutes1.wav,minutes1,721,3605.0,5.0,1
C:\Users\Chris Boddy\OneDrive\Documents\Cyber Security and Digital Forensics MSc\Applications of Artificial Intelligence in Cyber Security\Assessment\project\data\large_mixed\minutes1\minutes1.wav,minutes1,722,3610.0,5.0,2
C:\Users\Chris Boddy\OneDrive\Documents\Cyber Security and Digital Forensics MSc\Applications of Artificial Intelligence in Cyber Security\Assessment\project\data\large_mixed\minutes1\minutes1.wav,minutes1,723,3615.0,5.0,0
C:\Users\Chris Boddy\OneDrive\Documents\Cyber Security and Digital Forensics MSc\Applications of Artificial Intelligence in Cyber Security\Assessment\project\data\large_mixed\minutes1\minutes1.wav,minutes1,724,3620.0,5.0,1
C:\Users\Chris Boddy\OneDrive\Documents\Cyber Security and Digital Forensics MSc\Applications of Artificial Intelligence in Cyber Security\Assessment\project\data\large_mixed\minutes1\minutes1.wav,minutes1,725,3625.0,5.0,0
C:\Users\Chris Boddy\OneDrive\Documents\Cyber Security and Digital Forensics MSc\Applications of Artificial Intelligence in Cyber Security\Assessment\project\data\large_mixed\minutes1\minutes1.wav,minutes1,726,3630.0,5.0,0
C:\Users\Chris Boddy\OneDrive\Documents\Cyber Security and Digital Forensics MSc\Applications of Artificial Intelligence in Cyber Security\Assessment\project\data\large_mixed\minutes1\minutes1.wav,minutes1,727,3635.0,5.0,1
C:\Users\Chris Boddy\OneDrive\Documents\Cyber Security and Digital Forensics MSc\Applications of Artificial Intelligence in Cyber Security\Assessment\project\data\large_mixed\minutes1\minutes1.wav,minutes1,728,3640.0,5.0,0
C:\Users\Chris Boddy\OneDrive\Documents\Cyber Security and Digital Forensics MSc\Applications of Artificial Intelligence in Cyber Security\Assessment\project\data\large_mixed\minutes1\minutes1.wav,minutes1,729,3645.0,5.0,0
C:\Users\Chris Boddy\OneDrive\Documents\Cyber Security and Digital Forensics MSc\Applications of Artificial Intelligence in Cyber Security\Assessment\project\data\large_mixed\minutes1\minutes1.wav,minutes1,730,3650.0,5.0,2
C:\Users\Chris Boddy\OneDrive\Documents\Cyber Security and Digital Forensics MSc\Applications of Artificial Intelligence in Cyber Security\Assessment\project\data\large_mixed\minutes1\minutes1.wav,minutes1,731,3655.0,5.0,0
C:\Users\Chris Boddy\OneDrive\Documents\Cyber Security and Digital Forensics MSc\Applications of Artificial Intelligence in Cyber Security\Assessment\project\data\large_mixed\minutes1\minutes1.wav,minutes1,732,3660.0,5.0,2
C:\Users\Chris Boddy\OneDrive\Documents\Cyber Security and Digital Forensics MSc\Applications of Artificial Intelligence in Cyber Security\Assessment\project\data\large_mixed\minutes1\minutes1.wav,minutes1,733,3665.0,5.0,1
C:\Users\Chris Boddy\OneDrive\Documents\Cyber Security and Digital Forensics MSc\Applications of Artificial Intelligence in Cyber Security\Assessment\project\data\large_mixed\minutes1\minutes1.wav,minutes1,734,3670.0,5.0,0
C:\Users\Chris Boddy\OneDrive\Documents\Cyber Security and Digital Forensics MSc\Applications of Artificial Intelligence in Cyber Security\Assessment\project\data\large_mixed\minutes1\minutes1.wav,minutes1,735,3675.0,5.0,1
C:\Users\Chris Boddy\OneDrive\Documents\Cyber Security and Digital Forensics MSc\Applications of Artificial Intelligence in Cyber Security\Assessment\project\data\large_mixed\minutes1\minutes1.wav,minutes1,736,3680.0,5.0,0
C:\Users\Chris Boddy\OneDrive\Documents\Cyber Security and Digital Forensics MSc\Applications of Artificial Intelligence in Cyber Security\Assessment\project\data\large_mixed\minutes1\minutes1.wav,minutes1,737,3685.0,5.0,1
C:\Users\Chris Boddy\OneDrive\Documents\Cyber Security and Digital Forensics MSc\Applications of Artificial Intelligence in Cyber Security\Assessment\project\data\large_mixed\minutes1\minutes1.wav,minutes1,738,3690.0,5.0,1
C:\Users\Chris Boddy\OneDrive\Documents\Cyber Security and Digital Forensics MSc\Applications of Artificial Intelligence in Cyber Security\Assessment\project\data\large_mixed\minutes1\minutes1.wav,minutes1,739,3695.0,5.0,0
C:\Users\Chris Boddy\OneDrive\Documents\Cyber Security and Digital Forensics MSc\Applications of Artificial Intelligence in Cyber Security\Assessment\project\data\large_mixed\minutes1\minutes1.wav,minutes1,740,3700.0,5.0,1
C:\Users\Chris Boddy\OneDrive\Documents\Cyber Security and Digital Forensics MSc\Applications of Artificial Intelligence in Cyber Security\Assessment\project\data\large_mixed\minutes1\minutes1.wav,minutes1,741,3705.0,5.0,0
C:\Users\Chris Boddy\OneDrive\Documents\Cyber Security and Digital Forensics MSc\Applications of Artificial Intelligence in Cyber Security\Assessment\project\data\large_mixed\minutes1\minutes1.wav,minutes1,742,3710.0,5.0,1
C:\Users\Chris Boddy\OneDrive\Documents\Cyber Security and Digital Forensics MSc\Applications of Artificial Intelligence in Cyber Security\Assessment\project\data\large_mixed\minutes1\minutes1.wav,minutes1,743,3715.0,5.0,0
C:\Users\Chris Boddy\OneDrive\Documents\Cyber Security and Digital Forensics MSc\Applications of Artificial Intelligence in Cyber Security\Assessment\project\data\large_mixed\minutes1\minutes1.wav,minutes1,744,3720.0,5.0,2
C:\Users\Chris Boddy\OneDrive\Documents\Cyber Security and Digital Forensics MSc\Applications of Artificial Intelligence in Cyber Security\Assessment\project\data\large_mixed\minutes1\minutes1.wav,minutes1,745,3725.0,5.0,1
C:\Users\Chris Boddy\OneDrive\Documents\Cyber Security and Digital Forensics MSc\Applications of Artificial Intelligence in Cyber Security\Assessment\project\data\large_mixed\minutes1\minutes1.wav,minutes1,746,3730.0,5.0,0
C:\Users\Chris Boddy\OneDrive\Documents\Cyber Security and Digital Forensics MSc\Applications of Artificial Intelligence in Cyber Security\Assessment\project\data\large_mixed\minutes1\minutes1.wav,minutes1,747,3735.0,5.0,2
C:\Users\Chris Boddy\OneDrive\Documents\Cyber Security and Digital Forensics MSc\Applications of Artificial Intelligence in Cyber Security\Assessment\project\data\large_mixed\minutes1\minutes1.wav,minutes1,748,3740.0,5.0,0
C:\Users\Chris Boddy\OneDrive\Documents\Cyber Security and Digital Forensics MSc\Applications of Artificial Intelligence in Cyber Security\Assessment\project\data\large_mixed\minutes1\minutes1.wav,minutes1,749,3745.0,5.0,1
C:\Users\Chris Boddy\OneDrive\Documents\Cyber Security and Digital Forensics MSc\Applications of Artificial Intelligence in Cyber Security\Assessment\project\data\large_mixed\minutes1\minutes1.wav,minutes1,750,3750.0,5.0,0
C:\Users\Chris Boddy\OneDrive\Documents\Cyber Security and Digital Forensics MSc\Applications of Artificial Intelligence in Cyber Security\Assessment\project\data\large_mixed\minutes1\minutes1.wav,minutes1,751,3755.0,5.0,0
C:\Users\Chris Boddy\OneDrive\Documents\Cyber Security and Digital Forensics MSc\Applications of Artificial Intelligence in Cyber Security\Assessment\project\data\large_mixed\minutes1\minutes1.wav,minutes1,752,3760.0,5.0,1
C:\Users\Chris Boddy\OneDrive\Documents\Cyber Security and Digital Forensics MSc\Applications of Artificial Intelligence in Cyber Security\Assessment\project\data\large_mixed\minutes1\minutes1.wav,minutes1,753,3765.0,5.0,1
C:\Users\Chris Boddy\OneDrive\Documents\Cyber Security and Digital Forensics MSc\Applications of Artificial Intelligence in Cyber Security\Assessment\project\data\large_mixed\minutes1\minutes1.wav,minutes1,754,3770.0,5.0,0
C:\Users\Chris Boddy\OneDrive\Documents\Cyber Security and Digital Forensics MSc\Applications of Artificial Intelligence in Cyber Security\Assessment\project\data\large_mixed\minutes1\minutes1.wav,minutes1,755,3775.0,5.0,2
C:\Users\Chris Boddy\OneDrive\Documents\Cyber Security and Digital Forensics MSc\Applications of Artificial Intelligence in Cyber Security\Assessment\project\data\large_mixed\minutes1\minutes1.wav,minutes1,756,3780.0,5.0,1
C:\Users\Chris Boddy\OneDrive\Documents\Cyber Security and Digital Forensics MSc\Applications of Artificial Intelligence in Cyber Security\Assessment\project\data\large_mixed\minutes1\minutes1.wav,minutes1,757,3785.0,5.0,1
C:\Users\Chris Boddy\OneDrive\Documents\Cyber Security and Digital Forensics MSc\Applications of Artificial Intelligence in Cyber Security\Assessment\project\data\large_mixed\minutes1\minutes1.wav,minutes1,758,3790.0,5.0,0
C:\Users\Chris Boddy\OneDrive\Documents\Cyber Security and Digital Forensics MSc\Applications of Artificial Intelligence in Cyber Security\Assessment\project\data\large_mixed\minutes1\minutes1.wav,minutes1,759,3795.0,5.0,2
C:\Users\Chris Boddy\OneDrive\Documents\Cyber Security and Digital Forensics MSc\Applications of Artificial Intelligence in Cyber Security\Assessment\project\data\large_mixed\minutes1\minutes1.wav,minutes1,760,3800.0,5.0,0
C:\Users\Chris Boddy\OneDrive\Documents\Cyber Security and Digital Forensics MSc\Applications of Artificial Intelligence in Cyber Security\Assessment\project\data\large_mixed\minutes1\minutes1.wav,minutes1,761,3805.0,5.0,1
C:\Users\Chris Boddy\OneDrive\Documents\Cyber Security and Digital Forensics MSc\Applications of Artificial Intelligence in Cyber Security\Assessment\project\data\large_mixed\minutes1\minutes1.wav,minutes1,762,3810.0,5.0,1
C:\Users\Chris Boddy\OneDrive\Documents\Cyber Security and Digital Forensics MSc\Applications of Artificial Intelligence in Cyber Security\Assessment\project\data\large_mixed\minutes1\minutes1.wav,minutes1,763,3815.0,5.0,0
C:\Users\Chris Boddy\OneDrive\Documents\Cyber Security and Digital Forensics MSc\Applications of Artificial Intelligence in Cyber Security\Assessment\project\data\large_mixed\minutes1\minutes1.wav,minutes1,764,3820.0,5.0,1
C:\Users\Chris Boddy\OneDrive\Documents\Cyber Security and Digital Forensics MSc\Applications of Artificial Intelligence in Cyber Security\Assessment\project\data\large_mixed\minutes1\minutes1.wav,minutes1,765,3825.0,5.0,0
C:\Users\Chris Boddy\OneDrive\Documents\Cyber Security and Digital Forensics MSc\Applications of Artificial Intelligence in Cyber Security\Assessment\project\data\large_mixed\minutes1\minutes1.wav,minutes1,766,3830.0,5.0,1
C:\Users\Chris Boddy\OneDrive\Documents\Cyber Security and Digital Forensics MSc\Applications of Artificial Intelligence in Cyber Security\Assessment\project\data\large_mixed\minutes1\minutes1.wav,minutes1,767,3835.0,5.0,0
C:\Users\Chris Boddy\OneDrive\Documents\Cyber Security and Digital Forensics MSc\Applications of Artificial Intelligence in Cyber Security\Assessment\project\data\large_mixed\minutes1\minutes1.wav,minutes1,768,3840.0,5.0,2
C:\Users\Chris Boddy\OneDrive\Documents\Cyber Security and Digital Forensics MSc\Applications of Artificial Intelligence in Cyber Security\Assessment\project\data\large_mixed\minutes1\minutes1.wav,minutes1,769,3845.0,5.0,0
C:\Users\Chris Boddy\OneDrive\Documents\Cyber Security and Digital Forensics MSc\Applications of Artificial Intelligence in Cyber Security\Assessment\project\data\large_mixed\minutes1\minutes1.wav,minutes1,770,3850.0,5.0,2
C:\Users\Chris Boddy\OneDrive\Documents\Cyber Security and Digital Forensics MSc\Applications of Artificial Intelligence in Cyber Security\Assessment\project\data\large_mixed\minutes1\minutes1.wav,minutes1,771,3855.0,5.0,1
C:\Users\Chris Boddy\OneDrive\Documents\Cyber Security and Digital Forensics MSc\Applications of Artificial Intelligence in Cyber Security\Assessment\project\data\large_mixed\minutes1\minutes1.wav,minutes1,772,3860.0,5.0,1
C:\Users\Chris Boddy\OneDrive\Documents\Cyber Security and Digital Forensics MSc\Applications of Artificial Intelligence in Cyber Security\Assessment\project\data\large_mixed\minutes1\minutes1.wav,minutes1,773,3865.0,5.0,1
C:\Users\Chris Boddy\OneDrive\Documents\Cyber Security and Digital Forensics MSc\Applications of Artificial Intelligence in Cyber Security\Assessment\project\data\large_mixed\minutes1\minutes1.wav,minutes1,774,3870.0,5.0,0
C:\Users\Chris Boddy\OneDrive\Documents\Cyber Security and Digital Forensics MSc\Applications of Artificial Intelligence in Cyber Security\Assessment\project\data\large_mixed\minutes1\minutes1.wav,minutes1,775,3875.0,5.0,1
C:\Users\Chris Boddy\OneDrive\Documents\Cyber Security and Digital Forensics MSc\Applications of Artificial Intelligence in Cyber Security\Assessment\project\data\large_mixed\minutes1\minutes1.wav,minutes1,776,3880.0,5.0,2
C:\Users\Chris Boddy\OneDrive\Documents\Cyber Security and Digital Forensics MSc\Applications of Artificial Intelligence in Cyber Security\Assessment\project\data\large_mixed\minutes1\minutes1.wav,minutes1,777,3885.0,5.0,2
C:\Users\Chris Boddy\OneDrive\Documents\Cyber Security and Digital Forensics MSc\Applications of Artificial Intelligence in Cyber Security\Assessment\project\data\large_mixed\minutes1\minutes1.wav,minutes1,778,3890.0,5.0,0
C:\Users\Chris Boddy\OneDrive\Documents\Cyber Security and Digital Forensics MSc\Applications of Artificial Intelligence in Cyber Security\Assessment\project\data\large_mixed\minutes1\minutes1.wav,minutes1,779,3895.0,5.0,1
C:\Users\Chris Boddy\OneDrive\Documents\Cyber Security and Digital Forensics MSc\Applications of Artificial Intelligence in Cyber Security\Assessment\project\data\large_mixed\minutes1\minutes1.wav,minutes1,780,3900.0,5.0,2
C:\Users\Chris Boddy\OneDrive\Documents\Cyber Security and Digital Forensics MSc\Applications of Artificial Intelligence in Cyber Security\Assessment\project\data\large_mixed\minutes1\minutes1.wav,minutes1,781,3905.0,5.0,0
C:\Users\Chris Boddy\OneDrive\Documents\Cyber Security and Digital Forensics MSc\Applications of Artificial Intelligence in Cyber Security\Assessment\project\data\large_mixed\minutes1\minutes1.wav,minutes1,782,3910.0,5.0,1
C:\Users\Chris Boddy\OneDrive\Documents\Cyber Security and Digital Forensics MSc\Applications of Artificial Intelligence in Cyber Security\Assessment\project\data\large_mixed\minutes1\minutes1.wav,minutes1,783,3915.0,5.0,1
C:\Users\Chris Boddy\OneDrive\Documents\Cyber Security and Digital Forensics MSc\Applications of Artificial Intelligence in Cyber Security\Assessment\project\data\large_mixed\minutes1\minutes1.wav,minutes1,784,3920.0,5.0,1
C:\Users\Chris Boddy\OneDrive\Documents\Cyber Security and Digital Forensics MSc\Applications of Artificial Intelligence in Cyber Security\Assessment\project\data\large_mixed\minutes1\minutes1.wav,minutes1,785,3925.0,5.0,1
C:\Users\Chris Boddy\OneDrive\Documents\Cyber Security and Digital Forensics MSc\Applications of Artificial Intelligence in Cyber Security\Assessment\project\data\large_mixed\minutes1\minutes1.wav,minutes1,786,3930.0,5.0,2
C:\Users\Chris Boddy\OneDrive\Documents\Cyber Security and Digital Forensics MSc\Applications of Artificial Intelligence in Cyber Security\Assessment\project\data\large_mixed\minutes1\minutes1.wav,minutes1,787,3935.0,5.0,1
C:\Users\Chris Boddy\OneDrive\Documents\Cyber Security and Digital Forensics MSc\Applications of Artificial Intelligence in Cyber Security\Assessment\project\data\large_mixed\minutes1\minutes1.wav,minutes1,788,3940.0,5.0,1
C:\Users\Chris Boddy\OneDrive\Documents\Cyber Security and Digital Forensics MSc\Applications of Artificial Intelligence in Cyber Security\Assessment\project\data\large_mixed\minutes1\minutes1.wav,minutes1,789,3945.0,5.0,2
C:\Users\Chris Boddy\OneDrive\Documents\Cyber Security and Digital Forensics MSc\Applications of Artificial Intelligence in Cyber Security\Assessment\project\data\large_mixed\minutes1\minutes1.wav,minutes1,790,3950.0,5.0,1
C:\Users\Chris Boddy\OneDrive\Documents\Cyber Security and Digital Forensics MSc\Applications of Artificial Intelligence in Cyber Security\Assessment\project\data\large_mixed\minutes1\minutes1.wav,minutes1,791,3955.0,5.0,2
C:\Users\Chris Boddy\OneDrive\Documents\Cyber Security and Digital Forensics MSc\Applications of Artificial Intelligence in Cyber Security\Assessment\project\data\large_mixed\minutes1\minutes1.wav,minutes1,792,3960.0,5.0,1
C:\Users\Chris Boddy\OneDrive\Documents\Cyber Security and Digital Forensics MSc\Applications of Artificial Intelligence in Cyber Security\Assessment\project\data\large_mixed\minutes1\minutes1.wav,minutes1,793,3965.0,5.0,0
C:\Users\Chris Boddy\OneDrive\Documents\Cyber Security and Digital Forensics MSc\Applications of Artificial Intelligence in Cyber Security\Assessment\project\data\large_mixed\minutes1\minutes1.wav,minutes1,794,3970.0,5.0,2
C:\Users\Chris Boddy\OneDrive\Documents\Cyber Security and Digital Forensics MSc\Applications of Artificial Intelligence in Cyber Security\Assessment\project\data\large_mixed\minutes1\minutes1.wav,minutes1,795,3975.0,5.0,1
C:\Users\Chris Boddy\OneDrive\Documents\Cyber Security and Digital Forensics MSc\Applications of Artificial Intelligence in Cyber Security\Assessment\project\data\large_mixed\minutes1\minutes1.wav,minutes1,796,3980.0,5.0,1
C:\Users\Chris Boddy\OneDrive\Documents\Cyber Security and Digital Forensics MSc\Applications of Artificial Intelligence in Cyber Security\Assessment\project\data\large_mixed\minutes1\minutes1.wav,minutes1,797,3985.0,5.0,2
C:\Users\Chris Boddy\OneDrive\Documents\Cyber Security and Digital Forensics MSc\Applications of Artificial Intelligence in Cyber Security\Assessment\project\data\large_mixed\minutes1\minutes1.wav,minutes1,798,3990.0,5.0,2
C:\Users\Chris Boddy\OneDrive\Documents\Cyber Security and Digital Forensics MSc\Applications of Artificial Intelligence in Cyber Security\Assessment\project\data\large_mixed\minutes1\minutes1.wav,minutes1,799,3995.0,5.0,1
C:\Users\Chris Boddy\OneDrive\Documents\Cyber Security and Digital Forensics MSc\Applications of Artificial Intelligence in Cyber Security\Assessment\project\data\large_mixed\minutes1\minutes1.wav,minutes1,800,4000.0,5.0,2
C:\Users\Chris Boddy\OneDrive\Documents\Cyber Security and Digital Forensics MSc\Applications of Artificial Intelligence in Cyber Security\Assessment\project\data\large_mixed\minutes1\minutes1.wav,minutes1,801,4005.0,5.0,2
C:\Users\Chris Boddy\OneDrive\Documents\Cyber Security and Digital Forensics MSc\Applications of Artificial Intelligence in Cyber Security\Assessment\project\data\large_mixed\minutes1\minutes1.wav,minutes1,802,4010.0,5.0,1
C:\Users\Chris Boddy\OneDrive\Documents\Cyber Security and Digital Forensics MSc\Applications of Artificial Intelligence in Cyber Security\Assessment\project\data\large_mixed\minutes1\minutes1.wav,minutes1,803,4015.0,5.0,2
C:\Users\Chris Boddy\OneDrive\Documents\Cyber Security and Digital Forensics MSc\Applications of Artificial Intelligence in Cyber Security\Assessment\project\data\large_mixed\minutes1\minutes1.wav,minutes1,804,4020.0,5.0,1
C:\Users\Chris Boddy\OneDrive\Documents\Cyber Security and Digital Forensics MSc\Applications of Artificial Intelligence in Cyber Security\Assessment\project\data\large_mixed\minutes1\minutes1.wav,minutes1,805,4025.0,5.0,0
C:\Users\Chris Boddy\OneDrive\Documents\Cyber Security and Digital Forensics MSc\Applications of Artificial Intelligence in Cyber Security\Assessment\project\data\large_mixed\minutes1\minutes1.wav,minutes1,806,4030.0,5.0,2
C:\Users\Chris Boddy\OneDrive\Documents\Cyber Security and Digital Forensics MSc\Applications of Artificial Intelligence in Cyber Security\Assessment\project\data\large_mixed\minutes1\minutes1.wav,minutes1,807,4035.0,5.0,1
C:\Users\Chris Boddy\OneDrive\Documents\Cyber Security and Digital Forensics MSc\Applications of Artificial Intelligence in Cyber Security\Assessment\project\data\large_mixed\minutes1\minutes1.wav,minutes1,808,4040.0,5.0,2
C:\Users\Chris Boddy\OneDrive\Documents\Cyber Security and Digital Forensics MSc\Applications of Artificial Intelligence in Cyber Security\Assessment\project\data\large_mixed\minutes1\minutes1.wav,minutes1,809,4045.0,5.0,0
C:\Users\Chris Boddy\OneDrive\Documents\Cyber Security and Digital Forensics MSc\Applications of Artificial Intelligence in Cyber Security\Assessment\project\data\large_mixed\minutes1\minutes1.wav,minutes1,810,4050.0,5.0,2
C:\Users\Chris Boddy\OneDrive\Documents\Cyber Security and Digital Forensics MSc\Applications of Artificial Intelligence in Cyber Security\Assessment\project\data\large_mixed\minutes1\minutes1.wav,minutes1,811,4055.0,5.0,1
C:\Users\Chris Boddy\OneDrive\Documents\Cyber Security and Digital Forensics MSc\Applications of Artificial Intelligence in Cyber Security\Assessment\project\data\large_mixed\minutes1\minutes1.wav,minutes1,812,4060.0,5.0,1
C:\Users\Chris Boddy\OneDrive\Documents\Cyber Security and Digital Forensics MSc\Applications of Artificial Intelligence in Cyber Security\Assessment\project\data\large_mixed\minutes1\minutes1.wav,minutes1,813,4065.0,5.0,2
C:\Users\Chris Boddy\OneDrive\Documents\Cyber Security and Digital Forensics MSc\Applications of Artificial Intelligence in Cyber Security\Assessment\project\data\large_mixed\minutes1\minutes1.wav,minutes1,814,4070.0,5.0,1
C:\Users\Chris Boddy\OneDrive\Documents\Cyber Security and Digital Forensics MSc\Applications of Artificial Intelligence in Cyber Security\Assessment\project\data\large_mixed\minutes1\minutes1.wav,minutes1,815,4075.0,5.0,2
C:\Users\Chris Boddy\OneDrive\Documents\Cyber Security and Digital Forensics MSc\Applications of Artificial Intelligence in Cyber Security\Assessment\project\data\large_mixed\minutes1\minutes1.wav,minutes1,816,4080.0,5.0,1
C:\Users\Chris Boddy\OneDrive\Documents\Cyber Security and Digital Forensics MSc\Applications of Artificial Intelligence in Cyber Security\Assessment\project\data\large_mixed\minutes1\minutes1.wav,minutes1,817,4085.0,5.0,2
C:\Users\Chris Boddy\OneDrive\Documents\Cyber Security and Digital Forensics MSc\Applications of Artificial Intelligence in Cyber Security\Assessment\project\data\large_mixed\minutes1\minutes1.wav,minutes1,818,4090.0,5.0,1
C:\Users\Chris Boddy\OneDrive\Documents\Cyber Security and Digital Forensics MSc\Applications of Artificial Intelligence in Cyber Security\Assessment\project\data\large_mixed\minutes1\minutes1.wav,minutes1,819,4095.0,5.0,2
C:\Users\Chris Boddy\OneDrive\Documents\Cyber Security and Digital Forensics MSc\Applications of Artificial Intelligence in Cyber Security\Assessment\project\data\large_mixed\minutes1\minutes1.wav,minutes1,820,4100.0,5.0,1
C:\Users\Chris Boddy\OneDrive\Documents\Cyber Security and Digital Forensics MSc\Applications of Artificial Intelligence in Cyber Security\Assessment\project\data\large_mixed\minutes1\minutes1.wav,minutes1,821,4105.0,5.0,2
C:\Users\Chris Boddy\OneDrive\Documents\Cyber Security and Digital Forensics MSc\Applications of Artificial Intelligence in Cyber Security\Assessment\project\data\large_mixed\minutes1\minutes1.wav,minutes1,822,4110.0,5.0,1
C:\Users\Chris Boddy\OneDrive\Documents\Cyber Security and Digital Forensics MSc\Applications of Artificial Intelligence in Cyber Security\Assessment\project\data\large_mixed\minutes1\minutes1.wav,minutes1,823,4115.0,5.0,2
C:\Users\Chris Boddy\OneDrive\Documents\Cyber Security and Digital Forensics MSc\Applications of Artificial Intelligence in Cyber Security\Assessment\project\data\large_mixed\minutes1\minutes1.wav,minutes1,824,4120.0,5.0,0
C:\Users\Chris Boddy\OneDrive\Documents\Cyber Security and Digital Forensics MSc\Applications of Artificial Intelligence in Cyber Security\Assessment\project\data\large_mixed\minutes1\minutes1.wav,minutes1,825,4125.0,5.0,1
C:\Users\Chris Boddy\OneDrive\Documents\Cyber Security and Digital Forensics MSc\Applications of Artificial Intelligence in Cyber Security\Assessment\project\data\large_mixed\minutes1\minutes1.wav,minutes1,826,4130.0,5.0,0
C:\Users\Chris Boddy\OneDrive\Documents\Cyber Security and Digital Forensics MSc\Applications of Artificial Intelligence in Cyber Security\Assessment\project\data\large_mixed\minutes1\minutes1.wav,minutes1,827,4135.0,5.0,1
C:\Users\Chris Boddy\OneDrive\Documents\Cyber Security and Digital Forensics MSc\Applications of Artificial Intelligence in Cyber Security\Assessment\project\data\large_mixed\minutes1\minutes1.wav,minutes1,828,4140.0,5.0,0
C:\Users\Chris Boddy\OneDrive\Documents\Cyber Security and Digital Forensics MSc\Applications of Artificial Intelligence in Cyber Security\Assessment\project\data\large_mixed\minutes1\minutes1.wav,minutes1,829,4145.0,5.0,1
C:\Users\Chris Boddy\OneDrive\Documents\Cyber Security and Digital Forensics MSc\Applications of Artificial Intelligence in Cyber Security\Assessment\project\data\large_mixed\minutes1\minutes1.wav,minutes1,830,4150.0,5.0,1
C:\Users\Chris Boddy\OneDrive\Documents\Cyber Security and Digital Forensics MSc\Applications of Artificial Intelligence in Cyber Security\Assessment\project\data\large_mixed\minutes1\minutes1.wav,minutes1,831,4155.0,5.0,2
C:\Users\Chris Boddy\OneDrive\Documents\Cyber Security and Digital Forensics MSc\Applications of Artificial Intelligence in Cyber Security\Assessment\project\data\large_mixed\minutes1\minutes1.wav,minutes1,832,4160.0,5.0,0
C:\Users\Chris Boddy\OneDrive\Documents\Cyber Security and Digital Forensics MSc\Applications of Artificial Intelligence in Cyber Security\Assessment\project\data\large_mixed\minutes1\minutes1.wav,minutes1,833,4165.0,5.0,1
C:\Users\Chris Boddy\OneDrive\Documents\Cyber Security and Digital Forensics MSc\Applications of Artificial Intelligence in Cyber Security\Assessment\project\data\large_mixed\minutes1\minutes1.wav,minutes1,834,4170.0,5.0,0
C:\Users\Chris Boddy\OneDrive\Documents\Cyber Security and Digital Forensics MSc\Applications of Artificial Intelligence in Cyber Security\Assessment\project\data\large_mixed\minutes1\minutes1.wav,minutes1,835,4175.0,5.0,1
C:\Users\Chris Boddy\OneDrive\Documents\Cyber Security and Digital Forensics MSc\Applications of Artificial Intelligence in Cyber Security\Assessment\project\data\large_mixed\minutes1\minutes1.wav,minutes1,836,4180.0,5.0,0
C:\Users\Chris Boddy\OneDrive\Documents\Cyber Security and Digital Forensics MSc\Applications of Artificial Intelligence in Cyber Security\Assessment\project\data\large_mixed\minutes1\minutes1.wav,minutes1,837,4185.0,5.0,0
C:\Users\Chris Boddy\OneDrive\Documents\Cyber Security and Digital Forensics MSc\Applications of Artificial Intelligence in Cyber Security\Assessment\project\data\large_mixed\minutes1\minutes1.wav,minutes1,838,4190.0,5.0,0
C:\Users\Chris Boddy\OneDrive\Documents\Cyber Security and Digital Forensics MSc\Applications of Artificial Intelligence in Cyber Security\Assessment\project\data\large_mixed\minutes1\minutes1.wav,minutes1,839,4195.0,5.0,1
C:\Users\Chris Boddy\OneDrive\Documents\Cyber Security and Digital Forensics MSc\Applications of Artificial Intelligence in Cyber Security\Assessment\project\data\large_mixed\minutes1\minutes1.wav,minutes1,840,4200.0,5.0,1
C:\Users\Chris Boddy\OneDrive\Documents\Cyber Security and Digital Forensics MSc\Applications of Artificial Intelligence in Cyber Security\Assessment\project\data\large_mixed\minutes1\minutes1.wav,minutes1,841,4205.0,5.0,1
C:\Users\Chris Boddy\OneDrive\Documents\Cyber Security and Digital Forensics MSc\Applications of Artificial Intelligence in Cyber Security\Assessment\project\data\large_mixed\minutes1\minutes1.wav,minutes1,842,4210.0,5.0,2
C:\Users\Chris Boddy\OneDrive\Documents\Cyber Security and Digital Forensics MSc\Applications of Artificial Intelligence in Cyber Security\Assessment\project\data\large_mixed\minutes1\minutes1.wav,minutes1,843,4215.0,5.0,0
C:\Users\Chris Boddy\OneDrive\Documents\Cyber Security and Digital Forensics MSc\Applications of Artificial Intelligence in Cyber Security\Assessment\project\data\large_mixed\minutes1\minutes1.wav,minutes1,844,4220.0,5.0,1
C:\Users\Chris Boddy\OneDrive\Documents\Cyber Security and Digital Forensics MSc\Applications of Artificial Intelligence in Cyber Security\Assessment\project\data\large_mixed\minutes1\minutes1.wav,minutes1,845,4225.0,5.0,2
C:\Users\Chris Boddy\OneDrive\Documents\Cyber Security and Digital Forensics MSc\Applications of Artificial Intelligence in Cyber Security\Assessment\project\data\large_mixed\minutes1\minutes1.wav,minutes1,846,4230.0,5.0,1
C:\Users\Chris Boddy\OneDrive\Documents\Cyber Security and Digital Forensics MSc\Applications of Artificial Intelligence in Cyber Security\Assessment\project\data\large_mixed\minutes1\minutes1.wav,minutes1,847,4235.0,5.0,0
C:\Users\Chris Boddy\OneDrive\Documents\Cyber Security and Digital Forensics MSc\Applications of Artificial Intelligence in Cyber Security\Assessment\project\data\large_mixed\minutes1\minutes1.wav,minutes1,848,4240.0,5.0,2
C:\Users\Chris Boddy\OneDrive\Documents\Cyber Security and Digital Forensics MSc\Applications of Artificial Intelligence in Cyber Security\Assessment\project\data\large_mixed\minutes1\minutes1.wav,minutes1,849,4245.0,5.0,0
C:\Users\Chris Boddy\OneDrive\Documents\Cyber Security and Digital Forensics MSc\Applications of Artificial Intelligence in Cyber Security\Assessment\project\data\large_mixed\minutes1\minutes1.wav,minutes1,850,4250.0,5.0,1
C:\Users\Chris Boddy\OneDrive\Documents\Cyber Security and Digital Forensics MSc\Applications of Artificial Intelligence in Cyber Security\Assessment\project\data\large_mixed\minutes1\minutes1.wav,minutes1,851,4255.0,5.0,0
C:\Users\Chris Boddy\OneDrive\Documents\Cyber Security and Digital Forensics MSc\Applications of Artificial Intelligence in Cyber Security\Assessment\project\data\large_mixed\minutes1\minutes1.wav,minutes1,852,4260.0,5.0,1
C:\Users\Chris Boddy\OneDrive\Documents\Cyber Security and Digital Forensics MSc\Applications of Artificial Intelligence in Cyber Security\Assessment\project\data\large_mixed\minutes1\minutes1.wav,minutes1,853,4265.0,5.0,1
C:\Users\Chris Boddy\OneDrive\Documents\Cyber Security and Digital Forensics MSc\Applications of Artificial Intelligence in Cyber Security\Assessment\project\data\large_mixed\minutes1\minutes1.wav,minutes1,854,4270.0,5.0,1
C:\Users\Chris Boddy\OneDrive\Documents\Cyber Security and Digital Forensics MSc\Applications of Artificial Intelligence in Cyber Security\Assessment\project\data\large_mixed\minutes1\minutes1.wav,minutes1,855,4275.0,5.0,2
C:\Users\Chris Boddy\OneDrive\Documents\Cyber Security and Digital Forensics MSc\Applications of Artificial Intelligence in Cyber Security\Assessment\project\data\large_mixed\minutes1\minutes1.wav,minutes1,856,4280.0,5.0,2
C:\Users\Chris Boddy\OneDrive\Documents\Cyber Security and Digital Forensics MSc\Applications of Artificial Intelligence in Cyber Security\Assessment\project\data\large_mixed\minutes1\minutes1.wav,minutes1,857,4285.0,5.0,1
C:\Users\Chris Boddy\OneDrive\Documents\Cyber Security and Digital Forensics MSc\Applications of Artificial Intelligence in Cyber Security\Assessment\project\data\large_mixed\minutes1\minutes1.wav,minutes1,858,4290.0,5.0,1
C:\Users\Chris Boddy\OneDrive\Documents\Cyber Security and Digital Forensics MSc\Applications of Artificial Intelligence in Cyber Security\Assessment\project\data\large_mixed\minutes1\minutes1.wav,minutes1,859,4295.0,5.0,0
C:\Users\Chris Boddy\OneDrive\Documents\Cyber Security and Digital Forensics MSc\Applications of Artificial Intelligence in Cyber Security\Assessment\project\data\large_mixed\minutes1\minutes1.wav,minutes1,860,4300.0,5.0,1
C:\Users\Chris Boddy\OneDrive\Documents\Cyber Security and Digital Forensics MSc\Applications of Artificial Intelligence in Cyber Security\Assessment\project\data\large_mixed\minutes1\minutes1.wav,minutes1,861,4305.0,5.0,1
C:\Users\Chris Boddy\OneDrive\Documents\Cyber Security and Digital Forensics MSc\Applications of Artificial Intelligence in Cyber Security\Assessment\project\data\large_mixed\minutes1\minutes1.wav,minutes1,862,4310.0,5.0,1
C:\Users\Chris Boddy\OneDrive\Documents\Cyber Security and Digital Forensics MSc\Applications of Artificial Intelligence in Cyber Security\Assessment\project\data\large_mixed\minutes1\minutes1.wav,minutes1,863,4315.0,5.0,0
C:\Users\Chris Boddy\OneDrive\Documents\Cyber Security and Digital Forensics MSc\Applications of Artificial Intelligence in Cyber Security\Assessment\project\data\large_mixed\minutes1\minutes1.wav,minutes1,864,4320.0,5.0,1
C:\Users\Chris Boddy\OneDrive\Documents\Cyber Security and Digital Forensics MSc\Applications of Artificial Intelligence in Cyber Security\Assessment\project\data\large_mixed\minutes1\minutes1.wav,minutes1,865,4325.0,5.0,0
C:\Users\Chris Boddy\OneDrive\Documents\Cyber Security and Digital Forensics MSc\Applications of Artificial Intelligence in Cyber Security\Assessment\project\data\large_mixed\minutes1\minutes1.wav,minutes1,866,4330.0,5.0,1
C:\Users\Chris Boddy\OneDrive\Documents\Cyber Security and Digital Forensics MSc\Applications of Artificial Intelligence in Cyber Security\Assessment\project\data\large_mixed\minutes1\minutes1.wav,minutes1,867,4335.0,5.0,1
C:\Users\Chris Boddy\OneDrive\Documents\Cyber Security and Digital Forensics MSc\Applications of Artificial Intelligence in Cyber Security\Assessment\project\data\large_mixed\minutes1\minutes1.wav,minutes1,868,4340.0,5.0,1
C:\Users\Chris Boddy\OneDrive\Documents\Cyber Security and Digital Forensics MSc\Applications of Artificial Intelligence in Cyber Security\Assessment\project\data\large_mixed\minutes1\minutes1.wav,minutes1,869,4345.0,5.0,0
C:\Users\Chris Boddy\OneDrive\Documents\Cyber Security and Digital Forensics MSc\Applications of Artificial Intelligence in Cyber Security\Assessment\project\data\large_mixed\minutes1\minutes1.wav,minutes1,870,4350.0,5.0,1
C:\Users\Chris Boddy\OneDrive\Documents\Cyber Security and Digital Forensics MSc\Applications of Artificial Intelligence in Cyber Security\Assessment\project\data\large_mixed\minutes1\minutes1.wav,minutes1,871,4355.0,5.0,2
C:\Users\Chris Boddy\OneDrive\Documents\Cyber Security and Digital Forensics MSc\Applications of Artificial Intelligence in Cyber Security\Assessment\project\data\large_mixed\minutes1\minutes1.wav,minutes1,872,4360.0,5.0,1
C:\Users\Chris Boddy\OneDrive\Documents\Cyber Security and Digital Forensics MSc\Applications of Artificial Intelligence in Cyber Security\Assessment\project\data\large_mixed\minutes1\minutes1.wav,minutes1,873,4365.0,5.0,1
C:\Users\Chris Boddy\OneDrive\Documents\Cyber Security and Digital Forensics MSc\Applications of Artificial Intelligence in Cyber Security\Assessment\project\data\large_mixed\minutes1\minutes1.wav,minutes1,874,4370.0,5.0,0
C:\Users\Chris Boddy\OneDrive\Documents\Cyber Security and Digital Forensics MSc\Applications of Artificial Intelligence in Cyber Security\Assessment\project\data\large_mixed\minutes1\minutes1.wav,minutes1,875,4375.0,5.0,0
C:\Users\Chris Boddy\OneDrive\Documents\Cyber Security and Digital Forensics MSc\Applications of Artificial Intelligence in Cyber Security\Assessment\project\data\large_mixed\minutes1\minutes1.wav,minutes1,876,4380.0,5.0,2
C:\Users\Chris Boddy\OneDrive\Documents\Cyber Security and Digital Forensics MSc\Applications of Artificial Intelligence in Cyber Security\Assessment\project\data\large_mixed\minutes1\minutes1.wav,minutes1,877,4385.0,5.0,1
C:\Users\Chris Boddy\OneDrive\Documents\Cyber Security and Digital Forensics MSc\Applications of Artificial Intelligence in Cyber Security\Assessment\project\data\large_mixed\minutes1\minutes1.wav,minutes1,878,4390.0,5.0,0
C:\Users\Chris Boddy\OneDrive\Documents\Cyber Security and Digital Forensics MSc\Applications of Artificial Intelligence in Cyber Security\Assessment\project\data\large_mixed\minutes1\minutes1.wav,minutes1,879,4395.0,5.0,1
C:\Users\Chris Boddy\OneDrive\Documents\Cyber Security and Digital Forensics MSc\Applications of Artificial Intelligence in Cyber Security\Assessment\project\data\large_mixed\minutes1\minutes1.wav,minutes1,880,4400.0,5.0,1
C:\Users\Chris Boddy\OneDrive\Documents\Cyber Security and Digital Forensics MSc\Applications of Artificial Intelligence in Cyber Security\Assessment\project\data\large_mixed\minutes1\minutes1.wav,minutes1,881,4405.0,5.0,0
C:\Users\Chris Boddy\OneDrive\Documents\Cyber Security and Digital Forensics MSc\Applications of Artificial Intelligence in Cyber Security\Assessment\project\data\large_mixed\minutes1\minutes1.wav,minutes1,882,4410.0,5.0,0
C:\Users\Chris Boddy\OneDrive\Documents\Cyber Security and Digital Forensics MSc\Applications of Artificial Intelligence in Cyber Security\Assessment\project\data\large_mixed\minutes1\minutes1.wav,minutes1,883,4415.0,5.0,1
C:\Users\Chris Boddy\OneDrive\Documents\Cyber Security and Digital Forensics MSc\Applications of Artificial Intelligence in Cyber Security\Assessment\project\data\large_mixed\minutes1\minutes1.wav,minutes1,884,4420.0,5.0,0
C:\Users\Chris Boddy\OneDrive\Documents\Cyber Security and Digital Forensics MSc\Applications of Artificial Intelligence in Cyber Security\Assessment\project\data\large_mixed\minutes1\minutes1.wav,minutes1,885,4425.0,5.0,2
C:\Users\Chris Boddy\OneDrive\Documents\Cyber Security and Digital Forensics MSc\Applications of Artificial Intelligence in Cyber Security\Assessment\project\data\large_mixed\minutes1\minutes1.wav,minutes1,886,4430.0,5.0,0
C:\Users\Chris Boddy\OneDrive\Documents\Cyber Security and Digital Forensics MSc\Applications of Artificial Intelligence in Cyber Security\Assessment\project\data\large_mixed\minutes1\minutes1.wav,minutes1,887,4435.0,5.0,1
C:\Users\Chris Boddy\OneDrive\Documents\Cyber Security and Digital Forensics MSc\Applications of Artificial Intelligence in Cyber Security\Assessment\project\data\large_mixed\minutes1\minutes1.wav,minutes1,888,4440.0,5.0,0
C:\Users\Chris Boddy\OneDrive\Documents\Cyber Security and Digital Forensics MSc\Applications of Artificial Intelligence in Cyber Security\Assessment\project\data\large_mixed\minutes1\minutes1.wav,minutes1,889,4445.0,5.0,1
C:\Users\Chris Boddy\OneDrive\Documents\Cyber Security and Digital Forensics MSc\Applications of Artificial Intelligence in Cyber Security\Assessment\project\data\large_mixed\minutes1\minutes1.wav,minutes1,890,4450.0,5.0,1
C:\Users\Chris Boddy\OneDrive\Documents\Cyber Security and Digital Forensics MSc\Applications of Artificial Intelligence in Cyber Security\Assessment\project\data\large_mixed\minutes1\minutes1.wav,minutes1,891,4455.0,5.0,2
C:\Users\Chris Boddy\OneDrive\Documents\Cyber Security and Digital Forensics MSc\Applications of Artificial Intelligence in Cyber Security\Assessment\project\data\large_mixed\minutes1\minutes1.wav,minutes1,892,4460.0,5.0,1
C:\Users\Chris Boddy\OneDrive\Documents\Cyber Security and Digital Forensics MSc\Applications of Artificial Intelligence in Cyber Security\Assessment\project\data\large_mixed\minutes1\minutes1.wav,minutes1,893,4465.0,5.0,1
C:\Users\Chris Boddy\OneDrive\Documents\Cyber Security and Digital Forensics MSc\Applications of Artificial Intelligence in Cyber Security\Assessment\project\data\large_mixed\minutes1\minutes1.wav,minutes1,894,4470.0,5.0,0
C:\Users\Chris Boddy\OneDrive\Documents\Cyber Security and Digital Forensics MSc\Applications of Artificial Intelligence in Cyber Security\Assessment\project\data\large_mixed\minutes1\minutes1.wav,minutes1,895,4475.0,5.0,1
C:\Users\Chris Boddy\OneDrive\Documents\Cyber Security and Digital Forensics MSc\Applications of Artificial Intelligence in Cyber Security\Assessment\project\data\large_mixed\minutes1\minutes1.wav,minutes1,896,4480.0,5.0,2
C:\Users\Chris Boddy\OneDrive\Documents\Cyber Security and Digital Forensics MSc\Applications of Artificial Intelligence in Cyber Security\Assessment\project\data\large_mixed\minutes1\minutes1.wav,minutes1,897,4485.0,5.0,1
C:\Users\Chris Boddy\OneDrive\Documents\Cyber Security and Digital Forensics MSc\Applications of Artificial Intelligence in Cyber Security\Assessment\project\data\large_mixed\minutes1\minutes1.wav,minutes1,898,4490.0,5.0,1
C:\Users\Chris Boddy\OneDrive\Documents\Cyber Security and Digital Forensics MSc\Applications of Artificial Intelligence in Cyber Security\Assessment\project\data\large_mixed\minutes1\minutes1.wav,minutes1,899,4495.0,5.0,2
C:\Users\Chris Boddy\OneDrive\Documents\Cyber Security and Digital Forensics MSc\Applications of Artificial Intelligence in Cyber Security\Assessment\project\data\large_mixed\minutes1\minutes1.wav,minutes1,900,4500.0,5.0,1
C:\Users\Chris Boddy\OneDrive\Documents\Cyber Security and Digital Forensics MSc\Applications of Artificial Intelligence in Cyber Security\Assessment\project\data\large_mixed\minutes1\minutes1.wav,minutes1,901,4505.0,5.0,0
C:\Users\Chris Boddy\OneDrive\Documents\Cyber Security and Digital Forensics MSc\Applications of Artificial Intelligence in Cyber Security\Assessment\project\data\large_mixed\minutes1\minutes1.wav,minutes1,902,4510.0,5.0,2
C:\Users\Chris Boddy\OneDrive\Documents\Cyber Security and Digital Forensics MSc\Applications of Artificial Intelligence in Cyber Security\Assessment\project\data\large_mixed\minutes1\minutes1.wav,minutes1,903,4515.0,5.0,0
C:\Users\Chris Boddy\OneDrive\Documents\Cyber Security and Digital Forensics MSc\Applications of Artificial Intelligence in Cyber Security\Assessment\project\data\large_mixed\minutes1\minutes1.wav,minutes1,904,4520.0,5.0,1
C:\Users\Chris Boddy\OneDrive\Documents\Cyber Security and Digital Forensics MSc\Applications of Artificial Intelligence in Cyber Security\Assessment\project\data\large_mixed\minutes1\minutes1.wav,minutes1,905,4525.0,5.0,0
C:\Users\Chris Boddy\OneDrive\Documents\Cyber Security and Digital Forensics MSc\Applications of Artificial Intelligence in Cyber Security\Assessment\project\data\large_mixed\minutes1\minutes1.wav,minutes1,906,4530.0,5.0,1
C:\Users\Chris Boddy\OneDrive\Documents\Cyber Security and Digital Forensics MSc\Applications of Artificial Intelligence in Cyber Security\Assessment\project\data\large_mixed\minutes1\minutes1.wav,minutes1,907,4535.0,5.0,0
C:\Users\Chris Boddy\OneDrive\Documents\Cyber Security and Digital Forensics MSc\Applications of Artificial Intelligence in Cyber Security\Assessment\project\data\large_mixed\minutes1\minutes1.wav,minutes1,908,4540.0,5.0,1
C:\Users\Chris Boddy\OneDrive\Documents\Cyber Security and Digital Forensics MSc\Applications of Artificial Intelligence in Cyber Security\Assessment\project\data\large_mixed\minutes1\minutes1.wav,minutes1,909,4545.0,5.0,0
C:\Users\Chris Boddy\OneDrive\Documents\Cyber Security and Digital Forensics MSc\Applications of Artificial Intelligence in Cyber Security\Assessment\project\data\large_mixed\minutes1\minutes1.wav,minutes1,910,4550.0,5.0,2
C:\Users\Chris Boddy\OneDrive\Documents\Cyber Security and Digital Forensics MSc\Applications of Artificial Intelligence in Cyber Security\Assessment\project\data\large_mixed\minutes1\minutes1.wav,minutes1,911,4555.0,5.0,1
C:\Users\Chris Boddy\OneDrive\Documents\Cyber Security and Digital Forensics MSc\Applications of Artificial Intelligence in Cyber Security\Assessment\project\data\large_mixed\minutes1\minutes1.wav,minutes1,912,4560.0,5.0,2
C:\Users\Chris Boddy\OneDrive\Documents\Cyber Security and Digital Forensics MSc\Applications of Artificial Intelligence in Cyber Security\Assessment\project\data\large_mixed\minutes1\minutes1.wav,minutes1,913,4565.0,5.0,1
C:\Users\Chris Boddy\OneDrive\Documents\Cyber Security and Digital Forensics MSc\Applications of Artificial Intelligence in Cyber Security\Assessment\project\data\large_mixed\minutes1\minutes1.wav,minutes1,914,4570.0,5.0,0
C:\Users\Chris Boddy\OneDrive\Documents\Cyber Security and Digital Forensics MSc\Applications of Artificial Intelligence in Cyber Security\Assessment\project\data\large_mixed\minutes1\minutes1.wav,minutes1,915,4575.0,5.0,1
C:\Users\Chris Boddy\OneDrive\Documents\Cyber Security and Digital Forensics MSc\Applications of Artificial Intelligence in Cyber Security\Assessment\project\data\large_mixed\minutes1\minutes1.wav,minutes1,916,4580.0,5.0,1
C:\Users\Chris Boddy\OneDrive\Documents\Cyber Security and Digital Forensics MSc\Applications of Artificial Intelligence in Cyber Security\Assessment\project\data\large_mixed\minutes1\minutes1.wav,minutes1,917,4585.0,5.0,0
C:\Users\Chris Boddy\OneDrive\Documents\Cyber Security and Digital Forensics MSc\Applications of Artificial Intelligence in Cyber Security\Assessment\project\data\large_mixed\minutes1\minutes1.wav,minutes1,918,4590.0,5.0,0
C:\Users\Chris Boddy\OneDrive\Documents\Cyber Security and Digital Forensics MSc\Applications of Artificial Intelligence in Cyber Security\Assessment\project\data\large_mixed\minutes1\minutes1.wav,minutes1,919,4595.0,5.0,1
C:\Users\Chris Boddy\OneDrive\Documents\Cyber Security and Digital Forensics MSc\Applications of Artificial Intelligence in Cyber Security\Assessment\project\data\large_mixed\minutes1\minutes1.wav,minutes1,920,4600.0,5.0,1
C:\Users\Chris Boddy\OneDrive\Documents\Cyber Security and Digital Forensics MSc\Applications of Artificial Intelligence in Cyber Security\Assessment\project\data\large_mixed\minutes1\minutes1.wav,minutes1,921,4605.0,5.0,1
C:\Users\Chris Boddy\OneDrive\Documents\Cyber Security and Digital Forensics MSc\Applications of Artificial Intelligence in Cyber Security\Assessment\project\data\large_mixed\minutes1\minutes1.wav,minutes1,922,4610.0,5.0,0
C:\Users\Chris Boddy\OneDrive\Documents\Cyber Security and Digital Forensics MSc\Applications of Artificial Intelligence in Cyber Security\Assessment\project\data\large_mixed\minutes1\minutes1.wav,minutes1,923,4615.0,5.0,2
C:\Users\Chris Boddy\OneDrive\Documents\Cyber Security and Digital Forensics MSc\Applications of Artificial Intelligence in Cyber Security\Assessment\project\data\large_mixed\minutes1\minutes1.wav,minutes1,924,4620.0,5.0,0
C:\Users\Chris Boddy\OneDrive\Documents\Cyber Security and Digital Forensics MSc\Applications of Artificial Intelligence in Cyber Security\Assessment\project\data\large_mixed\minutes1\minutes1.wav,minutes1,925,4625.0,5.0,2
C:\Users\Chris Boddy\OneDrive\Documents\Cyber Security and Digital Forensics MSc\Applications of Artificial Intelligence in Cyber Security\Assessment\project\data\large_mixed\minutes1\minutes1.wav,minutes1,926,4630.0,5.0,1
C:\Users\Chris Boddy\OneDrive\Documents\Cyber Security and Digital Forensics MSc\Applications of Artificial Intelligence in Cyber Security\Assessment\project\data\large_mixed\minutes1\minutes1.wav,minutes1,927,4635.0,5.0,1
C:\Users\Chris Boddy\OneDrive\Documents\Cyber Security and Digital Forensics MSc\Applications of Artificial Intelligence in Cyber Security\Assessment\project\data\large_mixed\minutes1\minutes1.wav,minutes1,928,4640.0,5.0,0
C:\Users\Chris Boddy\OneDrive\Documents\Cyber Security and Digital Forensics MSc\Applications of Artificial Intelligence in Cyber Security\Assessment\project\data\large_mixed\minutes1\minutes1.wav,minutes1,929,4645.0,5.0,2
C:\Users\Chris Boddy\OneDrive\Documents\Cyber Security and Digital Forensics MSc\Applications of Artificial Intelligence in Cyber Security\Assessment\project\data\large_mixed\minutes1\minutes1.wav,minutes1,930,4650.0,5.0,2
C:\Users\Chris Boddy\OneDrive\Documents\Cyber Security and Digital Forensics MSc\Applications of Artificial Intelligence in Cyber Security\Assessment\project\data\large_mixed\minutes1\minutes1.wav,minutes1,931,4655.0,5.0,0
C:\Users\Chris Boddy\OneDrive\Documents\Cyber Security and Digital Forensics MSc\Applications of Artificial Intelligence in Cyber Security\Assessment\project\data\large_mixed\minutes1\minutes1.wav,minutes1,932,4660.0,5.0,1
C:\Users\Chris Boddy\OneDrive\Documents\Cyber Security and Digital Forensics MSc\Applications of Artificial Intelligence in Cyber Security\Assessment\project\data\large_mixed\minutes1\minutes1.wav,minutes1,933,4665.0,5.0,0
C:\Users\Chris Boddy\OneDrive\Documents\Cyber Security and Digital Forensics MSc\Applications of Artificial Intelligence in Cyber Security\Assessment\project\data\large_mixed\minutes1\minutes1.wav,minutes1,934,4670.0,5.0,2
C:\Users\Chris Boddy\OneDrive\Documents\Cyber Security and Digital Forensics MSc\Applications of Artificial Intelligence in Cyber Security\Assessment\project\data\large_mixed\minutes1\minutes1.wav,minutes1,935,4675.0,5.0,1
C:\Users\Chris Boddy\OneDrive\Documents\Cyber Security and Digital Forensics MSc\Applications of Artificial Intelligence in Cyber Security\Assessment\project\data\large_mixed\minutes1\minutes1.wav,minutes1,936,4680.0,5.0,0
C:\Users\Chris Boddy\OneDrive\Documents\Cyber Security and Digital Forensics MSc\Applications of Artificial Intelligence in Cyber Security\Assessment\project\data\large_mixed\minutes1\minutes1.wav,minutes1,937,4685.0,5.0,1
C:\Users\Chris Boddy\OneDrive\Documents\Cyber Security and Digital Forensics MSc\Applications of Artificial Intelligence in Cyber Security\Assessment\project\data\large_mixed\minutes1\minutes1.wav,minutes1,938,4690.0,5.0,2
C:\Users\Chris Boddy\OneDrive\Documents\Cyber Security and Digital Forensics MSc\Applications of Artificial Intelligence in Cyber Security\Assessment\project\data\large_mixed\minutes1\minutes1.wav,minutes1,939,4695.0,5.0,0
C:\Users\Chris Boddy\OneDrive\Documents\Cyber Security and Digital Forensics MSc\Applications of Artificial Intelligence in Cyber Security\Assessment\project\data\large_mixed\minutes1\minutes1.wav,minutes1,940,4700.0,5.0,1
C:\Users\Chris Boddy\OneDrive\Documents\Cyber Security and Digital Forensics MSc\Applications of Artificial Intelligence in Cyber Security\Assessment\project\data\large_mixed\minutes1\minutes1.wav,minutes1,941,4705.0,5.0,0
C:\Users\Chris Boddy\OneDrive\Documents\Cyber Security and Digital Forensics MSc\Applications of Artificial Intelligence in Cyber Security\Assessment\project\data\large_mixed\minutes1\minutes1.wav,minutes1,942,4710.0,5.0,2
C:\Users\Chris Boddy\OneDrive\Documents\Cyber Security and Digital Forensics MSc\Applications of Artificial Intelligence in Cyber Security\Assessment\project\data\large_mixed\minutes1\minutes1.wav,minutes1,943,4715.0,5.0,1
C:\Users\Chris Boddy\OneDrive\Documents\Cyber Security and Digital Forensics MSc\Applications of Artificial Intelligence in Cyber Security\Assessment\project\data\large_mixed\minutes1\minutes1.wav,minutes1,944,4720.0,5.0,2
C:\Users\Chris Boddy\OneDrive\Documents\Cyber Security and Digital Forensics MSc\Applications of Artificial Intelligence in Cyber Security\Assessment\project\data\large_mixed\minutes1\minutes1.wav,minutes1,945,4725.0,5.0,1
C:\Users\Chris Boddy\OneDrive\Documents\Cyber Security and Digital Forensics MSc\Applications of Artificial Intelligence in Cyber Security\Assessment\project\data\large_mixed\minutes1\minutes1.wav,minutes1,946,4730.0,5.0,0
C:\Users\Chris Boddy\OneDrive\Documents\Cyber Security and Digital Forensics MSc\Applications of Artificial Intelligence in Cyber Security\Assessment\project\data\large_mixed\minutes1\minutes1.wav,minutes1,947,4735.0,5.0,0
C:\Users\Chris Boddy\OneDrive\Documents\Cyber Security and Digital Forensics MSc\Applications of Artificial Intelligence in Cyber Security\Assessment\project\data\large_mixed\minutes1\minutes1.wav,minutes1,948,4740.0,5.0,0
C:\Users\Chris Boddy\OneDrive\Documents\Cyber Security and Digital Forensics MSc\Applications of Artificial Intelligence in Cyber Security\Assessment\project\data\large_mixed\minutes1\minutes1.wav,minutes1,949,4745.0,5.0,1
C:\Users\Chris Boddy\OneDrive\Documents\Cyber Security and Digital Forensics MSc\Applications of Artificial Intelligence in Cyber Security\Assessment\project\data\large_mixed\minutes1\minutes1.wav,minutes1,950,4750.0,5.0,2
C:\Users\Chris Boddy\OneDrive\Documents\Cyber Security and Digital Forensics MSc\Applications of Artificial Intelligence in Cyber Security\Assessment\project\data\large_mixed\minutes1\minutes1.wav,minutes1,951,4755.0,5.0,2
C:\Users\Chris Boddy\OneDrive\Documents\Cyber Security and Digital Forensics MSc\Applications of Artificial Intelligence in Cyber Security\Assessment\project\data\large_mixed\minutes1\minutes1.wav,minutes1,952,4760.0,5.0,1
C:\Users\Chris Boddy\OneDrive\Documents\Cyber Security and Digital Forensics MSc\Applications of Artificial Intelligence in Cyber Security\Assessment\project\data\large_mixed\minutes1\minutes1.wav,minutes1,953,4765.0,5.0,0
C:\Users\Chris Boddy\OneDrive\Documents\Cyber Security and Digital Forensics MSc\Applications of Artificial Intelligence in Cyber Security\Assessment\project\data\large_mixed\minutes1\minutes1.wav,minutes1,954,4770.0,5.0,1
C:\Users\Chris Boddy\OneDrive\Documents\Cyber Security and Digital Forensics MSc\Applications of Artificial Intelligence in Cyber Security\Assessment\project\data\large_mixed\minutes1\minutes1.wav,minutes1,955,4775.0,5.0,2
C:\Users\Chris Boddy\OneDrive\Documents\Cyber Security and Digital Forensics MSc\Applications of Artificial Intelligence in Cyber Security\Assessment\project\data\large_mixed\minutes1\minutes1.wav,minutes1,956,4780.0,5.0,2
C:\Users\Chris Boddy\OneDrive\Documents\Cyber Security and Digital Forensics MSc\Applications of Artificial Intelligence in Cyber Security\Assessment\project\data\large_mixed\minutes1\minutes1.wav,minutes1,957,4785.0,5.0,0
C:\Users\Chris Boddy\OneDrive\Documents\Cyber Security and Digital Forensics MSc\Applications of Artificial Intelligence in Cyber Security\Assessment\project\data\large_mixed\minutes1\minutes1.wav,minutes1,958,4790.0,5.0,0
C:\Users\Chris Boddy\OneDrive\Documents\Cyber Security and Digital Forensics MSc\Applications of Artificial Intelligence in Cyber Security\Assessment\project\data\large_mixed\minutes1\minutes1.wav,minutes1,959,4795.0,5.0,1
C:\Users\Chris Boddy\OneDrive\Documents\Cyber Security and Digital Forensics MSc\Applications of Artificial Intelligence in Cyber Security\Assessment\project\data\large_mixed\minutes1\minutes1.wav,minutes1,960,4800.0,5.0,1
C:\Users\Chris Boddy\OneDrive\Documents\Cyber Security and Digital Forensics MSc\Applications of Artificial Intelligence in Cyber Security\Assessment\project\data\large_mixed\minutes1\minutes1.wav,minutes1,961,4805.0,5.0,0
C:\Users\Chris Boddy\OneDrive\Documents\Cyber Security and Digital Forensics MSc\Applications of Artificial Intelligence in Cyber Security\Assessment\project\data\large_mixed\minutes1\minutes1.wav,minutes1,962,4810.0,5.0,2
C:\Users\Chris Boddy\OneDrive\Documents\Cyber Security and Digital Forensics MSc\Applications of Artificial Intelligence in Cyber Security\Assessment\project\data\large_mixed\minutes1\minutes1.wav,minutes1,963,4815.0,5.0,1
C:\Users\Chris Boddy\OneDrive\Documents\Cyber Security and Digital Forensics MSc\Applications of Artificial Intelligence in Cyber Security\Assessment\project\data\large_mixed\minutes1\minutes1.wav,minutes1,964,4820.0,5.0,1
C:\Users\Chris Boddy\OneDrive\Documents\Cyber Security and Digital Forensics MSc\Applications of Artificial Intelligence in Cyber Security\Assessment\project\data\large_mixed\minutes1\minutes1.wav,minutes1,965,4825.0,5.0,0
C:\Users\Chris Boddy\OneDrive\Documents\Cyber Security and Digital Forensics MSc\Applications of Artificial Intelligence in Cyber Security\Assessment\project\data\large_mixed\minutes1\minutes1.wav,minutes1,966,4830.0,5.0,1
C:\Users\Chris Boddy\OneDrive\Documents\Cyber Security and Digital Forensics MSc\Applications of Artificial Intelligence in Cyber Security\Assessment\project\data\large_mixed\minutes1\minutes1.wav,minutes1,967,4835.0,5.0,0
C:\Users\Chris Boddy\OneDrive\Documents\Cyber Security and Digital Forensics MSc\Applications of Artificial Intelligence in Cyber Security\Assessment\project\data\large_mixed\minutes1\minutes1.wav,minutes1,968,4840.0,5.0,1
C:\Users\Chris Boddy\OneDrive\Documents\Cyber Security and Digital Forensics MSc\Applications of Artificial Intelligence in Cyber Security\Assessment\project\data\large_mixed\minutes1\minutes1.wav,minutes1,969,4845.0,5.0,1
C:\Users\Chris Boddy\OneDrive\Documents\Cyber Security and Digital Forensics MSc\Applications of Artificial Intelligence in Cyber Security\Assessment\project\data\large_mixed\minutes1\minutes1.wav,minutes1,970,4850.0,5.0,2
C:\Users\Chris Boddy\OneDrive\Documents\Cyber Security and Digital Forensics MSc\Applications of Artificial Intelligence in Cyber Security\Assessment\project\data\large_mixed\minutes1\minutes1.wav,minutes1,971,4855.0,5.0,0
C:\Users\Chris Boddy\OneDrive\Documents\Cyber Security and Digital Forensics MSc\Applications of Artificial Intelligence in Cyber Security\Assessment\project\data\large_mixed\minutes1\minutes1.wav,minutes1,972,4860.0,5.0,1
C:\Users\Chris Boddy\OneDrive\Documents\Cyber Security and Digital Forensics MSc\Applications of Artificial Intelligence in Cyber Security\Assessment\project\data\large_mixed\minutes1\minutes1.wav,minutes1,973,4865.0,5.0,1
C:\Users\Chris Boddy\OneDrive\Documents\Cyber Security and Digital Forensics MSc\Applications of Artificial Intelligence in Cyber Security\Assessment\project\data\large_mixed\minutes1\minutes1.wav,minutes1,974,4870.0,5.0,2
C:\Users\Chris Boddy\OneDrive\Documents\Cyber Security and Digital Forensics MSc\Applications of Artificial Intelligence in Cyber Security\Assessment\project\data\large_mixed\minutes1\minutes1.wav,minutes1,975,4875.0,5.0,0
C:\Users\Chris Boddy\OneDrive\Documents\Cyber Security and Digital Forensics MSc\Applications of Artificial Intelligence in Cyber Security\Assessment\project\data\large_mixed\minutes1\minutes1.wav,minutes1,976,4880.0,5.0,0
C:\Users\Chris Boddy\OneDrive\Documents\Cyber Security and Digital Forensics MSc\Applications of Artificial Intelligence in Cyber Security\Assessment\project\data\large_mixed\minutes1\minutes1.wav,minutes1,977,4885.0,5.0,1
C:\Users\Chris Boddy\OneDrive\Documents\Cyber Security and Digital Forensics MSc\Applications of Artificial Intelligence in Cyber Security\Assessment\project\data\large_mixed\minutes1\minutes1.wav,minutes1,978,4890.0,5.0,1
C:\Users\Chris Boddy\OneDrive\Documents\Cyber Security and Digital Forensics MSc\Applications of Artificial Intelligence in Cyber Security\Assessment\project\data\large_mixed\minutes1\minutes1.wav,minutes1,979,4895.0,5.0,0
C:\Users\Chris Boddy\OneDrive\Documents\Cyber Security and Digital Forensics MSc\Applications of Artificial Intelligence in Cyber Security\Assessment\project\data\large_mixed\minutes1\minutes1.wav,minutes1,980,4900.0,5.0,2
C:\Users\Chris Boddy\OneDrive\Documents\Cyber Security and Digital Forensics MSc\Applications of Artificial Intelligence in Cyber Security\Assessment\project\data\large_mixed\minutes1\minutes1.wav,minutes1,981,4905.0,5.0,0
C:\Users\Chris Boddy\OneDrive\Documents\Cyber Security and Digital Forensics MSc\Applications of Artificial Intelligence in Cyber Security\Assessment\project\data\large_mixed\minutes1\minutes1.wav,minutes1,982,4910.0,5.0,1
C:\Users\Chris Boddy\OneDrive\Documents\Cyber Security and Digital Forensics MSc\Applications of Artificial Intelligence in Cyber Security\Assessment\project\data\large_mixed\minutes1\minutes1.wav,minutes1,983,4915.0,5.0,2
C:\Users\Chris Boddy\OneDrive\Documents\Cyber Security and Digital Forensics MSc\Applications of Artificial Intelligence in Cyber Security\Assessment\project\data\large_mixed\minutes1\minutes1.wav,minutes1,984,4920.0,5.0,1
C:\Users\Chris Boddy\OneDrive\Documents\Cyber Security and Digital Forensics MSc\Applications of Artificial Intelligence in Cyber Security\Assessment\project\data\large_mixed\minutes1\minutes1.wav,minutes1,985,4925.0,5.0,2
C:\Users\Chris Boddy\OneDrive\Documents\Cyber Security and Digital Forensics MSc\Applications of Artificial Intelligence in Cyber Security\Assessment\project\data\large_mixed\minutes1\minutes1.wav,minutes1,986,4930.0,5.0,2
C:\Users\Chris Boddy\OneDrive\Documents\Cyber Security and Digital Forensics MSc\Applications of Artificial Intelligence in Cyber Security\Assessment\project\data\large_mixed\minutes1\minutes1.wav,minutes1,987,4935.0,5.0,0
C:\Users\Chris Boddy\OneDrive\Documents\Cyber Security and Digital Forensics MSc\Applications of Artificial Intelligence in Cyber Security\Assessment\project\data\large_mixed\minutes1\minutes1.wav,minutes1,988,4940.0,5.0,1
C:\Users\Chris Boddy\OneDrive\Documents\Cyber Security and Digital Forensics MSc\Applications of Artificial Intelligence in Cyber Security\Assessment\project\data\large_mixed\minutes1\minutes1.wav,minutes1,989,4945.0,5.0,0
C:\Users\Chris Boddy\OneDrive\Documents\Cyber Security and Digital Forensics MSc\Applications of Artificial Intelligence in Cyber Security\Assessment\project\data\large_mixed\minutes1\minutes1.wav,minutes1,990,4950.0,5.0,2
C:\Users\Chris Boddy\OneDrive\Documents\Cyber Security and Digital Forensics MSc\Applications of Artificial Intelligence in Cyber Security\Assessment\project\data\large_mixed\minutes1\minutes1.wav,minutes1,991,4955.0,5.0,1
C:\Users\Chris Boddy\OneDrive\Documents\Cyber Security and Digital Forensics MSc\Applications of Artificial Intelligence in Cyber Security\Assessment\project\data\large_mixed\minutes1\minutes1.wav,minutes1,992,4960.0,5.0,0
C:\Users\Chris Boddy\OneDrive\Documents\Cyber Security and Digital Forensics MSc\Applications of Artificial Intelligence in Cyber Security\Assessment\project\data\large_mixed\minutes1\minutes1.wav,minutes1,993,4965.0,5.0,2
C:\Users\Chris Boddy\OneDrive\Documents\Cyber Security and Digital Forensics MSc\Applications of Artificial Intelligence in Cyber Security\Assessment\project\data\large_mixed\minutes1\minutes1.wav,minutes1,994,4970.0,5.0,1
C:\Users\Chris Boddy\OneDrive\Documents\Cyber Security and Digital Forensics MSc\Applications of Artificial Intelligence in Cyber Security\Assessment\project\data\large_mixed\minutes1\minutes1.wav,minutes1,995,4975.0,5.0,2
C:\Users\Chris Boddy\OneDrive\Documents\Cyber Security and Digital Forensics MSc\Applications of Artificial Intelligence in Cyber Security\Assessment\project\data\large_mixed\minutes1\minutes1.wav,minutes1,996,4980.0,5.0,0
C:\Users\Chris Boddy\OneDrive\Documents\Cyber Security and Digital Forensics MSc\Applications of Artificial Intelligence in Cyber Security\Assessment\project\data\large_mixed\minutes1\minutes1.wav,minutes1,997,4985.0,5.0,2
C:\Users\Chris Boddy\OneDrive\Documents\Cyber Security and Digital Forensics MSc\Applications of Artificial Intelligence in Cyber Security\Assessment\project\data\large_mixed\minutes1\minutes1.wav,minutes1,998,4990.0,5.0,1
C:\Users\Chris Boddy\OneDrive\Documents\Cyber Security and Digital Forensics MSc\Applications of Artificial Intelligence in Cyber Security\Assessment\project\data\large_mixed\minutes1\minutes1.wav,minutes1,999,4995.0,5.0,0
C:\Users\Chris Boddy\OneDrive\Documents\Cyber Security and Digital Forensics MSc\Applications of Artificial Intelligence in Cyber Security\Assessment\project\data\large_mixed\minutes1\minutes1.wav,minutes1,1000,5000.0,5.0,1
C:\Users\Chris Boddy\OneDrive\Documents\Cyber Security and Digital Forensics MSc\Applications of Artificial Intelligence in Cyber Security\Assessment\project\data\large_mixed\minutes1\minutes1.wav,minutes1,1001,5005.0,5.0,1
C:\Users\Chris Boddy\OneDrive\Documents\Cyber Security and Digital Forensics MSc\Applications of Artificial Intelligence in Cyber Security\Assessment\project\data\large_mixed\minutes1\minutes1.wav,minutes1,1002,5010.0,5.0,0
C:\Users\Chris Boddy\OneDrive\Documents\Cyber Security and Digital Forensics MSc\Applications of Artificial Intelligence in Cyber Security\Assessment\project\data\large_mixed\minutes1\minutes1.wav,minutes1,1003,5015.0,5.0,0
C:\Users\Chris Boddy\OneDrive\Documents\Cyber Security and Digital Forensics MSc\Applications of Artificial Intelligence in Cyber Security\Assessment\project\data\large_mixed\minutes1\minutes1.wav,minutes1,1004,5020.0,5.0,1
C:\Users\Chris Boddy\OneDrive\Documents\Cyber Security and Digital Forensics MSc\Applications of Artificial Intelligence in Cyber Security\Assessment\project\data\large_mixed\minutes1\minutes1.wav,minutes1,1005,5025.0,5.0,0
C:\Users\Chris Boddy\OneDrive\Documents\Cyber Security and Digital Forensics MSc\Applications of Artificial Intelligence in Cyber Security\Assessment\project\data\large_mixed\minutes1\minutes1.wav,minutes1,1006,5030.0,5.0,2
C:\Users\Chris Boddy\OneDrive\Documents\Cyber Security and Digital Forensics MSc\Applications of Artificial Intelligence in Cyber Security\Assessment\project\data\large_mixed\minutes1\minutes1.wav,minutes1,1007,5035.0,5.0,0
C:\Users\Chris Boddy\OneDrive\Documents\Cyber Security and Digital Forensics MSc\Applications of Artificial Intelligence in Cyber Security\Assessment\project\data\large_mixed\minutes1\minutes1.wav,minutes1,1008,5040.0,5.0,0
C:\Users\Chris Boddy\OneDrive\Documents\Cyber Security and Digital Forensics MSc\Applications of Artificial Intelligence in Cyber Security\Assessment\project\data\large_mixed\minutes1\minutes1.wav,minutes1,1009,5045.0,5.0,1
C:\Users\Chris Boddy\OneDrive\Documents\Cyber Security and Digital Forensics MSc\Applications of Artificial Intelligence in Cyber Security\Assessment\project\data\large_mixed\minutes1\minutes1.wav,minutes1,1010,5050.0,5.0,1
C:\Users\Chris Boddy\OneDrive\Documents\Cyber Security and Digital Forensics MSc\Applications of Artificial Intelligence in Cyber Security\Assessment\project\data\large_mixed\minutes1\minutes1.wav,minutes1,1011,5055.0,5.0,0
C:\Users\Chris Boddy\OneDrive\Documents\Cyber Security and Digital Forensics MSc\Applications of Artificial Intelligence in Cyber Security\Assessment\project\data\large_mixed\minutes1\minutes1.wav,minutes1,1012,5060.0,5.0,2
C:\Users\Chris Boddy\OneDrive\Documents\Cyber Security and Digital Forensics MSc\Applications of Artificial Intelligence in Cyber Security\Assessment\project\data\large_mixed\minutes1\minutes1.wav,minutes1,1013,5065.0,5.0,1
C:\Users\Chris Boddy\OneDrive\Documents\Cyber Security and Digital Forensics MSc\Applications of Artificial Intelligence in Cyber Security\Assessment\project\data\large_mixed\minutes1\minutes1.wav,minutes1,1014,5070.0,5.0,1
C:\Users\Chris Boddy\OneDrive\Documents\Cyber Security and Digital Forensics MSc\Applications of Artificial Intelligence in Cyber Security\Assessment\project\data\large_mixed\minutes1\minutes1.wav,minutes1,1015,5075.0,5.0,0
C:\Users\Chris Boddy\OneDrive\Documents\Cyber Security and Digital Forensics MSc\Applications of Artificial Intelligence in Cyber Security\Assessment\project\data\large_mixed\minutes1\minutes1.wav,minutes1,1016,5080.0,5.0,1
C:\Users\Chris Boddy\OneDrive\Documents\Cyber Security and Digital Forensics MSc\Applications of Artificial Intelligence in Cyber Security\Assessment\project\data\large_mixed\minutes1\minutes1.wav,minutes1,1017,5085.0,5.0,0
C:\Users\Chris Boddy\OneDrive\Documents\Cyber Security and Digital Forensics MSc\Applications of Artificial Intelligence in Cyber Security\Assessment\project\data\large_mixed\minutes1\minutes1.wav,minutes1,1018,5090.0,5.0,1
C:\Users\Chris Boddy\OneDrive\Documents\Cyber Security and Digital Forensics MSc\Applications of Artificial Intelligence in Cyber Security\Assessment\project\data\large_mixed\minutes1\minutes1.wav,minutes1,1019,5095.0,5.0,0
C:\Users\Chris Boddy\OneDrive\Documents\Cyber Security and Digital Forensics MSc\Applications of Artificial Intelligence in Cyber Security\Assessment\project\data\large_mixed\minutes1\minutes1.wav,minutes1,1020,5100.0,5.0,1
C:\Users\Chris Boddy\OneDrive\Documents\Cyber Security and Digital Forensics MSc\Applications of Artificial Intelligence in Cyber Security\Assessment\project\data\large_mixed\minutes1\minutes1.wav,minutes1,1021,5105.0,5.0,2
C:\Users\Chris Boddy\OneDrive\Documents\Cyber Security and Digital Forensics MSc\Applications of Artificial Intelligence in Cyber Security\Assessment\project\data\large_mixed\minutes1\minutes1.wav,minutes1,1022,5110.0,5.0,1
C:\Users\Chris Boddy\OneDrive\Documents\Cyber Security and Digital Forensics MSc\Applications of Artificial Intelligence in Cyber Security\Assessment\project\data\large_mixed\minutes1\minutes1.wav,minutes1,1023,5115.0,5.0,0
C:\Users\Chris Boddy\OneDrive\Documents\Cyber Security and Digital Forensics MSc\Applications of Artificial Intelligence in Cyber Security\Assessment\project\data\large_mixed\minutes1\minutes1.wav,minutes1,1024,5120.0,5.0,1
C:\Users\Chris Boddy\OneDrive\Documents\Cyber Security and Digital Forensics MSc\Applications of Artificial Intelligence in Cyber Security\Assessment\project\data\large_mixed\minutes1\minutes1.wav,minutes1,1025,5125.0,5.0,1
C:\Users\Chris Boddy\OneDrive\Documents\Cyber Security and Digital Forensics MSc\Applications of Artificial Intelligence in Cyber Security\Assessment\project\data\large_mixed\minutes1\minutes1.wav,minutes1,1026,5130.0,5.0,0
C:\Users\Chris Boddy\OneDrive\Documents\Cyber Security and Digital Forensics MSc\Applications of Artificial Intelligence in Cyber Security\Assessment\project\data\large_mixed\minutes1\minutes1.wav,minutes1,1027,5135.0,5.0,1
C:\Users\Chris Boddy\OneDrive\Documents\Cyber Security and Digital Forensics MSc\Applications of Artificial Intelligence in Cyber Security\Assessment\project\data\large_mixed\minutes1\minutes1.wav,minutes1,1028,5140.0,5.0,2
C:\Users\Chris Boddy\OneDrive\Documents\Cyber Security and Digital Forensics MSc\Applications of Artificial Intelligence in Cyber Security\Assessment\project\data\large_mixed\minutes1\minutes1.wav,minutes1,1029,5145.0,5.0,1
C:\Users\Chris Boddy\OneDrive\Documents\Cyber Security and Digital Forensics MSc\Applications of Artificial Intelligence in Cyber Security\Assessment\project\data\large_mixed\minutes1\minutes1.wav,minutes1,1030,5150.0,5.0,1
C:\Users\Chris Boddy\OneDrive\Documents\Cyber Security and Digital Forensics MSc\Applications of Artificial Intelligence in Cyber Security\Assessment\project\data\large_mixed\minutes1\minutes1.wav,minutes1,1031,5155.0,5.0,0
C:\Users\Chris Boddy\OneDrive\Documents\Cyber Security and Digital Forensics MSc\Applications of Artificial Intelligence in Cyber Security\Assessment\project\data\large_mixed\minutes1\minutes1.wav,minutes1,1032,5160.0,5.0,1
C:\Users\Chris Boddy\OneDrive\Documents\Cyber Security and Digital Forensics MSc\Applications of Artificial Intelligence in Cyber Security\Assessment\project\data\large_mixed\minutes1\minutes1.wav,minutes1,1033,5165.0,5.0,1
C:\Users\Chris Boddy\OneDrive\Documents\Cyber Security and Digital Forensics MSc\Applications of Artificial Intelligence in Cyber Security\Assessment\project\data\large_mixed\minutes1\minutes1.wav,minutes1,1034,5170.0,5.0,1
C:\Users\Chris Boddy\OneDrive\Documents\Cyber Security and Digital Forensics MSc\Applications of Artificial Intelligence in Cyber Security\Assessment\project\data\large_mixed\minutes2\minutes2.wav,minutes2,0,0.0,5.0,0
C:\Users\Chris Boddy\OneDrive\Documents\Cyber Security and Digital Forensics MSc\Applications of Artificial Intelligence in Cyber Security\Assessment\project\data\large_mixed\minutes2\minutes2.wav,minutes2,1,5.0,5.0,0
C:\Users\Chris Boddy\OneDrive\Documents\Cyber Security and Digital Forensics MSc\Applications of Artificial Intelligence in Cyber Security\Assessment\project\data\large_mixed\minutes2\minutes2.wav,minutes2,2,10.0,5.0,0
C:\Users\Chris Boddy\OneDrive\Documents\Cyber Security and Digital Forensics MSc\Applications of Artificial Intelligence in Cyber Security\Assessment\project\data\large_mixed\minutes2\minutes2.wav,minutes2,3,15.0,5.0,2
C:\Users\Chris Boddy\OneDrive\Documents\Cyber Security and Digital Forensics MSc\Applications of Artificial Intelligence in Cyber Security\Assessment\project\data\large_mixed\minutes2\minutes2.wav,minutes2,4,20.0,5.0,1
C:\Users\Chris Boddy\OneDrive\Documents\Cyber Security and Digital Forensics MSc\Applications of Artificial Intelligence in Cyber Security\Assessment\project\data\large_mixed\minutes2\minutes2.wav,minutes2,5,25.0,5.0,0
C:\Users\Chris Boddy\OneDrive\Documents\Cyber Security and Digital Forensics MSc\Applications of Artificial Intelligence in Cyber Security\Assessment\project\data\large_mixed\minutes2\minutes2.wav,minutes2,6,30.0,5.0,2
C:\Users\Chris Boddy\OneDrive\Documents\Cyber Security and Digital Forensics MSc\Applications of Artificial Intelligence in Cyber Security\Assessment\project\data\large_mixed\minutes2\minutes2.wav,minutes2,7,35.0,5.0,1
C:\Users\Chris Boddy\OneDrive\Documents\Cyber Security and Digital Forensics MSc\Applications of Artificial Intelligence in Cyber Security\Assessment\project\data\large_mixed\minutes2\minutes2.wav,minutes2,8,40.0,5.0,1
C:\Users\Chris Boddy\OneDrive\Documents\Cyber Security and Digital Forensics MSc\Applications of Artificial Intelligence in Cyber Security\Assessment\project\data\large_mixed\minutes2\minutes2.wav,minutes2,9,45.0,5.0,2
C:\Users\Chris Boddy\OneDrive\Documents\Cyber Security and Digital Forensics MSc\Applications of Artificial Intelligence in Cyber Security\Assessment\project\data\large_mixed\minutes2\minutes2.wav,minutes2,10,50.0,5.0,1
C:\Users\Chris Boddy\OneDrive\Documents\Cyber Security and Digital Forensics MSc\Applications of Artificial Intelligence in Cyber Security\Assessment\project\data\large_mixed\minutes2\minutes2.wav,minutes2,11,55.0,5.0,2
C:\Users\Chris Boddy\OneDrive\Documents\Cyber Security and Digital Forensics MSc\Applications of Artificial Intelligence in Cyber Security\Assessment\project\data\large_mixed\minutes2\minutes2.wav,minutes2,12,60.0,5.0,1
C:\Users\Chris Boddy\OneDrive\Documents\Cyber Security and Digital Forensics MSc\Applications of Artificial Intelligence in Cyber Security\Assessment\project\data\large_mixed\minutes2\minutes2.wav,minutes2,13,65.0,5.0,2
C:\Users\Chris Boddy\OneDrive\Documents\Cyber Security and Digital Forensics MSc\Applications of Artificial Intelligence in Cyber Security\Assessment\project\data\large_mixed\minutes2\minutes2.wav,minutes2,14,70.0,5.0,1
C:\Users\Chris Boddy\OneDrive\Documents\Cyber Security and Digital Forensics MSc\Applications of Artificial Intelligence in Cyber Security\Assessment\project\data\large_mixed\minutes2\minutes2.wav,minutes2,15,75.0,5.0,2
C:\Users\Chris Boddy\OneDrive\Documents\Cyber Security and Digital Forensics MSc\Applications of Artificial Intelligence in Cyber Security\Assessment\project\data\large_mixed\minutes2\minutes2.wav,minutes2,16,80.0,5.0,2
C:\Users\Chris Boddy\OneDrive\Documents\Cyber Security and Digital Forensics MSc\Applications of Artificial Intelligence in Cyber Security\Assessment\project\data\large_mixed\minutes2\minutes2.wav,minutes2,17,85.0,5.0,2
C:\Users\Chris Boddy\OneDrive\Documents\Cyber Security and Digital Forensics MSc\Applications of Artificial Intelligence in Cyber Security\Assessment\project\data\large_mixed\minutes2\minutes2.wav,minutes2,18,90.0,5.0,0
C:\Users\Chris Boddy\OneDrive\Documents\Cyber Security and Digital Forensics MSc\Applications of Artificial Intelligence in Cyber Security\Assessment\project\data\large_mixed\minutes2\minutes2.wav,minutes2,19,95.0,5.0,1
C:\Users\Chris Boddy\OneDrive\Documents\Cyber Security and Digital Forensics MSc\Applications of Artificial Intelligence in Cyber Security\Assessment\project\data\large_mixed\minutes2\minutes2.wav,minutes2,20,100.0,5.0,2
C:\Users\Chris Boddy\OneDrive\Documents\Cyber Security and Digital Forensics MSc\Applications of Artificial Intelligence in Cyber Security\Assessment\project\data\large_mixed\minutes2\minutes2.wav,minutes2,21,105.0,5.0,2
C:\Users\Chris Boddy\OneDrive\Documents\Cyber Security and Digital Forensics MSc\Applications of Artificial Intelligence in Cyber Security\Assessment\project\data\large_mixed\minutes2\minutes2.wav,minutes2,22,110.0,5.0,2
C:\Users\Chris Boddy\OneDrive\Documents\Cyber Security and Digital Forensics MSc\Applications of Artificial Intelligence in Cyber Security\Assessment\project\data\large_mixed\minutes2\minutes2.wav,minutes2,23,115.0,5.0,1
C:\Users\Chris Boddy\OneDrive\Documents\Cyber Security and Digital Forensics MSc\Applications of Artificial Intelligence in Cyber Security\Assessment\project\data\large_mixed\minutes2\minutes2.wav,minutes2,24,120.0,5.0,1
C:\Users\Chris Boddy\OneDrive\Documents\Cyber Security and Digital Forensics MSc\Applications of Artificial Intelligence in Cyber Security\Assessment\project\data\large_mixed\minutes2\minutes2.wav,minutes2,25,125.0,5.0,0
C:\Users\Chris Boddy\OneDrive\Documents\Cyber Security and Digital Forensics MSc\Applications of Artificial Intelligence in Cyber Security\Assessment\project\data\large_mixed\minutes2\minutes2.wav,minutes2,26,130.0,5.0,2
C:\Users\Chris Boddy\OneDrive\Documents\Cyber Security and Digital Forensics MSc\Applications of Artificial Intelligence in Cyber Security\Assessment\project\data\large_mixed\minutes2\minutes2.wav,minutes2,27,135.0,5.0,2
C:\Users\Chris Boddy\OneDrive\Documents\Cyber Security and Digital Forensics MSc\Applications of Artificial Intelligence in Cyber Security\Assessment\project\data\large_mixed\minutes2\minutes2.wav,minutes2,28,140.0,5.0,1
C:\Users\Chris Boddy\OneDrive\Documents\Cyber Security and Digital Forensics MSc\Applications of Artificial Intelligence in Cyber Security\Assessment\project\data\large_mixed\minutes2\minutes2.wav,minutes2,29,145.0,5.0,2
C:\Users\Chris Boddy\OneDrive\Documents\Cyber Security and Digital Forensics MSc\Applications of Artificial Intelligence in Cyber Security\Assessment\project\data\large_mixed\minutes2\minutes2.wav,minutes2,30,150.0,5.0,0
C:\Users\Chris Boddy\OneDrive\Documents\Cyber Security and Digital Forensics MSc\Applications of Artificial Intelligence in Cyber Security\Assessment\project\data\large_mixed\minutes2\minutes2.wav,minutes2,31,155.0,5.0,1
C:\Users\Chris Boddy\OneDrive\Documents\Cyber Security and Digital Forensics MSc\Applications of Artificial Intelligence in Cyber Security\Assessment\project\data\large_mixed\minutes2\minutes2.wav,minutes2,32,160.0,5.0,0
C:\Users\Chris Boddy\OneDrive\Documents\Cyber Security and Digital Forensics MSc\Applications of Artificial Intelligence in Cyber Security\Assessment\project\data\large_mixed\minutes2\minutes2.wav,minutes2,33,165.0,5.0,0
C:\Users\Chris Boddy\OneDrive\Documents\Cyber Security and Digital Forensics MSc\Applications of Artificial Intelligence in Cyber Security\Assessment\project\data\large_mixed\minutes2\minutes2.wav,minutes2,34,170.0,5.0,1
C:\Users\Chris Boddy\OneDrive\Documents\Cyber Security and Digital Forensics MSc\Applications of Artificial Intelligence in Cyber Security\Assessment\project\data\large_mixed\minutes2\minutes2.wav,minutes2,35,175.0,5.0,0
C:\Users\Chris Boddy\OneDrive\Documents\Cyber Security and Digital Forensics MSc\Applications of Artificial Intelligence in Cyber Security\Assessment\project\data\large_mixed\minutes2\minutes2.wav,minutes2,36,180.0,5.0,1
C:\Users\Chris Boddy\OneDrive\Documents\Cyber Security and Digital Forensics MSc\Applications of Artificial Intelligence in Cyber Security\Assessment\project\data\large_mixed\minutes2\minutes2.wav,minutes2,37,185.0,5.0,2
C:\Users\Chris Boddy\OneDrive\Documents\Cyber Security and Digital Forensics MSc\Applications of Artificial Intelligence in Cyber Security\Assessment\project\data\large_mixed\minutes2\minutes2.wav,minutes2,38,190.0,5.0,2
C:\Users\Chris Boddy\OneDrive\Documents\Cyber Security and Digital Forensics MSc\Applications of Artificial Intelligence in Cyber Security\Assessment\project\data\large_mixed\minutes2\minutes2.wav,minutes2,39,195.0,5.0,0
C:\Users\Chris Boddy\OneDrive\Documents\Cyber Security and Digital Forensics MSc\Applications of Artificial Intelligence in Cyber Security\Assessment\project\data\large_mixed\minutes2\minutes2.wav,minutes2,40,200.0,5.0,2
C:\Users\Chris Boddy\OneDrive\Documents\Cyber Security and Digital Forensics MSc\Applications of Artificial Intelligence in Cyber Security\Assessment\project\data\large_mixed\minutes2\minutes2.wav,minutes2,41,205.0,5.0,1
C:\Users\Chris Boddy\OneDrive\Documents\Cyber Security and Digital Forensics MSc\Applications of Artificial Intelligence in Cyber Security\Assessment\project\data\large_mixed\minutes2\minutes2.wav,minutes2,42,210.0,5.0,0
C:\Users\Chris Boddy\OneDrive\Documents\Cyber Security and Digital Forensics MSc\Applications of Artificial Intelligence in Cyber Security\Assessment\project\data\large_mixed\minutes2\minutes2.wav,minutes2,43,215.0,5.0,2
C:\Users\Chris Boddy\OneDrive\Documents\Cyber Security and Digital Forensics MSc\Applications of Artificial Intelligence in Cyber Security\Assessment\project\data\large_mixed\minutes2\minutes2.wav,minutes2,44,220.0,5.0,0
C:\Users\Chris Boddy\OneDrive\Documents\Cyber Security and Digital Forensics MSc\Applications of Artificial Intelligence in Cyber Security\Assessment\project\data\large_mixed\minutes2\minutes2.wav,minutes2,45,225.0,5.0,2
C:\Users\Chris Boddy\OneDrive\Documents\Cyber Security and Digital Forensics MSc\Applications of Artificial Intelligence in Cyber Security\Assessment\project\data\large_mixed\minutes2\minutes2.wav,minutes2,46,230.0,5.0,0
C:\Users\Chris Boddy\OneDrive\Documents\Cyber Security and Digital Forensics MSc\Applications of Artificial Intelligence in Cyber Security\Assessment\project\data\large_mixed\minutes2\minutes2.wav,minutes2,47,235.0,5.0,2
C:\Users\Chris Boddy\OneDrive\Documents\Cyber Security and Digital Forensics MSc\Applications of Artificial Intelligence in Cyber Security\Assessment\project\data\large_mixed\minutes2\minutes2.wav,minutes2,48,240.0,5.0,0
C:\Users\Chris Boddy\OneDrive\Documents\Cyber Security and Digital Forensics MSc\Applications of Artificial Intelligence in Cyber Security\Assessment\project\data\large_mixed\minutes2\minutes2.wav,minutes2,49,245.0,5.0,2
C:\Users\Chris Boddy\OneDrive\Documents\Cyber Security and Digital Forensics MSc\Applications of Artificial Intelligence in Cyber Security\Assessment\project\data\large_mixed\minutes2\minutes2.wav,minutes2,50,250.0,5.0,0
C:\Users\Chris Boddy\OneDrive\Documents\Cyber Security and Digital Forensics MSc\Applications of Artificial Intelligence in Cyber Security\Assessment\project\data\large_mixed\minutes2\minutes2.wav,minutes2,51,255.0,5.0,0
C:\Users\Chris Boddy\OneDrive\Documents\Cyber Security and Digital Forensics MSc\Applications of Artificial Intelligence in Cyber Security\Assessment\project\data\large_mixed\minutes2\minutes2.wav,minutes2,52,260.0,5.0,1
C:\Users\Chris Boddy\OneDrive\Documents\Cyber Security and Digital Forensics MSc\Applications of Artificial Intelligence in Cyber Security\Assessment\project\data\large_mixed\minutes2\minutes2.wav,minutes2,53,265.0,5.0,2
C:\Users\Chris Boddy\OneDrive\Documents\Cyber Security and Digital Forensics MSc\Applications of Artificial Intelligence in Cyber Security\Assessment\project\data\large_mixed\minutes2\minutes2.wav,minutes2,54,270.0,5.0,2
C:\Users\Chris Boddy\OneDrive\Documents\Cyber Security and Digital Forensics MSc\Applications of Artificial Intelligence in Cyber Security\Assessment\project\data\large_mixed\minutes2\minutes2.wav,minutes2,55,275.0,5.0,2
C:\Users\Chris Boddy\OneDrive\Documents\Cyber Security and Digital Forensics MSc\Applications of Artificial Intelligence in Cyber Security\Assessment\project\data\large_mixed\minutes2\minutes2.wav,minutes2,56,280.0,5.0,0
C:\Users\Chris Boddy\OneDrive\Documents\Cyber Security and Digital Forensics MSc\Applications of Artificial Intelligence in Cyber Security\Assessment\project\data\large_mixed\minutes2\minutes2.wav,minutes2,57,285.0,5.0,1
C:\Users\Chris Boddy\OneDrive\Documents\Cyber Security and Digital Forensics MSc\Applications of Artificial Intelligence in Cyber Security\Assessment\project\data\large_mixed\minutes2\minutes2.wav,minutes2,58,290.0,5.0,2
C:\Users\Chris Boddy\OneDrive\Documents\Cyber Security and Digital Forensics MSc\Applications of Artificial Intelligence in Cyber Security\Assessment\project\data\large_mixed\minutes2\minutes2.wav,minutes2,59,295.0,5.0,2
C:\Users\Chris Boddy\OneDrive\Documents\Cyber Security and Digital Forensics MSc\Applications of Artificial Intelligence in Cyber Security\Assessment\project\data\large_mixed\minutes2\minutes2.wav,minutes2,60,300.0,5.0,1
C:\Users\Chris Boddy\OneDrive\Documents\Cyber Security and Digital Forensics MSc\Applications of Artificial Intelligence in Cyber Security\Assessment\project\data\large_mixed\minutes2\minutes2.wav,minutes2,61,305.0,5.0,2
C:\Users\Chris Boddy\OneDrive\Documents\Cyber Security and Digital Forensics MSc\Applications of Artificial Intelligence in Cyber Security\Assessment\project\data\large_mixed\minutes2\minutes2.wav,minutes2,62,310.0,5.0,1
C:\Users\Chris Boddy\OneDrive\Documents\Cyber Security and Digital Forensics MSc\Applications of Artificial Intelligence in Cyber Security\Assessment\project\data\large_mixed\minutes2\minutes2.wav,minutes2,63,315.0,5.0,1
C:\Users\Chris Boddy\OneDrive\Documents\Cyber Security and Digital Forensics MSc\Applications of Artificial Intelligence in Cyber Security\Assessment\project\data\large_mixed\minutes2\minutes2.wav,minutes2,64,320.0,5.0,0
C:\Users\Chris Boddy\OneDrive\Documents\Cyber Security and Digital Forensics MSc\Applications of Artificial Intelligence in Cyber Security\Assessment\project\data\large_mixed\minutes2\minutes2.wav,minutes2,65,325.0,5.0,2
C:\Users\Chris Boddy\OneDrive\Documents\Cyber Security and Digital Forensics MSc\Applications of Artificial Intelligence in Cyber Security\Assessment\project\data\large_mixed\minutes2\minutes2.wav,minutes2,66,330.0,5.0,2
C:\Users\Chris Boddy\OneDrive\Documents\Cyber Security and Digital Forensics MSc\Applications of Artificial Intelligence in Cyber Security\Assessment\project\data\large_mixed\minutes2\minutes2.wav,minutes2,67,335.0,5.0,0
C:\Users\Chris Boddy\OneDrive\Documents\Cyber Security and Digital Forensics MSc\Applications of Artificial Intelligence in Cyber Security\Assessment\project\data\large_mixed\minutes2\minutes2.wav,minutes2,68,340.0,5.0,2
C:\Users\Chris Boddy\OneDrive\Documents\Cyber Security and Digital Forensics MSc\Applications of Artificial Intelligence in Cyber Security\Assessment\project\data\large_mixed\minutes2\minutes2.wav,minutes2,69,345.0,5.0,1
C:\Users\Chris Boddy\OneDrive\Documents\Cyber Security and Digital Forensics MSc\Applications of Artificial Intelligence in Cyber Security\Assessment\project\data\large_mixed\minutes2\minutes2.wav,minutes2,70,350.0,5.0,1
C:\Users\Chris Boddy\OneDrive\Documents\Cyber Security and Digital Forensics MSc\Applications of Artificial Intelligence in Cyber Security\Assessment\project\data\large_mixed\minutes2\minutes2.wav,minutes2,71,355.0,5.0,2
C:\Users\Chris Boddy\OneDrive\Documents\Cyber Security and Digital Forensics MSc\Applications of Artificial Intelligence in Cyber Security\Assessment\project\data\large_mixed\minutes2\minutes2.wav,minutes2,72,360.0,5.0,0
C:\Users\Chris Boddy\OneDrive\Documents\Cyber Security and Digital Forensics MSc\Applications of Artificial Intelligence in Cyber Security\Assessment\project\data\large_mixed\minutes2\minutes2.wav,minutes2,73,365.0,5.0,2
C:\Users\Chris Boddy\OneDrive\Documents\Cyber Security and Digital Forensics MSc\Applications of Artificial Intelligence in Cyber Security\Assessment\project\data\large_mixed\minutes2\minutes2.wav,minutes2,74,370.0,5.0,1
C:\Users\Chris Boddy\OneDrive\Documents\Cyber Security and Digital Forensics MSc\Applications of Artificial Intelligence in Cyber Security\Assessment\project\data\large_mixed\minutes2\minutes2.wav,minutes2,75,375.0,5.0,0
C:\Users\Chris Boddy\OneDrive\Documents\Cyber Security and Digital Forensics MSc\Applications of Artificial Intelligence in Cyber Security\Assessment\project\data\large_mixed\minutes2\minutes2.wav,minutes2,76,380.0,5.0,2
C:\Users\Chris Boddy\OneDrive\Documents\Cyber Security and Digital Forensics MSc\Applications of Artificial Intelligence in Cyber Security\Assessment\project\data\large_mixed\minutes2\minutes2.wav,minutes2,77,385.0,5.0,0
C:\Users\Chris Boddy\OneDrive\Documents\Cyber Security and Digital Forensics MSc\Applications of Artificial Intelligence in Cyber Security\Assessment\project\data\large_mixed\minutes2\minutes2.wav,minutes2,78,390.0,5.0,2
C:\Users\Chris Boddy\OneDrive\Documents\Cyber Security and Digital Forensics MSc\Applications of Artificial Intelligence in Cyber Security\Assessment\project\data\large_mixed\minutes2\minutes2.wav,minutes2,79,395.0,5.0,0
C:\Users\Chris Boddy\OneDrive\Documents\Cyber Security and Digital Forensics MSc\Applications of Artificial Intelligence in Cyber Security\Assessment\project\data\large_mixed\minutes2\minutes2.wav,minutes2,80,400.0,5.0,1
C:\Users\Chris Boddy\OneDrive\Documents\Cyber Security and Digital Forensics MSc\Applications of Artificial Intelligence in Cyber Security\Assessment\project\data\large_mixed\minutes2\minutes2.wav,minutes2,81,405.0,5.0,2
C:\Users\Chris Boddy\OneDrive\Documents\Cyber Security and Digital Forensics MSc\Applications of Artificial Intelligence in Cyber Security\Assessment\project\data\large_mixed\minutes2\minutes2.wav,minutes2,82,410.0,5.0,1
C:\Users\Chris Boddy\OneDrive\Documents\Cyber Security and Digital Forensics MSc\Applications of Artificial Intelligence in Cyber Security\Assessment\project\data\large_mixed\minutes2\minutes2.wav,minutes2,83,415.0,5.0,0
C:\Users\Chris Boddy\OneDrive\Documents\Cyber Security and Digital Forensics MSc\Applications of Artificial Intelligence in Cyber Security\Assessment\project\data\large_mixed\minutes2\minutes2.wav,minutes2,84,420.0,5.0,2
C:\Users\Chris Boddy\OneDrive\Documents\Cyber Security and Digital Forensics MSc\Applications of Artificial Intelligence in Cyber Security\Assessment\project\data\large_mixed\minutes2\minutes2.wav,minutes2,85,425.0,5.0,1
C:\Users\Chris Boddy\OneDrive\Documents\Cyber Security and Digital Forensics MSc\Applications of Artificial Intelligence in Cyber Security\Assessment\project\data\large_mixed\minutes2\minutes2.wav,minutes2,86,430.0,5.0,0
C:\Users\Chris Boddy\OneDrive\Documents\Cyber Security and Digital Forensics MSc\Applications of Artificial Intelligence in Cyber Security\Assessment\project\data\large_mixed\minutes2\minutes2.wav,minutes2,87,435.0,5.0,0
C:\Users\Chris Boddy\OneDrive\Documents\Cyber Security and Digital Forensics MSc\Applications of Artificial Intelligence in Cyber Security\Assessment\project\data\large_mixed\minutes2\minutes2.wav,minutes2,88,440.0,5.0,0
C:\Users\Chris Boddy\OneDrive\Documents\Cyber Security and Digital Forensics MSc\Applications of Artificial Intelligence in Cyber Security\Assessment\project\data\large_mixed\minutes2\minutes2.wav,minutes2,89,445.0,5.0,2
C:\Users\Chris Boddy\OneDrive\Documents\Cyber Security and Digital Forensics MSc\Applications of Artificial Intelligence in Cyber Security\Assessment\project\data\large_mixed\minutes2\minutes2.wav,minutes2,90,450.0,5.0,0
C:\Users\Chris Boddy\OneDrive\Documents\Cyber Security and Digital Forensics MSc\Applications of Artificial Intelligence in Cyber Security\Assessment\project\data\large_mixed\minutes2\minutes2.wav,minutes2,91,455.0,5.0,0
C:\Users\Chris Boddy\OneDrive\Documents\Cyber Security and Digital Forensics MSc\Applications of Artificial Intelligence in Cyber Security\Assessment\project\data\large_mixed\minutes2\minutes2.wav,minutes2,92,460.0,5.0,2
C:\Users\Chris Boddy\OneDrive\Documents\Cyber Security and Digital Forensics MSc\Applications of Artificial Intelligence in Cyber Security\Assessment\project\data\large_mixed\minutes2\minutes2.wav,minutes2,93,465.0,5.0,1
C:\Users\Chris Boddy\OneDrive\Documents\Cyber Security and Digital Forensics MSc\Applications of Artificial Intelligence in Cyber Security\Assessment\project\data\large_mixed\minutes2\minutes2.wav,minutes2,94,470.0,5.0,1
C:\Users\Chris Boddy\OneDrive\Documents\Cyber Security and Digital Forensics MSc\Applications of Artificial Intelligence in Cyber Security\Assessment\project\data\large_mixed\minutes2\minutes2.wav,minutes2,95,475.0,5.0,1
C:\Users\Chris Boddy\OneDrive\Documents\Cyber Security and Digital Forensics MSc\Applications of Artificial Intelligence in Cyber Security\Assessment\project\data\large_mixed\minutes2\minutes2.wav,minutes2,96,480.0,5.0,2
C:\Users\Chris Boddy\OneDrive\Documents\Cyber Security and Digital Forensics MSc\Applications of Artificial Intelligence in Cyber Security\Assessment\project\data\large_mixed\minutes2\minutes2.wav,minutes2,97,485.0,5.0,2
C:\Users\Chris Boddy\OneDrive\Documents\Cyber Security and Digital Forensics MSc\Applications of Artificial Intelligence in Cyber Security\Assessment\project\data\large_mixed\minutes2\minutes2.wav,minutes2,98,490.0,5.0,0
C:\Users\Chris Boddy\OneDrive\Documents\Cyber Security and Digital Forensics MSc\Applications of Artificial Intelligence in Cyber Security\Assessment\project\data\large_mixed\minutes2\minutes2.wav,minutes2,99,495.0,5.0,0
C:\Users\Chris Boddy\OneDrive\Documents\Cyber Security and Digital Forensics MSc\Applications of Artificial Intelligence in Cyber Security\Assessment\project\data\large_mixed\minutes2\minutes2.wav,minutes2,100,500.0,5.0,2
C:\Users\Chris Boddy\OneDrive\Documents\Cyber Security and Digital Forensics MSc\Applications of Artificial Intelligence in Cyber Security\Assessment\project\data\large_mixed\minutes2\minutes2.wav,minutes2,101,505.0,5.0,2
C:\Users\Chris Boddy\OneDrive\Documents\Cyber Security and Digital Forensics MSc\Applications of Artificial Intelligence in Cyber Security\Assessment\project\data\large_mixed\minutes2\minutes2.wav,minutes2,102,510.0,5.0,1
C:\Users\Chris Boddy\OneDrive\Documents\Cyber Security and Digital Forensics MSc\Applications of Artificial Intelligence in Cyber Security\Assessment\project\data\large_mixed\minutes2\minutes2.wav,minutes2,103,515.0,5.0,1
C:\Users\Chris Boddy\OneDrive\Documents\Cyber Security and Digital Forensics MSc\Applications of Artificial Intelligence in Cyber Security\Assessment\project\data\large_mixed\minutes2\minutes2.wav,minutes2,104,520.0,5.0,0
C:\Users\Chris Boddy\OneDrive\Documents\Cyber Security and Digital Forensics MSc\Applications of Artificial Intelligence in Cyber Security\Assessment\project\data\large_mixed\minutes2\minutes2.wav,minutes2,105,525.0,5.0,2
C:\Users\Chris Boddy\OneDrive\Documents\Cyber Security and Digital Forensics MSc\Applications of Artificial Intelligence in Cyber Security\Assessment\project\data\large_mixed\minutes2\minutes2.wav,minutes2,106,530.0,5.0,2
C:\Users\Chris Boddy\OneDrive\Documents\Cyber Security and Digital Forensics MSc\Applications of Artificial Intelligence in Cyber Security\Assessment\project\data\large_mixed\minutes2\minutes2.wav,minutes2,107,535.0,5.0,2
C:\Users\Chris Boddy\OneDrive\Documents\Cyber Security and Digital Forensics MSc\Applications of Artificial Intelligence in Cyber Security\Assessment\project\data\large_mixed\minutes2\minutes2.wav,minutes2,108,540.0,5.0,1
C:\Users\Chris Boddy\OneDrive\Documents\Cyber Security and Digital Forensics MSc\Applications of Artificial Intelligence in Cyber Security\Assessment\project\data\large_mixed\minutes2\minutes2.wav,minutes2,109,545.0,5.0,2
C:\Users\Chris Boddy\OneDrive\Documents\Cyber Security and Digital Forensics MSc\Applications of Artificial Intelligence in Cyber Security\Assessment\project\data\large_mixed\minutes2\minutes2.wav,minutes2,110,550.0,5.0,1
C:\Users\Chris Boddy\OneDrive\Documents\Cyber Security and Digital Forensics MSc\Applications of Artificial Intelligence in Cyber Security\Assessment\project\data\large_mixed\minutes2\minutes2.wav,minutes2,111,555.0,5.0,2
C:\Users\Chris Boddy\OneDrive\Documents\Cyber Security and Digital Forensics MSc\Applications of Artificial Intelligence in Cyber Security\Assessment\project\data\large_mixed\minutes2\minutes2.wav,minutes2,112,560.0,5.0,1
C:\Users\Chris Boddy\OneDrive\Documents\Cyber Security and Digital Forensics MSc\Applications of Artificial Intelligence in Cyber Security\Assessment\project\data\large_mixed\minutes2\minutes2.wav,minutes2,113,565.0,5.0,2
C:\Users\Chris Boddy\OneDrive\Documents\Cyber Security and Digital Forensics MSc\Applications of Artificial Intelligence in Cyber Security\Assessment\project\data\large_mixed\minutes2\minutes2.wav,minutes2,114,570.0,5.0,1
C:\Users\Chris Boddy\OneDrive\Documents\Cyber Security and Digital Forensics MSc\Applications of Artificial Intelligence in Cyber Security\Assessment\project\data\large_mixed\minutes2\minutes2.wav,minutes2,115,575.0,5.0,0
C:\Users\Chris Boddy\OneDrive\Documents\Cyber Security and Digital Forensics MSc\Applications of Artificial Intelligence in Cyber Security\Assessment\project\data\large_mixed\minutes2\minutes2.wav,minutes2,116,580.0,5.0,2
C:\Users\Chris Boddy\OneDrive\Documents\Cyber Security and Digital Forensics MSc\Applications of Artificial Intelligence in Cyber Security\Assessment\project\data\large_mixed\minutes2\minutes2.wav,minutes2,117,585.0,5.0,2
C:\Users\Chris Boddy\OneDrive\Documents\Cyber Security and Digital Forensics MSc\Applications of Artificial Intelligence in Cyber Security\Assessment\project\data\large_mixed\minutes2\minutes2.wav,minutes2,118,590.0,5.0,1
C:\Users\Chris Boddy\OneDrive\Documents\Cyber Security and Digital Forensics MSc\Applications of Artificial Intelligence in Cyber Security\Assessment\project\data\large_mixed\minutes2\minutes2.wav,minutes2,119,595.0,5.0,0
C:\Users\Chris Boddy\OneDrive\Documents\Cyber Security and Digital Forensics MSc\Applications of Artificial Intelligence in Cyber Security\Assessment\project\data\large_mixed\minutes2\minutes2.wav,minutes2,120,600.0,5.0,2
C:\Users\Chris Boddy\OneDrive\Documents\Cyber Security and Digital Forensics MSc\Applications of Artificial Intelligence in Cyber Security\Assessment\project\data\large_mixed\minutes2\minutes2.wav,minutes2,121,605.0,5.0,1
C:\Users\Chris Boddy\OneDrive\Documents\Cyber Security and Digital Forensics MSc\Applications of Artificial Intelligence in Cyber Security\Assessment\project\data\large_mixed\minutes2\minutes2.wav,minutes2,122,610.0,5.0,2
C:\Users\Chris Boddy\OneDrive\Documents\Cyber Security and Digital Forensics MSc\Applications of Artificial Intelligence in Cyber Security\Assessment\project\data\large_mixed\minutes2\minutes2.wav,minutes2,123,615.0,5.0,1
C:\Users\Chris Boddy\OneDrive\Documents\Cyber Security and Digital Forensics MSc\Applications of Artificial Intelligence in Cyber Security\Assessment\project\data\large_mixed\minutes2\minutes2.wav,minutes2,124,620.0,5.0,2
C:\Users\Chris Boddy\OneDrive\Documents\Cyber Security and Digital Forensics MSc\Applications of Artificial Intelligence in Cyber Security\Assessment\project\data\large_mixed\minutes2\minutes2.wav,minutes2,125,625.0,5.0,2
C:\Users\Chris Boddy\OneDrive\Documents\Cyber Security and Digital Forensics MSc\Applications of Artificial Intelligence in Cyber Security\Assessment\project\data\large_mixed\minutes2\minutes2.wav,minutes2,126,630.0,5.0,0
C:\Users\Chris Boddy\OneDrive\Documents\Cyber Security and Digital Forensics MSc\Applications of Artificial Intelligence in Cyber Security\Assessment\project\data\large_mixed\minutes2\minutes2.wav,minutes2,127,635.0,5.0,0
C:\Users\Chris Boddy\OneDrive\Documents\Cyber Security and Digital Forensics MSc\Applications of Artificial Intelligence in Cyber Security\Assessment\project\data\large_mixed\minutes2\minutes2.wav,minutes2,128,640.0,5.0,0
C:\Users\Chris Boddy\OneDrive\Documents\Cyber Security and Digital Forensics MSc\Applications of Artificial Intelligence in Cyber Security\Assessment\project\data\large_mixed\minutes2\minutes2.wav,minutes2,129,645.0,5.0,2
C:\Users\Chris Boddy\OneDrive\Documents\Cyber Security and Digital Forensics MSc\Applications of Artificial Intelligence in Cyber Security\Assessment\project\data\large_mixed\minutes2\minutes2.wav,minutes2,130,650.0,5.0,2
C:\Users\Chris Boddy\OneDrive\Documents\Cyber Security and Digital Forensics MSc\Applications of Artificial Intelligence in Cyber Security\Assessment\project\data\large_mixed\minutes2\minutes2.wav,minutes2,131,655.0,5.0,0
C:\Users\Chris Boddy\OneDrive\Documents\Cyber Security and Digital Forensics MSc\Applications of Artificial Intelligence in Cyber Security\Assessment\project\data\large_mixed\minutes2\minutes2.wav,minutes2,132,660.0,5.0,1
C:\Users\Chris Boddy\OneDrive\Documents\Cyber Security and Digital Forensics MSc\Applications of Artificial Intelligence in Cyber Security\Assessment\project\data\large_mixed\minutes2\minutes2.wav,minutes2,133,665.0,5.0,2
C:\Users\Chris Boddy\OneDrive\Documents\Cyber Security and Digital Forensics MSc\Applications of Artificial Intelligence in Cyber Security\Assessment\project\data\large_mixed\minutes2\minutes2.wav,minutes2,134,670.0,5.0,0
C:\Users\Chris Boddy\OneDrive\Documents\Cyber Security and Digital Forensics MSc\Applications of Artificial Intelligence in Cyber Security\Assessment\project\data\large_mixed\minutes2\minutes2.wav,minutes2,135,675.0,5.0,0
C:\Users\Chris Boddy\OneDrive\Documents\Cyber Security and Digital Forensics MSc\Applications of Artificial Intelligence in Cyber Security\Assessment\project\data\large_mixed\minutes2\minutes2.wav,minutes2,136,680.0,5.0,1
C:\Users\Chris Boddy\OneDrive\Documents\Cyber Security and Digital Forensics MSc\Applications of Artificial Intelligence in Cyber Security\Assessment\project\data\large_mixed\minutes2\minutes2.wav,minutes2,137,685.0,5.0,2
C:\Users\Chris Boddy\OneDrive\Documents\Cyber Security and Digital Forensics MSc\Applications of Artificial Intelligence in Cyber Security\Assessment\project\data\large_mixed\minutes2\minutes2.wav,minutes2,138,690.0,5.0,1
C:\Users\Chris Boddy\OneDrive\Documents\Cyber Security and Digital Forensics MSc\Applications of Artificial Intelligence in Cyber Security\Assessment\project\data\large_mixed\minutes2\minutes2.wav,minutes2,139,695.0,5.0,2
C:\Users\Chris Boddy\OneDrive\Documents\Cyber Security and Digital Forensics MSc\Applications of Artificial Intelligence in Cyber Security\Assessment\project\data\large_mixed\minutes2\minutes2.wav,minutes2,140,700.0,5.0,1
C:\Users\Chris Boddy\OneDrive\Documents\Cyber Security and Digital Forensics MSc\Applications of Artificial Intelligence in Cyber Security\Assessment\project\data\large_mixed\minutes2\minutes2.wav,minutes2,141,705.0,5.0,2
C:\Users\Chris Boddy\OneDrive\Documents\Cyber Security and Digital Forensics MSc\Applications of Artificial Intelligence in Cyber Security\Assessment\project\data\large_mixed\minutes2\minutes2.wav,minutes2,142,710.0,5.0,0
C:\Users\Chris Boddy\OneDrive\Documents\Cyber Security and Digital Forensics MSc\Applications of Artificial Intelligence in Cyber Security\Assessment\project\data\large_mixed\minutes2\minutes2.wav,minutes2,143,715.0,5.0,1
C:\Users\Chris Boddy\OneDrive\Documents\Cyber Security and Digital Forensics MSc\Applications of Artificial Intelligence in Cyber Security\Assessment\project\data\large_mixed\minutes2\minutes2.wav,minutes2,144,720.0,5.0,0
C:\Users\Chris Boddy\OneDrive\Documents\Cyber Security and Digital Forensics MSc\Applications of Artificial Intelligence in Cyber Security\Assessment\project\data\large_mixed\minutes2\minutes2.wav,minutes2,145,725.0,5.0,1
C:\Users\Chris Boddy\OneDrive\Documents\Cyber Security and Digital Forensics MSc\Applications of Artificial Intelligence in Cyber Security\Assessment\project\data\large_mixed\minutes2\minutes2.wav,minutes2,146,730.0,5.0,1
C:\Users\Chris Boddy\OneDrive\Documents\Cyber Security and Digital Forensics MSc\Applications of Artificial Intelligence in Cyber Security\Assessment\project\data\large_mixed\minutes2\minutes2.wav,minutes2,147,735.0,5.0,2
C:\Users\Chris Boddy\OneDrive\Documents\Cyber Security and Digital Forensics MSc\Applications of Artificial Intelligence in Cyber Security\Assessment\project\data\large_mixed\minutes2\minutes2.wav,minutes2,148,740.0,5.0,2
C:\Users\Chris Boddy\OneDrive\Documents\Cyber Security and Digital Forensics MSc\Applications of Artificial Intelligence in Cyber Security\Assessment\project\data\large_mixed\minutes2\minutes2.wav,minutes2,149,745.0,5.0,1
C:\Users\Chris Boddy\OneDrive\Documents\Cyber Security and Digital Forensics MSc\Applications of Artificial Intelligence in Cyber Security\Assessment\project\data\large_mixed\minutes2\minutes2.wav,minutes2,150,750.0,5.0,1
C:\Users\Chris Boddy\OneDrive\Documents\Cyber Security and Digital Forensics MSc\Applications of Artificial Intelligence in Cyber Security\Assessment\project\data\large_mixed\minutes2\minutes2.wav,minutes2,151,755.0,5.0,2
C:\Users\Chris Boddy\OneDrive\Documents\Cyber Security and Digital Forensics MSc\Applications of Artificial Intelligence in Cyber Security\Assessment\project\data\large_mixed\minutes2\minutes2.wav,minutes2,152,760.0,5.0,0
C:\Users\Chris Boddy\OneDrive\Documents\Cyber Security and Digital Forensics MSc\Applications of Artificial Intelligence in Cyber Security\Assessment\project\data\large_mixed\minutes2\minutes2.wav,minutes2,153,765.0,5.0,0
C:\Users\Chris Boddy\OneDrive\Documents\Cyber Security and Digital Forensics MSc\Applications of Artificial Intelligence in Cyber Security\Assessment\project\data\large_mixed\minutes2\minutes2.wav,minutes2,154,770.0,5.0,2
C:\Users\Chris Boddy\OneDrive\Documents\Cyber Security and Digital Forensics MSc\Applications of Artificial Intelligence in Cyber Security\Assessment\project\data\large_mixed\minutes2\minutes2.wav,minutes2,155,775.0,5.0,1
C:\Users\Chris Boddy\OneDrive\Documents\Cyber Security and Digital Forensics MSc\Applications of Artificial Intelligence in Cyber Security\Assessment\project\data\large_mixed\minutes2\minutes2.wav,minutes2,156,780.0,5.0,1
C:\Users\Chris Boddy\OneDrive\Documents\Cyber Security and Digital Forensics MSc\Applications of Artificial Intelligence in Cyber Security\Assessment\project\data\large_mixed\minutes2\minutes2.wav,minutes2,157,785.0,5.0,0
C:\Users\Chris Boddy\OneDrive\Documents\Cyber Security and Digital Forensics MSc\Applications of Artificial Intelligence in Cyber Security\Assessment\project\data\large_mixed\minutes2\minutes2.wav,minutes2,158,790.0,5.0,1
C:\Users\Chris Boddy\OneDrive\Documents\Cyber Security and Digital Forensics MSc\Applications of Artificial Intelligence in Cyber Security\Assessment\project\data\large_mixed\minutes2\minutes2.wav,minutes2,159,795.0,5.0,0
C:\Users\Chris Boddy\OneDrive\Documents\Cyber Security and Digital Forensics MSc\Applications of Artificial Intelligence in Cyber Security\Assessment\project\data\large_mixed\minutes2\minutes2.wav,minutes2,160,800.0,5.0,2
C:\Users\Chris Boddy\OneDrive\Documents\Cyber Security and Digital Forensics MSc\Applications of Artificial Intelligence in Cyber Security\Assessment\project\data\large_mixed\minutes2\minutes2.wav,minutes2,161,805.0,5.0,1
C:\Users\Chris Boddy\OneDrive\Documents\Cyber Security and Digital Forensics MSc\Applications of Artificial Intelligence in Cyber Security\Assessment\project\data\large_mixed\minutes2\minutes2.wav,minutes2,162,810.0,5.0,1
C:\Users\Chris Boddy\OneDrive\Documents\Cyber Security and Digital Forensics MSc\Applications of Artificial Intelligence in Cyber Security\Assessment\project\data\large_mixed\minutes2\minutes2.wav,minutes2,163,815.0,5.0,2
C:\Users\Chris Boddy\OneDrive\Documents\Cyber Security and Digital Forensics MSc\Applications of Artificial Intelligence in Cyber Security\Assessment\project\data\large_mixed\minutes2\minutes2.wav,minutes2,164,820.0,5.0,1
C:\Users\Chris Boddy\OneDrive\Documents\Cyber Security and Digital Forensics MSc\Applications of Artificial Intelligence in Cyber Security\Assessment\project\data\large_mixed\minutes2\minutes2.wav,minutes2,165,825.0,5.0,1
C:\Users\Chris Boddy\OneDrive\Documents\Cyber Security and Digital Forensics MSc\Applications of Artificial Intelligence in Cyber Security\Assessment\project\data\large_mixed\minutes2\minutes2.wav,minutes2,166,830.0,5.0,0
C:\Users\Chris Boddy\OneDrive\Documents\Cyber Security and Digital Forensics MSc\Applications of Artificial Intelligence in Cyber Security\Assessment\project\data\large_mixed\minutes2\minutes2.wav,minutes2,167,835.0,5.0,2
C:\Users\Chris Boddy\OneDrive\Documents\Cyber Security and Digital Forensics MSc\Applications of Artificial Intelligence in Cyber Security\Assessment\project\data\large_mixed\minutes2\minutes2.wav,minutes2,168,840.0,5.0,0
C:\Users\Chris Boddy\OneDrive\Documents\Cyber Security and Digital Forensics MSc\Applications of Artificial Intelligence in Cyber Security\Assessment\project\data\large_mixed\minutes2\minutes2.wav,minutes2,169,845.0,5.0,2
C:\Users\Chris Boddy\OneDrive\Documents\Cyber Security and Digital Forensics MSc\Applications of Artificial Intelligence in Cyber Security\Assessment\project\data\large_mixed\minutes2\minutes2.wav,minutes2,170,850.0,5.0,0
C:\Users\Chris Boddy\OneDrive\Documents\Cyber Security and Digital Forensics MSc\Applications of Artificial Intelligence in Cyber Security\Assessment\project\data\large_mixed\minutes2\minutes2.wav,minutes2,171,855.0,5.0,0
C:\Users\Chris Boddy\OneDrive\Documents\Cyber Security and Digital Forensics MSc\Applications of Artificial Intelligence in Cyber Security\Assessment\project\data\large_mixed\minutes2\minutes2.wav,minutes2,172,860.0,5.0,2
C:\Users\Chris Boddy\OneDrive\Documents\Cyber Security and Digital Forensics MSc\Applications of Artificial Intelligence in Cyber Security\Assessment\project\data\large_mixed\minutes2\minutes2.wav,minutes2,173,865.0,5.0,2
C:\Users\Chris Boddy\OneDrive\Documents\Cyber Security and Digital Forensics MSc\Applications of Artificial Intelligence in Cyber Security\Assessment\project\data\large_mixed\minutes2\minutes2.wav,minutes2,174,870.0,5.0,0
C:\Users\Chris Boddy\OneDrive\Documents\Cyber Security and Digital Forensics MSc\Applications of Artificial Intelligence in Cyber Security\Assessment\project\data\large_mixed\minutes2\minutes2.wav,minutes2,175,875.0,5.0,2
C:\Users\Chris Boddy\OneDrive\Documents\Cyber Security and Digital Forensics MSc\Applications of Artificial Intelligence in Cyber Security\Assessment\project\data\large_mixed\minutes2\minutes2.wav,minutes2,176,880.0,5.0,0
C:\Users\Chris Boddy\OneDrive\Documents\Cyber Security and Digital Forensics MSc\Applications of Artificial Intelligence in Cyber Security\Assessment\project\data\large_mixed\minutes2\minutes2.wav,minutes2,177,885.0,5.0,1
C:\Users\Chris Boddy\OneDrive\Documents\Cyber Security and Digital Forensics MSc\Applications of Artificial Intelligence in Cyber Security\Assessment\project\data\large_mixed\minutes2\minutes2.wav,minutes2,178,890.0,5.0,2
C:\Users\Chris Boddy\OneDrive\Documents\Cyber Security and Digital Forensics MSc\Applications of Artificial Intelligence in Cyber Security\Assessment\project\data\large_mixed\minutes2\minutes2.wav,minutes2,179,895.0,5.0,2
C:\Users\Chris Boddy\OneDrive\Documents\Cyber Security and Digital Forensics MSc\Applications of Artificial Intelligence in Cyber Security\Assessment\project\data\large_mixed\minutes2\minutes2.wav,minutes2,180,900.0,5.0,1
C:\Users\Chris Boddy\OneDrive\Documents\Cyber Security and Digital Forensics MSc\Applications of Artificial Intelligence in Cyber Security\Assessment\project\data\large_mixed\minutes2\minutes2.wav,minutes2,181,905.0,5.0,2
C:\Users\Chris Boddy\OneDrive\Documents\Cyber Security and Digital Forensics MSc\Applications of Artificial Intelligence in Cyber Security\Assessment\project\data\large_mixed\minutes2\minutes2.wav,minutes2,182,910.0,5.0,1
C:\Users\Chris Boddy\OneDrive\Documents\Cyber Security and Digital Forensics MSc\Applications of Artificial Intelligence in Cyber Security\Assessment\project\data\large_mixed\minutes2\minutes2.wav,minutes2,183,915.0,5.0,0
C:\Users\Chris Boddy\OneDrive\Documents\Cyber Security and Digital Forensics MSc\Applications of Artificial Intelligence in Cyber Security\Assessment\project\data\large_mixed\minutes2\minutes2.wav,minutes2,184,920.0,5.0,2
C:\Users\Chris Boddy\OneDrive\Documents\Cyber Security and Digital Forensics MSc\Applications of Artificial Intelligence in Cyber Security\Assessment\project\data\large_mixed\minutes2\minutes2.wav,minutes2,185,925.0,5.0,2
C:\Users\Chris Boddy\OneDrive\Documents\Cyber Security and Digital Forensics MSc\Applications of Artificial Intelligence in Cyber Security\Assessment\project\data\large_mixed\minutes2\minutes2.wav,minutes2,186,930.0,5.0,0
C:\Users\Chris Boddy\OneDrive\Documents\Cyber Security and Digital Forensics MSc\Applications of Artificial Intelligence in Cyber Security\Assessment\project\data\large_mixed\minutes2\minutes2.wav,minutes2,187,935.0,5.0,1
C:\Users\Chris Boddy\OneDrive\Documents\Cyber Security and Digital Forensics MSc\Applications of Artificial Intelligence in Cyber Security\Assessment\project\data\large_mixed\minutes2\minutes2.wav,minutes2,188,940.0,5.0,0
C:\Users\Chris Boddy\OneDrive\Documents\Cyber Security and Digital Forensics MSc\Applications of Artificial Intelligence in Cyber Security\Assessment\project\data\large_mixed\minutes2\minutes2.wav,minutes2,189,945.0,5.0,2
C:\Users\Chris Boddy\OneDrive\Documents\Cyber Security and Digital Forensics MSc\Applications of Artificial Intelligence in Cyber Security\Assessment\project\data\large_mixed\minutes2\minutes2.wav,minutes2,190,950.0,5.0,2
C:\Users\Chris Boddy\OneDrive\Documents\Cyber Security and Digital Forensics MSc\Applications of Artificial Intelligence in Cyber Security\Assessment\project\data\large_mixed\minutes2\minutes2.wav,minutes2,191,955.0,5.0,2
C:\Users\Chris Boddy\OneDrive\Documents\Cyber Security and Digital Forensics MSc\Applications of Artificial Intelligence in Cyber Security\Assessment\project\data\large_mixed\minutes2\minutes2.wav,minutes2,192,960.0,5.0,0
C:\Users\Chris Boddy\OneDrive\Documents\Cyber Security and Digital Forensics MSc\Applications of Artificial Intelligence in Cyber Security\Assessment\project\data\large_mixed\minutes2\minutes2.wav,minutes2,193,965.0,5.0,0
C:\Users\Chris Boddy\OneDrive\Documents\Cyber Security and Digital Forensics MSc\Applications of Artificial Intelligence in Cyber Security\Assessment\project\data\large_mixed\minutes2\minutes2.wav,minutes2,194,970.0,5.0,2
C:\Users\Chris Boddy\OneDrive\Documents\Cyber Security and Digital Forensics MSc\Applications of Artificial Intelligence in Cyber Security\Assessment\project\data\large_mixed\minutes2\minutes2.wav,minutes2,195,975.0,5.0,1
C:\Users\Chris Boddy\OneDrive\Documents\Cyber Security and Digital Forensics MSc\Applications of Artificial Intelligence in Cyber Security\Assessment\project\data\large_mixed\minutes2\minutes2.wav,minutes2,196,980.0,5.0,2
C:\Users\Chris Boddy\OneDrive\Documents\Cyber Security and Digital Forensics MSc\Applications of Artificial Intelligence in Cyber Security\Assessment\project\data\large_mixed\minutes2\minutes2.wav,minutes2,197,985.0,5.0,1
C:\Users\Chris Boddy\OneDrive\Documents\Cyber Security and Digital Forensics MSc\Applications of Artificial Intelligence in Cyber Security\Assessment\project\data\large_mixed\minutes2\minutes2.wav,minutes2,198,990.0,5.0,0
C:\Users\Chris Boddy\OneDrive\Documents\Cyber Security and Digital Forensics MSc\Applications of Artificial Intelligence in Cyber Security\Assessment\project\data\large_mixed\minutes2\minutes2.wav,minutes2,199,995.0,5.0,1
C:\Users\Chris Boddy\OneDrive\Documents\Cyber Security and Digital Forensics MSc\Applications of Artificial Intelligence in Cyber Security\Assessment\project\data\large_mixed\minutes2\minutes2.wav,minutes2,200,1000.0,5.0,0
C:\Users\Chris Boddy\OneDrive\Documents\Cyber Security and Digital Forensics MSc\Applications of Artificial Intelligence in Cyber Security\Assessment\project\data\large_mixed\minutes2\minutes2.wav,minutes2,201,1005.0,5.0,2
C:\Users\Chris Boddy\OneDrive\Documents\Cyber Security and Digital Forensics MSc\Applications of Artificial Intelligence in Cyber Security\Assessment\project\data\large_mixed\minutes2\minutes2.wav,minutes2,202,1010.0,5.0,0
C:\Users\Chris Boddy\OneDrive\Documents\Cyber Security and Digital Forensics MSc\Applications of Artificial Intelligence in Cyber Security\Assessment\project\data\large_mixed\minutes2\minutes2.wav,minutes2,203,1015.0,5.0,1
C:\Users\Chris Boddy\OneDrive\Documents\Cyber Security and Digital Forensics MSc\Applications of Artificial Intelligence in Cyber Security\Assessment\project\data\large_mixed\minutes2\minutes2.wav,minutes2,204,1020.0,5.0,2
C:\Users\Chris Boddy\OneDrive\Documents\Cyber Security and Digital Forensics MSc\Applications of Artificial Intelligence in Cyber Security\Assessment\project\data\large_mixed\minutes2\minutes2.wav,minutes2,205,1025.0,5.0,0
C:\Users\Chris Boddy\OneDrive\Documents\Cyber Security and Digital Forensics MSc\Applications of Artificial Intelligence in Cyber Security\Assessment\project\data\large_mixed\minutes2\minutes2.wav,minutes2,206,1030.0,5.0,0
C:\Users\Chris Boddy\OneDrive\Documents\Cyber Security and Digital Forensics MSc\Applications of Artificial Intelligence in Cyber Security\Assessment\project\data\large_mixed\minutes2\minutes2.wav,minutes2,207,1035.0,5.0,1
C:\Users\Chris Boddy\OneDrive\Documents\Cyber Security and Digital Forensics MSc\Applications of Artificial Intelligence in Cyber Security\Assessment\project\data\large_mixed\minutes2\minutes2.wav,minutes2,208,1040.0,5.0,1
C:\Users\Chris Boddy\OneDrive\Documents\Cyber Security and Digital Forensics MSc\Applications of Artificial Intelligence in Cyber Security\Assessment\project\data\large_mixed\minutes2\minutes2.wav,minutes2,209,1045.0,5.0,2
C:\Users\Chris Boddy\OneDrive\Documents\Cyber Security and Digital Forensics MSc\Applications of Artificial Intelligence in Cyber Security\Assessment\project\data\large_mixed\minutes2\minutes2.wav,minutes2,210,1050.0,5.0,0
C:\Users\Chris Boddy\OneDrive\Documents\Cyber Security and Digital Forensics MSc\Applications of Artificial Intelligence in Cyber Security\Assessment\project\data\large_mixed\minutes2\minutes2.wav,minutes2,211,1055.0,5.0,0
C:\Users\Chris Boddy\OneDrive\Documents\Cyber Security and Digital Forensics MSc\Applications of Artificial Intelligence in Cyber Security\Assessment\project\data\large_mixed\minutes2\minutes2.wav,minutes2,212,1060.0,5.0,1
C:\Users\Chris Boddy\OneDrive\Documents\Cyber Security and Digital Forensics MSc\Applications of Artificial Intelligence in Cyber Security\Assessment\project\data\large_mixed\minutes2\minutes2.wav,minutes2,213,1065.0,5.0,2
C:\Users\Chris Boddy\OneDrive\Documents\Cyber Security and Digital Forensics MSc\Applications of Artificial Intelligence in Cyber Security\Assessment\project\data\large_mixed\minutes2\minutes2.wav,minutes2,214,1070.0,5.0,0
C:\Users\Chris Boddy\OneDrive\Documents\Cyber Security and Digital Forensics MSc\Applications of Artificial Intelligence in Cyber Security\Assessment\project\data\large_mixed\minutes2\minutes2.wav,minutes2,215,1075.0,5.0,0
C:\Users\Chris Boddy\OneDrive\Documents\Cyber Security and Digital Forensics MSc\Applications of Artificial Intelligence in Cyber Security\Assessment\project\data\large_mixed\minutes2\minutes2.wav,minutes2,216,1080.0,5.0,2
C:\Users\Chris Boddy\OneDrive\Documents\Cyber Security and Digital Forensics MSc\Applications of Artificial Intelligence in Cyber Security\Assessment\project\data\large_mixed\minutes2\minutes2.wav,minutes2,217,1085.0,5.0,1
C:\Users\Chris Boddy\OneDrive\Documents\Cyber Security and Digital Forensics MSc\Applications of Artificial Intelligence in Cyber Security\Assessment\project\data\large_mixed\minutes2\minutes2.wav,minutes2,218,1090.0,5.0,0
C:\Users\Chris Boddy\OneDrive\Documents\Cyber Security and Digital Forensics MSc\Applications of Artificial Intelligence in Cyber Security\Assessment\project\data\large_mixed\minutes2\minutes2.wav,minutes2,219,1095.0,5.0,1
C:\Users\Chris Boddy\OneDrive\Documents\Cyber Security and Digital Forensics MSc\Applications of Artificial Intelligence in Cyber Security\Assessment\project\data\large_mixed\minutes2\minutes2.wav,minutes2,220,1100.0,5.0,0
C:\Users\Chris Boddy\OneDrive\Documents\Cyber Security and Digital Forensics MSc\Applications of Artificial Intelligence in Cyber Security\Assessment\project\data\large_mixed\minutes2\minutes2.wav,minutes2,221,1105.0,5.0,2
C:\Users\Chris Boddy\OneDrive\Documents\Cyber Security and Digital Forensics MSc\Applications of Artificial Intelligence in Cyber Security\Assessment\project\data\large_mixed\minutes2\minutes2.wav,minutes2,222,1110.0,5.0,1
C:\Users\Chris Boddy\OneDrive\Documents\Cyber Security and Digital Forensics MSc\Applications of Artificial Intelligence in Cyber Security\Assessment\project\data\large_mixed\minutes2\minutes2.wav,minutes2,223,1115.0,5.0,0
C:\Users\Chris Boddy\OneDrive\Documents\Cyber Security and Digital Forensics MSc\Applications of Artificial Intelligence in Cyber Security\Assessment\project\data\large_mixed\minutes2\minutes2.wav,minutes2,224,1120.0,5.0,1
C:\Users\Chris Boddy\OneDrive\Documents\Cyber Security and Digital Forensics MSc\Applications of Artificial Intelligence in Cyber Security\Assessment\project\data\large_mixed\minutes2\minutes2.wav,minutes2,225,1125.0,5.0,2
C:\Users\Chris Boddy\OneDrive\Documents\Cyber Security and Digital Forensics MSc\Applications of Artificial Intelligence in Cyber Security\Assessment\project\data\large_mixed\minutes2\minutes2.wav,minutes2,226,1130.0,5.0,2
C:\Users\Chris Boddy\OneDrive\Documents\Cyber Security and Digital Forensics MSc\Applications of Artificial Intelligence in Cyber Security\Assessment\project\data\large_mixed\minutes2\minutes2.wav,minutes2,227,1135.0,5.0,2
C:\Users\Chris Boddy\OneDrive\Documents\Cyber Security and Digital Forensics MSc\Applications of Artificial Intelligence in Cyber Security\Assessment\project\data\large_mixed\minutes2\minutes2.wav,minutes2,228,1140.0,5.0,0
C:\Users\Chris Boddy\OneDrive\Documents\Cyber Security and Digital Forensics MSc\Applications of Artificial Intelligence in Cyber Security\Assessment\project\data\large_mixed\minutes2\minutes2.wav,minutes2,229,1145.0,5.0,2
C:\Users\Chris Boddy\OneDrive\Documents\Cyber Security and Digital Forensics MSc\Applications of Artificial Intelligence in Cyber Security\Assessment\project\data\large_mixed\minutes2\minutes2.wav,minutes2,230,1150.0,5.0,0
C:\Users\Chris Boddy\OneDrive\Documents\Cyber Security and Digital Forensics MSc\Applications of Artificial Intelligence in Cyber Security\Assessment\project\data\large_mixed\minutes2\minutes2.wav,minutes2,231,1155.0,5.0,0
C:\Users\Chris Boddy\OneDrive\Documents\Cyber Security and Digital Forensics MSc\Applications of Artificial Intelligence in Cyber Security\Assessment\project\data\large_mixed\minutes2\minutes2.wav,minutes2,232,1160.0,5.0,2
C:\Users\Chris Boddy\OneDrive\Documents\Cyber Security and Digital Forensics MSc\Applications of Artificial Intelligence in Cyber Security\Assessment\project\data\large_mixed\minutes2\minutes2.wav,minutes2,233,1165.0,5.0,1
C:\Users\Chris Boddy\OneDrive\Documents\Cyber Security and Digital Forensics MSc\Applications of Artificial Intelligence in Cyber Security\Assessment\project\data\large_mixed\minutes2\minutes2.wav,minutes2,234,1170.0,5.0,1
C:\Users\Chris Boddy\OneDrive\Documents\Cyber Security and Digital Forensics MSc\Applications of Artificial Intelligence in Cyber Security\Assessment\project\data\large_mixed\minutes2\minutes2.wav,minutes2,235,1175.0,5.0,0
C:\Users\Chris Boddy\OneDrive\Documents\Cyber Security and Digital Forensics MSc\Applications of Artificial Intelligence in Cyber Security\Assessment\project\data\large_mixed\minutes2\minutes2.wav,minutes2,236,1180.0,5.0,1
C:\Users\Chris Boddy\OneDrive\Documents\Cyber Security and Digital Forensics MSc\Applications of Artificial Intelligence in Cyber Security\Assessment\project\data\large_mixed\minutes2\minutes2.wav,minutes2,237,1185.0,5.0,2
C:\Users\Chris Boddy\OneDrive\Documents\Cyber Security and Digital Forensics MSc\Applications of Artificial Intelligence in Cyber Security\Assessment\project\data\large_mixed\minutes2\minutes2.wav,minutes2,238,1190.0,5.0,1
C:\Users\Chris Boddy\OneDrive\Documents\Cyber Security and Digital Forensics MSc\Applications of Artificial Intelligence in Cyber Security\Assessment\project\data\large_mixed\minutes2\minutes2.wav,minutes2,239,1195.0,5.0,1
C:\Users\Chris Boddy\OneDrive\Documents\Cyber Security and Digital Forensics MSc\Applications of Artificial Intelligence in Cyber Security\Assessment\project\data\large_mixed\minutes2\minutes2.wav,minutes2,240,1200.0,5.0,0
C:\Users\Chris Boddy\OneDrive\Documents\Cyber Security and Digital Forensics MSc\Applications of Artificial Intelligence in Cyber Security\Assessment\project\data\large_mixed\minutes2\minutes2.wav,minutes2,241,1205.0,5.0,2
C:\Users\Chris Boddy\OneDrive\Documents\Cyber Security and Digital Forensics MSc\Applications of Artificial Intelligence in Cyber Security\Assessment\project\data\large_mixed\minutes2\minutes2.wav,minutes2,242,1210.0,5.0,1
C:\Users\Chris Boddy\OneDrive\Documents\Cyber Security and Digital Forensics MSc\Applications of Artificial Intelligence in Cyber Security\Assessment\project\data\large_mixed\minutes2\minutes2.wav,minutes2,243,1215.0,5.0,1
C:\Users\Chris Boddy\OneDrive\Documents\Cyber Security and Digital Forensics MSc\Applications of Artificial Intelligence in Cyber Security\Assessment\project\data\large_mixed\minutes2\minutes2.wav,minutes2,244,1220.0,5.0,0
C:\Users\Chris Boddy\OneDrive\Documents\Cyber Security and Digital Forensics MSc\Applications of Artificial Intelligence in Cyber Security\Assessment\project\data\large_mixed\minutes2\minutes2.wav,minutes2,245,1225.0,5.0,2
C:\Users\Chris Boddy\OneDrive\Documents\Cyber Security and Digital Forensics MSc\Applications of Artificial Intelligence in Cyber Security\Assessment\project\data\large_mixed\minutes2\minutes2.wav,minutes2,246,1230.0,5.0,2
C:\Users\Chris Boddy\OneDrive\Documents\Cyber Security and Digital Forensics MSc\Applications of Artificial Intelligence in Cyber Security\Assessment\project\data\large_mixed\minutes2\minutes2.wav,minutes2,247,1235.0,5.0,2
C:\Users\Chris Boddy\OneDrive\Documents\Cyber Security and Digital Forensics MSc\Applications of Artificial Intelligence in Cyber Security\Assessment\project\data\large_mixed\minutes2\minutes2.wav,minutes2,248,1240.0,5.0,2
C:\Users\Chris Boddy\OneDrive\Documents\Cyber Security and Digital Forensics MSc\Applications of Artificial Intelligence in Cyber Security\Assessment\project\data\large_mixed\minutes2\minutes2.wav,minutes2,249,1245.0,5.0,1
C:\Users\Chris Boddy\OneDrive\Documents\Cyber Security and Digital Forensics MSc\Applications of Artificial Intelligence in Cyber Security\Assessment\project\data\large_mixed\minutes2\minutes2.wav,minutes2,250,1250.0,5.0,0
C:\Users\Chris Boddy\OneDrive\Documents\Cyber Security and Digital Forensics MSc\Applications of Artificial Intelligence in Cyber Security\Assessment\project\data\large_mixed\minutes2\minutes2.wav,minutes2,251,1255.0,5.0,1
C:\Users\Chris Boddy\OneDrive\Documents\Cyber Security and Digital Forensics MSc\Applications of Artificial Intelligence in Cyber Security\Assessment\project\data\large_mixed\minutes2\minutes2.wav,minutes2,252,1260.0,5.0,1
C:\Users\Chris Boddy\OneDrive\Documents\Cyber Security and Digital Forensics MSc\Applications of Artificial Intelligence in Cyber Security\Assessment\project\data\large_mixed\minutes2\minutes2.wav,minutes2,253,1265.0,5.0,0
C:\Users\Chris Boddy\OneDrive\Documents\Cyber Security and Digital Forensics MSc\Applications of Artificial Intelligence in Cyber Security\Assessment\project\data\large_mixed\minutes2\minutes2.wav,minutes2,254,1270.0,5.0,2
C:\Users\Chris Boddy\OneDrive\Documents\Cyber Security and Digital Forensics MSc\Applications of Artificial Intelligence in Cyber Security\Assessment\project\data\large_mixed\minutes2\minutes2.wav,minutes2,255,1275.0,5.0,2
C:\Users\Chris Boddy\OneDrive\Documents\Cyber Security and Digital Forensics MSc\Applications of Artificial Intelligence in Cyber Security\Assessment\project\data\large_mixed\minutes2\minutes2.wav,minutes2,256,1280.0,5.0,1
C:\Users\Chris Boddy\OneDrive\Documents\Cyber Security and Digital Forensics MSc\Applications of Artificial Intelligence in Cyber Security\Assessment\project\data\large_mixed\minutes2\minutes2.wav,minutes2,257,1285.0,5.0,2
C:\Users\Chris Boddy\OneDrive\Documents\Cyber Security and Digital Forensics MSc\Applications of Artificial Intelligence in Cyber Security\Assessment\project\data\large_mixed\minutes2\minutes2.wav,minutes2,258,1290.0,5.0,1
C:\Users\Chris Boddy\OneDrive\Documents\Cyber Security and Digital Forensics MSc\Applications of Artificial Intelligence in Cyber Security\Assessment\project\data\large_mixed\minutes2\minutes2.wav,minutes2,259,1295.0,5.0,2
C:\Users\Chris Boddy\OneDrive\Documents\Cyber Security and Digital Forensics MSc\Applications of Artificial Intelligence in Cyber Security\Assessment\project\data\large_mixed\minutes2\minutes2.wav,minutes2,260,1300.0,5.0,2
C:\Users\Chris Boddy\OneDrive\Documents\Cyber Security and Digital Forensics MSc\Applications of Artificial Intelligence in Cyber Security\Assessment\project\data\large_mixed\minutes2\minutes2.wav,minutes2,261,1305.0,5.0,1
C:\Users\Chris Boddy\OneDrive\Documents\Cyber Security and Digital Forensics MSc\Applications of Artificial Intelligence in Cyber Security\Assessment\project\data\large_mixed\minutes2\minutes2.wav,minutes2,262,1310.0,5.0,2
C:\Users\Chris Boddy\OneDrive\Documents\Cyber Security and Digital Forensics MSc\Applications of Artificial Intelligence in Cyber Security\Assessment\project\data\large_mixed\minutes2\minutes2.wav,minutes2,263,1315.0,5.0,0
C:\Users\Chris Boddy\OneDrive\Documents\Cyber Security and Digital Forensics MSc\Applications of Artificial Intelligence in Cyber Security\Assessment\project\data\large_mixed\minutes2\minutes2.wav,minutes2,264,1320.0,5.0,2
C:\Users\Chris Boddy\OneDrive\Documents\Cyber Security and Digital Forensics MSc\Applications of Artificial Intelligence in Cyber Security\Assessment\project\data\large_mixed\minutes2\minutes2.wav,minutes2,265,1325.0,5.0,2
C:\Users\Chris Boddy\OneDrive\Documents\Cyber Security and Digital Forensics MSc\Applications of Artificial Intelligence in Cyber Security\Assessment\project\data\large_mixed\minutes2\minutes2.wav,minutes2,266,1330.0,5.0,1
C:\Users\Chris Boddy\OneDrive\Documents\Cyber Security and Digital Forensics MSc\Applications of Artificial Intelligence in Cyber Security\Assessment\project\data\large_mixed\minutes2\minutes2.wav,minutes2,267,1335.0,5.0,2
C:\Users\Chris Boddy\OneDrive\Documents\Cyber Security and Digital Forensics MSc\Applications of Artificial Intelligence in Cyber Security\Assessment\project\data\large_mixed\minutes2\minutes2.wav,minutes2,268,1340.0,5.0,0
C:\Users\Chris Boddy\OneDrive\Documents\Cyber Security and Digital Forensics MSc\Applications of Artificial Intelligence in Cyber Security\Assessment\project\data\large_mixed\minutes2\minutes2.wav,minutes2,269,1345.0,5.0,0
C:\Users\Chris Boddy\OneDrive\Documents\Cyber Security and Digital Forensics MSc\Applications of Artificial Intelligence in Cyber Security\Assessment\project\data\large_mixed\minutes2\minutes2.wav,minutes2,270,1350.0,5.0,1
C:\Users\Chris Boddy\OneDrive\Documents\Cyber Security and Digital Forensics MSc\Applications of Artificial Intelligence in Cyber Security\Assessment\project\data\large_mixed\minutes2\minutes2.wav,minutes2,271,1355.0,5.0,1
C:\Users\Chris Boddy\OneDrive\Documents\Cyber Security and Digital Forensics MSc\Applications of Artificial Intelligence in Cyber Security\Assessment\project\data\large_mixed\minutes2\minutes2.wav,minutes2,272,1360.0,5.0,2
C:\Users\Chris Boddy\OneDrive\Documents\Cyber Security and Digital Forensics MSc\Applications of Artificial Intelligence in Cyber Security\Assessment\project\data\large_mixed\minutes2\minutes2.wav,minutes2,273,1365.0,5.0,0
C:\Users\Chris Boddy\OneDrive\Documents\Cyber Security and Digital Forensics MSc\Applications of Artificial Intelligence in Cyber Security\Assessment\project\data\large_mixed\minutes2\minutes2.wav,minutes2,274,1370.0,5.0,0
C:\Users\Chris Boddy\OneDrive\Documents\Cyber Security and Digital Forensics MSc\Applications of Artificial Intelligence in Cyber Security\Assessment\project\data\large_mixed\minutes2\minutes2.wav,minutes2,275,1375.0,5.0,1
C:\Users\Chris Boddy\OneDrive\Documents\Cyber Security and Digital Forensics MSc\Applications of Artificial Intelligence in Cyber Security\Assessment\project\data\large_mixed\minutes2\minutes2.wav,minutes2,276,1380.0,5.0,0
C:\Users\Chris Boddy\OneDrive\Documents\Cyber Security and Digital Forensics MSc\Applications of Artificial Intelligence in Cyber Security\Assessment\project\data\large_mixed\minutes2\minutes2.wav,minutes2,277,1385.0,5.0,2
C:\Users\Chris Boddy\OneDrive\Documents\Cyber Security and Digital Forensics MSc\Applications of Artificial Intelligence in Cyber Security\Assessment\project\data\large_mixed\minutes2\minutes2.wav,minutes2,278,1390.0,5.0,0
C:\Users\Chris Boddy\OneDrive\Documents\Cyber Security and Digital Forensics MSc\Applications of Artificial Intelligence in Cyber Security\Assessment\project\data\large_mixed\minutes2\minutes2.wav,minutes2,279,1395.0,5.0,2
C:\Users\Chris Boddy\OneDrive\Documents\Cyber Security and Digital Forensics MSc\Applications of Artificial Intelligence in Cyber Security\Assessment\project\data\large_mixed\minutes2\minutes2.wav,minutes2,280,1400.0,5.0,2
C:\Users\Chris Boddy\OneDrive\Documents\Cyber Security and Digital Forensics MSc\Applications of Artificial Intelligence in Cyber Security\Assessment\project\data\large_mixed\minutes2\minutes2.wav,minutes2,281,1405.0,5.0,2
C:\Users\Chris Boddy\OneDrive\Documents\Cyber Security and Digital Forensics MSc\Applications of Artificial Intelligence in Cyber Security\Assessment\project\data\large_mixed\minutes2\minutes2.wav,minutes2,282,1410.0,5.0,1
C:\Users\Chris Boddy\OneDrive\Documents\Cyber Security and Digital Forensics MSc\Applications of Artificial Intelligence in Cyber Security\Assessment\project\data\large_mixed\minutes2\minutes2.wav,minutes2,283,1415.0,5.0,1
C:\Users\Chris Boddy\OneDrive\Documents\Cyber Security and Digital Forensics MSc\Applications of Artificial Intelligence in Cyber Security\Assessment\project\data\large_mixed\minutes2\minutes2.wav,minutes2,284,1420.0,5.0,2
C:\Users\Chris Boddy\OneDrive\Documents\Cyber Security and Digital Forensics MSc\Applications of Artificial Intelligence in Cyber Security\Assessment\project\data\large_mixed\minutes2\minutes2.wav,minutes2,285,1425.0,5.0,0
C:\Users\Chris Boddy\OneDrive\Documents\Cyber Security and Digital Forensics MSc\Applications of Artificial Intelligence in Cyber Security\Assessment\project\data\large_mixed\minutes2\minutes2.wav,minutes2,286,1430.0,5.0,2
C:\Users\Chris Boddy\OneDrive\Documents\Cyber Security and Digital Forensics MSc\Applications of Artificial Intelligence in Cyber Security\Assessment\project\data\large_mixed\minutes2\minutes2.wav,minutes2,287,1435.0,5.0,1
C:\Users\Chris Boddy\OneDrive\Documents\Cyber Security and Digital Forensics MSc\Applications of Artificial Intelligence in Cyber Security\Assessment\project\data\large_mixed\minutes2\minutes2.wav,minutes2,288,1440.0,5.0,2
C:\Users\Chris Boddy\OneDrive\Documents\Cyber Security and Digital Forensics MSc\Applications of Artificial Intelligence in Cyber Security\Assessment\project\data\large_mixed\minutes2\minutes2.wav,minutes2,289,1445.0,5.0,1
C:\Users\Chris Boddy\OneDrive\Documents\Cyber Security and Digital Forensics MSc\Applications of Artificial Intelligence in Cyber Security\Assessment\project\data\large_mixed\minutes2\minutes2.wav,minutes2,290,1450.0,5.0,0
C:\Users\Chris Boddy\OneDrive\Documents\Cyber Security and Digital Forensics MSc\Applications of Artificial Intelligence in Cyber Security\Assessment\project\data\large_mixed\minutes2\minutes2.wav,minutes2,291,1455.0,5.0,1
C:\Users\Chris Boddy\OneDrive\Documents\Cyber Security and Digital Forensics MSc\Applications of Artificial Intelligence in Cyber Security\Assessment\project\data\large_mixed\minutes2\minutes2.wav,minutes2,292,1460.0,5.0,2
C:\Users\Chris Boddy\OneDrive\Documents\Cyber Security and Digital Forensics MSc\Applications of Artificial Intelligence in Cyber Security\Assessment\project\data\large_mixed\minutes2\minutes2.wav,minutes2,293,1465.0,5.0,1
C:\Users\Chris Boddy\OneDrive\Documents\Cyber Security and Digital Forensics MSc\Applications of Artificial Intelligence in Cyber Security\Assessment\project\data\large_mixed\minutes2\minutes2.wav,minutes2,294,1470.0,5.0,2
C:\Users\Chris Boddy\OneDrive\Documents\Cyber Security and Digital Forensics MSc\Applications of Artificial Intelligence in Cyber Security\Assessment\project\data\large_mixed\minutes2\minutes2.wav,minutes2,295,1475.0,5.0,1
C:\Users\Chris Boddy\OneDrive\Documents\Cyber Security and Digital Forensics MSc\Applications of Artificial Intelligence in Cyber Security\Assessment\project\data\large_mixed\minutes2\minutes2.wav,minutes2,296,1480.0,5.0,0
C:\Users\Chris Boddy\OneDrive\Documents\Cyber Security and Digital Forensics MSc\Applications of Artificial Intelligence in Cyber Security\Assessment\project\data\large_mixed\minutes2\minutes2.wav,minutes2,297,1485.0,5.0,1
C:\Users\Chris Boddy\OneDrive\Documents\Cyber Security and Digital Forensics MSc\Applications of Artificial Intelligence in Cyber Security\Assessment\project\data\large_mixed\minutes2\minutes2.wav,minutes2,298,1490.0,5.0,0
C:\Users\Chris Boddy\OneDrive\Documents\Cyber Security and Digital Forensics MSc\Applications of Artificial Intelligence in Cyber Security\Assessment\project\data\large_mixed\minutes2\minutes2.wav,minutes2,299,1495.0,5.0,0
C:\Users\Chris Boddy\OneDrive\Documents\Cyber Security and Digital Forensics MSc\Applications of Artificial Intelligence in Cyber Security\Assessment\project\data\large_mixed\minutes2\minutes2.wav,minutes2,300,1500.0,5.0,2
C:\Users\Chris Boddy\OneDrive\Documents\Cyber Security and Digital Forensics MSc\Applications of Artificial Intelligence in Cyber Security\Assessment\project\data\large_mixed\minutes2\minutes2.wav,minutes2,301,1505.0,5.0,2
C:\Users\Chris Boddy\OneDrive\Documents\Cyber Security and Digital Forensics MSc\Applications of Artificial Intelligence in Cyber Security\Assessment\project\data\large_mixed\minutes2\minutes2.wav,minutes2,302,1510.0,5.0,0
C:\Users\Chris Boddy\OneDrive\Documents\Cyber Security and Digital Forensics MSc\Applications of Artificial Intelligence in Cyber Security\Assessment\project\data\large_mixed\minutes2\minutes2.wav,minutes2,303,1515.0,5.0,1
C:\Users\Chris Boddy\OneDrive\Documents\Cyber Security and Digital Forensics MSc\Applications of Artificial Intelligence in Cyber Security\Assessment\project\data\large_mixed\minutes2\minutes2.wav,minutes2,304,1520.0,5.0,2
C:\Users\Chris Boddy\OneDrive\Documents\Cyber Security and Digital Forensics MSc\Applications of Artificial Intelligence in Cyber Security\Assessment\project\data\large_mixed\minutes2\minutes2.wav,minutes2,305,1525.0,5.0,1
C:\Users\Chris Boddy\OneDrive\Documents\Cyber Security and Digital Forensics MSc\Applications of Artificial Intelligence in Cyber Security\Assessment\project\data\large_mixed\minutes2\minutes2.wav,minutes2,306,1530.0,5.0,2
C:\Users\Chris Boddy\OneDrive\Documents\Cyber Security and Digital Forensics MSc\Applications of Artificial Intelligence in Cyber Security\Assessment\project\data\large_mixed\minutes2\minutes2.wav,minutes2,307,1535.0,5.0,1
C:\Users\Chris Boddy\OneDrive\Documents\Cyber Security and Digital Forensics MSc\Applications of Artificial Intelligence in Cyber Security\Assessment\project\data\large_mixed\minutes2\minutes2.wav,minutes2,308,1540.0,5.0,2
C:\Users\Chris Boddy\OneDrive\Documents\Cyber Security and Digital Forensics MSc\Applications of Artificial Intelligence in Cyber Security\Assessment\project\data\large_mixed\minutes2\minutes2.wav,minutes2,309,1545.0,5.0,0
C:\Users\Chris Boddy\OneDrive\Documents\Cyber Security and Digital Forensics MSc\Applications of Artificial Intelligence in Cyber Security\Assessment\project\data\large_mixed\minutes2\minutes2.wav,minutes2,310,1550.0,5.0,2
C:\Users\Chris Boddy\OneDrive\Documents\Cyber Security and Digital Forensics MSc\Applications of Artificial Intelligence in Cyber Security\Assessment\project\data\large_mixed\minutes2\minutes2.wav,minutes2,311,1555.0,5.0,2
C:\Users\Chris Boddy\OneDrive\Documents\Cyber Security and Digital Forensics MSc\Applications of Artificial Intelligence in Cyber Security\Assessment\project\data\large_mixed\minutes2\minutes2.wav,minutes2,312,1560.0,5.0,1
C:\Users\Chris Boddy\OneDrive\Documents\Cyber Security and Digital Forensics MSc\Applications of Artificial Intelligence in Cyber Security\Assessment\project\data\large_mixed\minutes2\minutes2.wav,minutes2,313,1565.0,5.0,0
C:\Users\Chris Boddy\OneDrive\Documents\Cyber Security and Digital Forensics MSc\Applications of Artificial Intelligence in Cyber Security\Assessment\project\data\large_mixed\minutes2\minutes2.wav,minutes2,314,1570.0,5.0,0
C:\Users\Chris Boddy\OneDrive\Documents\Cyber Security and Digital Forensics MSc\Applications of Artificial Intelligence in Cyber Security\Assessment\project\data\large_mixed\minutes2\minutes2.wav,minutes2,315,1575.0,5.0,1
C:\Users\Chris Boddy\OneDrive\Documents\Cyber Security and Digital Forensics MSc\Applications of Artificial Intelligence in Cyber Security\Assessment\project\data\large_mixed\minutes2\minutes2.wav,minutes2,316,1580.0,5.0,2
C:\Users\Chris Boddy\OneDrive\Documents\Cyber Security and Digital Forensics MSc\Applications of Artificial Intelligence in Cyber Security\Assessment\project\data\large_mixed\minutes2\minutes2.wav,minutes2,317,1585.0,5.0,2
C:\Users\Chris Boddy\OneDrive\Documents\Cyber Security and Digital Forensics MSc\Applications of Artificial Intelligence in Cyber Security\Assessment\project\data\large_mixed\minutes2\minutes2.wav,minutes2,318,1590.0,5.0,0
C:\Users\Chris Boddy\OneDrive\Documents\Cyber Security and Digital Forensics MSc\Applications of Artificial Intelligence in Cyber Security\Assessment\project\data\large_mixed\minutes2\minutes2.wav,minutes2,319,1595.0,5.0,0
C:\Users\Chris Boddy\OneDrive\Documents\Cyber Security and Digital Forensics MSc\Applications of Artificial Intelligence in Cyber Security\Assessment\project\data\large_mixed\minutes2\minutes2.wav,minutes2,320,1600.0,5.0,2
C:\Users\Chris Boddy\OneDrive\Documents\Cyber Security and Digital Forensics MSc\Applications of Artificial Intelligence in Cyber Security\Assessment\project\data\large_mixed\minutes2\minutes2.wav,minutes2,321,1605.0,5.0,0
C:\Users\Chris Boddy\OneDrive\Documents\Cyber Security and Digital Forensics MSc\Applications of Artificial Intelligence in Cyber Security\Assessment\project\data\large_mixed\minutes2\minutes2.wav,minutes2,322,1610.0,5.0,1
C:\Users\Chris Boddy\OneDrive\Documents\Cyber Security and Digital Forensics MSc\Applications of Artificial Intelligence in Cyber Security\Assessment\project\data\large_mixed\minutes2\minutes2.wav,minutes2,323,1615.0,5.0,1
C:\Users\Chris Boddy\OneDrive\Documents\Cyber Security and Digital Forensics MSc\Applications of Artificial Intelligence in Cyber Security\Assessment\project\data\large_mixed\minutes2\minutes2.wav,minutes2,324,1620.0,5.0,2
C:\Users\Chris Boddy\OneDrive\Documents\Cyber Security and Digital Forensics MSc\Applications of Artificial Intelligence in Cyber Security\Assessment\project\data\large_mixed\minutes2\minutes2.wav,minutes2,325,1625.0,5.0,0
C:\Users\Chris Boddy\OneDrive\Documents\Cyber Security and Digital Forensics MSc\Applications of Artificial Intelligence in Cyber Security\Assessment\project\data\large_mixed\minutes2\minutes2.wav,minutes2,326,1630.0,5.0,2
C:\Users\Chris Boddy\OneDrive\Documents\Cyber Security and Digital Forensics MSc\Applications of Artificial Intelligence in Cyber Security\Assessment\project\data\large_mixed\minutes2\minutes2.wav,minutes2,327,1635.0,5.0,2
C:\Users\Chris Boddy\OneDrive\Documents\Cyber Security and Digital Forensics MSc\Applications of Artificial Intelligence in Cyber Security\Assessment\project\data\large_mixed\minutes2\minutes2.wav,minutes2,328,1640.0,5.0,0
C:\Users\Chris Boddy\OneDrive\Documents\Cyber Security and Digital Forensics MSc\Applications of Artificial Intelligence in Cyber Security\Assessment\project\data\large_mixed\minutes2\minutes2.wav,minutes2,329,1645.0,5.0,2
C:\Users\Chris Boddy\OneDrive\Documents\Cyber Security and Digital Forensics MSc\Applications of Artificial Intelligence in Cyber Security\Assessment\project\data\large_mixed\minutes2\minutes2.wav,minutes2,330,1650.0,5.0,1
C:\Users\Chris Boddy\OneDrive\Documents\Cyber Security and Digital Forensics MSc\Applications of Artificial Intelligence in Cyber Security\Assessment\project\data\large_mixed\minutes2\minutes2.wav,minutes2,331,1655.0,5.0,1
C:\Users\Chris Boddy\OneDrive\Documents\Cyber Security and Digital Forensics MSc\Applications of Artificial Intelligence in Cyber Security\Assessment\project\data\large_mixed\minutes2\minutes2.wav,minutes2,332,1660.0,5.0,0
C:\Users\Chris Boddy\OneDrive\Documents\Cyber Security and Digital Forensics MSc\Applications of Artificial Intelligence in Cyber Security\Assessment\project\data\large_mixed\minutes2\minutes2.wav,minutes2,333,1665.0,5.0,1
C:\Users\Chris Boddy\OneDrive\Documents\Cyber Security and Digital Forensics MSc\Applications of Artificial Intelligence in Cyber Security\Assessment\project\data\large_mixed\minutes2\minutes2.wav,minutes2,334,1670.0,5.0,0
C:\Users\Chris Boddy\OneDrive\Documents\Cyber Security and Digital Forensics MSc\Applications of Artificial Intelligence in Cyber Security\Assessment\project\data\large_mixed\minutes2\minutes2.wav,minutes2,335,1675.0,5.0,2
C:\Users\Chris Boddy\OneDrive\Documents\Cyber Security and Digital Forensics MSc\Applications of Artificial Intelligence in Cyber Security\Assessment\project\data\large_mixed\minutes2\minutes2.wav,minutes2,336,1680.0,5.0,0
C:\Users\Chris Boddy\OneDrive\Documents\Cyber Security and Digital Forensics MSc\Applications of Artificial Intelligence in Cyber Security\Assessment\project\data\large_mixed\minutes2\minutes2.wav,minutes2,337,1685.0,5.0,2
C:\Users\Chris Boddy\OneDrive\Documents\Cyber Security and Digital Forensics MSc\Applications of Artificial Intelligence in Cyber Security\Assessment\project\data\large_mixed\minutes2\minutes2.wav,minutes2,338,1690.0,5.0,1
C:\Users\Chris Boddy\OneDrive\Documents\Cyber Security and Digital Forensics MSc\Applications of Artificial Intelligence in Cyber Security\Assessment\project\data\large_mixed\minutes2\minutes2.wav,minutes2,339,1695.0,5.0,2
C:\Users\Chris Boddy\OneDrive\Documents\Cyber Security and Digital Forensics MSc\Applications of Artificial Intelligence in Cyber Security\Assessment\project\data\large_mixed\minutes2\minutes2.wav,minutes2,340,1700.0,5.0,0
C:\Users\Chris Boddy\OneDrive\Documents\Cyber Security and Digital Forensics MSc\Applications of Artificial Intelligence in Cyber Security\Assessment\project\data\large_mixed\minutes2\minutes2.wav,minutes2,341,1705.0,5.0,0
C:\Users\Chris Boddy\OneDrive\Documents\Cyber Security and Digital Forensics MSc\Applications of Artificial Intelligence in Cyber Security\Assessment\project\data\large_mixed\minutes2\minutes2.wav,minutes2,342,1710.0,5.0,2
C:\Users\Chris Boddy\OneDrive\Documents\Cyber Security and Digital Forensics MSc\Applications of Artificial Intelligence in Cyber Security\Assessment\project\data\large_mixed\minutes2\minutes2.wav,minutes2,343,1715.0,5.0,1
C:\Users\Chris Boddy\OneDrive\Documents\Cyber Security and Digital Forensics MSc\Applications of Artificial Intelligence in Cyber Security\Assessment\project\data\large_mixed\minutes2\minutes2.wav,minutes2,344,1720.0,5.0,0
C:\Users\Chris Boddy\OneDrive\Documents\Cyber Security and Digital Forensics MSc\Applications of Artificial Intelligence in Cyber Security\Assessment\project\data\large_mixed\minutes2\minutes2.wav,minutes2,345,1725.0,5.0,2
C:\Users\Chris Boddy\OneDrive\Documents\Cyber Security and Digital Forensics MSc\Applications of Artificial Intelligence in Cyber Security\Assessment\project\data\large_mixed\minutes2\minutes2.wav,minutes2,346,1730.0,5.0,0
C:\Users\Chris Boddy\OneDrive\Documents\Cyber Security and Digital Forensics MSc\Applications of Artificial Intelligence in Cyber Security\Assessment\project\data\large_mixed\minutes2\minutes2.wav,minutes2,347,1735.0,5.0,0
C:\Users\Chris Boddy\OneDrive\Documents\Cyber Security and Digital Forensics MSc\Applications of Artificial Intelligence in Cyber Security\Assessment\project\data\large_mixed\minutes2\minutes2.wav,minutes2,348,1740.0,5.0,2
C:\Users\Chris Boddy\OneDrive\Documents\Cyber Security and Digital Forensics MSc\Applications of Artificial Intelligence in Cyber Security\Assessment\project\data\large_mixed\minutes2\minutes2.wav,minutes2,349,1745.0,5.0,1
C:\Users\Chris Boddy\OneDrive\Documents\Cyber Security and Digital Forensics MSc\Applications of Artificial Intelligence in Cyber Security\Assessment\project\data\large_mixed\minutes2\minutes2.wav,minutes2,350,1750.0,5.0,2
C:\Users\Chris Boddy\OneDrive\Documents\Cyber Security and Digital Forensics MSc\Applications of Artificial Intelligence in Cyber Security\Assessment\project\data\large_mixed\minutes2\minutes2.wav,minutes2,351,1755.0,5.0,0
C:\Users\Chris Boddy\OneDrive\Documents\Cyber Security and Digital Forensics MSc\Applications of Artificial Intelligence in Cyber Security\Assessment\project\data\large_mixed\minutes2\minutes2.wav,minutes2,352,1760.0,5.0,2
C:\Users\Chris Boddy\OneDrive\Documents\Cyber Security and Digital Forensics MSc\Applications of Artificial Intelligence in Cyber Security\Assessment\project\data\large_mixed\minutes2\minutes2.wav,minutes2,353,1765.0,5.0,1
C:\Users\Chris Boddy\OneDrive\Documents\Cyber Security and Digital Forensics MSc\Applications of Artificial Intelligence in Cyber Security\Assessment\project\data\large_mixed\minutes2\minutes2.wav,minutes2,354,1770.0,5.0,1
C:\Users\Chris Boddy\OneDrive\Documents\Cyber Security and Digital Forensics MSc\Applications of Artificial Intelligence in Cyber Security\Assessment\project\data\large_mixed\minutes2\minutes2.wav,minutes2,355,1775.0,5.0,0
C:\Users\Chris Boddy\OneDrive\Documents\Cyber Security and Digital Forensics MSc\Applications of Artificial Intelligence in Cyber Security\Assessment\project\data\large_mixed\minutes2\minutes2.wav,minutes2,356,1780.0,5.0,1
C:\Users\Chris Boddy\OneDrive\Documents\Cyber Security and Digital Forensics MSc\Applications of Artificial Intelligence in Cyber Security\Assessment\project\data\large_mixed\minutes2\minutes2.wav,minutes2,357,1785.0,5.0,2
C:\Users\Chris Boddy\OneDrive\Documents\Cyber Security and Digital Forensics MSc\Applications of Artificial Intelligence in Cyber Security\Assessment\project\data\large_mixed\minutes2\minutes2.wav,minutes2,358,1790.0,5.0,1
C:\Users\Chris Boddy\OneDrive\Documents\Cyber Security and Digital Forensics MSc\Applications of Artificial Intelligence in Cyber Security\Assessment\project\data\large_mixed\minutes2\minutes2.wav,minutes2,359,1795.0,5.0,0
C:\Users\Chris Boddy\OneDrive\Documents\Cyber Security and Digital Forensics MSc\Applications of Artificial Intelligence in Cyber Security\Assessment\project\data\large_mixed\minutes2\minutes2.wav,minutes2,360,1800.0,5.0,1
C:\Users\Chris Boddy\OneDrive\Documents\Cyber Security and Digital Forensics MSc\Applications of Artificial Intelligence in Cyber Security\Assessment\project\data\large_mixed\minutes2\minutes2.wav,minutes2,361,1805.0,5.0,1
C:\Users\Chris Boddy\OneDrive\Documents\Cyber Security and Digital Forensics MSc\Applications of Artificial Intelligence in Cyber Security\Assessment\project\data\large_mixed\minutes2\minutes2.wav,minutes2,362,1810.0,5.0,2
C:\Users\Chris Boddy\OneDrive\Documents\Cyber Security and Digital Forensics MSc\Applications of Artificial Intelligence in Cyber Security\Assessment\project\data\large_mixed\minutes2\minutes2.wav,minutes2,363,1815.0,5.0,1
C:\Users\Chris Boddy\OneDrive\Documents\Cyber Security and Digital Forensics MSc\Applications of Artificial Intelligence in Cyber Security\Assessment\project\data\large_mixed\minutes2\minutes2.wav,minutes2,364,1820.0,5.0,2
C:\Users\Chris Boddy\OneDrive\Documents\Cyber Security and Digital Forensics MSc\Applications of Artificial Intelligence in Cyber Security\Assessment\project\data\large_mixed\minutes2\minutes2.wav,minutes2,365,1825.0,5.0,2
C:\Users\Chris Boddy\OneDrive\Documents\Cyber Security and Digital Forensics MSc\Applications of Artificial Intelligence in Cyber Security\Assessment\project\data\large_mixed\minutes2\minutes2.wav,minutes2,366,1830.0,5.0,2
C:\Users\Chris Boddy\OneDrive\Documents\Cyber Security and Digital Forensics MSc\Applications of Artificial Intelligence in Cyber Security\Assessment\project\data\large_mixed\minutes2\minutes2.wav,minutes2,367,1835.0,5.0,1
C:\Users\Chris Boddy\OneDrive\Documents\Cyber Security and Digital Forensics MSc\Applications of Artificial Intelligence in Cyber Security\Assessment\project\data\large_mixed\minutes2\minutes2.wav,minutes2,368,1840.0,5.0,2
C:\Users\Chris Boddy\OneDrive\Documents\Cyber Security and Digital Forensics MSc\Applications of Artificial Intelligence in Cyber Security\Assessment\project\data\large_mixed\minutes2\minutes2.wav,minutes2,369,1845.0,5.0,1
C:\Users\Chris Boddy\OneDrive\Documents\Cyber Security and Digital Forensics MSc\Applications of Artificial Intelligence in Cyber Security\Assessment\project\data\large_mixed\minutes2\minutes2.wav,minutes2,370,1850.0,5.0,2
C:\Users\Chris Boddy\OneDrive\Documents\Cyber Security and Digital Forensics MSc\Applications of Artificial Intelligence in Cyber Security\Assessment\project\data\large_mixed\minutes2\minutes2.wav,minutes2,371,1855.0,5.0,0
C:\Users\Chris Boddy\OneDrive\Documents\Cyber Security and Digital Forensics MSc\Applications of Artificial Intelligence in Cyber Security\Assessment\project\data\large_mixed\minutes2\minutes2.wav,minutes2,372,1860.0,5.0,1
C:\Users\Chris Boddy\OneDrive\Documents\Cyber Security and Digital Forensics MSc\Applications of Artificial Intelligence in Cyber Security\Assessment\project\data\large_mixed\minutes2\minutes2.wav,minutes2,373,1865.0,5.0,0
C:\Users\Chris Boddy\OneDrive\Documents\Cyber Security and Digital Forensics MSc\Applications of Artificial Intelligence in Cyber Security\Assessment\project\data\large_mixed\minutes2\minutes2.wav,minutes2,374,1870.0,5.0,2
C:\Users\Chris Boddy\OneDrive\Documents\Cyber Security and Digital Forensics MSc\Applications of Artificial Intelligence in Cyber Security\Assessment\project\data\large_mixed\minutes2\minutes2.wav,minutes2,375,1875.0,5.0,0
C:\Users\Chris Boddy\OneDrive\Documents\Cyber Security and Digital Forensics MSc\Applications of Artificial Intelligence in Cyber Security\Assessment\project\data\large_mixed\minutes2\minutes2.wav,minutes2,376,1880.0,5.0,2
C:\Users\Chris Boddy\OneDrive\Documents\Cyber Security and Digital Forensics MSc\Applications of Artificial Intelligence in Cyber Security\Assessment\project\data\large_mixed\minutes2\minutes2.wav,minutes2,377,1885.0,5.0,1
C:\Users\Chris Boddy\OneDrive\Documents\Cyber Security and Digital Forensics MSc\Applications of Artificial Intelligence in Cyber Security\Assessment\project\data\large_mixed\minutes2\minutes2.wav,minutes2,378,1890.0,5.0,1
C:\Users\Chris Boddy\OneDrive\Documents\Cyber Security and Digital Forensics MSc\Applications of Artificial Intelligence in Cyber Security\Assessment\project\data\large_mixed\minutes2\minutes2.wav,minutes2,379,1895.0,5.0,2
C:\Users\Chris Boddy\OneDrive\Documents\Cyber Security and Digital Forensics MSc\Applications of Artificial Intelligence in Cyber Security\Assessment\project\data\large_mixed\minutes2\minutes2.wav,minutes2,380,1900.0,5.0,1
C:\Users\Chris Boddy\OneDrive\Documents\Cyber Security and Digital Forensics MSc\Applications of Artificial Intelligence in Cyber Security\Assessment\project\data\large_mixed\minutes2\minutes2.wav,minutes2,381,1905.0,5.0,0
C:\Users\Chris Boddy\OneDrive\Documents\Cyber Security and Digital Forensics MSc\Applications of Artificial Intelligence in Cyber Security\Assessment\project\data\large_mixed\minutes2\minutes2.wav,minutes2,382,1910.0,5.0,0
C:\Users\Chris Boddy\OneDrive\Documents\Cyber Security and Digital Forensics MSc\Applications of Artificial Intelligence in Cyber Security\Assessment\project\data\large_mixed\minutes2\minutes2.wav,minutes2,383,1915.0,5.0,2
C:\Users\Chris Boddy\OneDrive\Documents\Cyber Security and Digital Forensics MSc\Applications of Artificial Intelligence in Cyber Security\Assessment\project\data\large_mixed\minutes2\minutes2.wav,minutes2,384,1920.0,5.0,1
C:\Users\Chris Boddy\OneDrive\Documents\Cyber Security and Digital Forensics MSc\Applications of Artificial Intelligence in Cyber Security\Assessment\project\data\large_mixed\minutes2\minutes2.wav,minutes2,385,1925.0,5.0,2
C:\Users\Chris Boddy\OneDrive\Documents\Cyber Security and Digital Forensics MSc\Applications of Artificial Intelligence in Cyber Security\Assessment\project\data\large_mixed\minutes2\minutes2.wav,minutes2,386,1930.0,5.0,0
C:\Users\Chris Boddy\OneDrive\Documents\Cyber Security and Digital Forensics MSc\Applications of Artificial Intelligence in Cyber Security\Assessment\project\data\large_mixed\minutes2\minutes2.wav,minutes2,387,1935.0,5.0,0
C:\Users\Chris Boddy\OneDrive\Documents\Cyber Security and Digital Forensics MSc\Applications of Artificial Intelligence in Cyber Security\Assessment\project\data\large_mixed\minutes2\minutes2.wav,minutes2,388,1940.0,5.0,2
C:\Users\Chris Boddy\OneDrive\Documents\Cyber Security and Digital Forensics MSc\Applications of Artificial Intelligence in Cyber Security\Assessment\project\data\large_mixed\minutes2\minutes2.wav,minutes2,389,1945.0,5.0,1
C:\Users\Chris Boddy\OneDrive\Documents\Cyber Security and Digital Forensics MSc\Applications of Artificial Intelligence in Cyber Security\Assessment\project\data\large_mixed\minutes2\minutes2.wav,minutes2,390,1950.0,5.0,1
C:\Users\Chris Boddy\OneDrive\Documents\Cyber Security and Digital Forensics MSc\Applications of Artificial Intelligence in Cyber Security\Assessment\project\data\large_mixed\minutes2\minutes2.wav,minutes2,391,1955.0,5.0,2
C:\Users\Chris Boddy\OneDrive\Documents\Cyber Security and Digital Forensics MSc\Applications of Artificial Intelligence in Cyber Security\Assessment\project\data\large_mixed\minutes2\minutes2.wav,minutes2,392,1960.0,5.0,0
C:\Users\Chris Boddy\OneDrive\Documents\Cyber Security and Digital Forensics MSc\Applications of Artificial Intelligence in Cyber Security\Assessment\project\data\large_mixed\minutes2\minutes2.wav,minutes2,393,1965.0,5.0,2
C:\Users\Chris Boddy\OneDrive\Documents\Cyber Security and Digital Forensics MSc\Applications of Artificial Intelligence in Cyber Security\Assessment\project\data\large_mixed\minutes2\minutes2.wav,minutes2,394,1970.0,5.0,0
C:\Users\Chris Boddy\OneDrive\Documents\Cyber Security and Digital Forensics MSc\Applications of Artificial Intelligence in Cyber Security\Assessment\project\data\large_mixed\minutes2\minutes2.wav,minutes2,395,1975.0,5.0,2
C:\Users\Chris Boddy\OneDrive\Documents\Cyber Security and Digital Forensics MSc\Applications of Artificial Intelligence in Cyber Security\Assessment\project\data\large_mixed\minutes2\minutes2.wav,minutes2,396,1980.0,5.0,2
C:\Users\Chris Boddy\OneDrive\Documents\Cyber Security and Digital Forensics MSc\Applications of Artificial Intelligence in Cyber Security\Assessment\project\data\large_mixed\minutes2\minutes2.wav,minutes2,397,1985.0,5.0,1
C:\Users\Chris Boddy\OneDrive\Documents\Cyber Security and Digital Forensics MSc\Applications of Artificial Intelligence in Cyber Security\Assessment\project\data\large_mixed\minutes2\minutes2.wav,minutes2,398,1990.0,5.0,2
C:\Users\Chris Boddy\OneDrive\Documents\Cyber Security and Digital Forensics MSc\Applications of Artificial Intelligence in Cyber Security\Assessment\project\data\large_mixed\minutes2\minutes2.wav,minutes2,399,1995.0,5.0,1
C:\Users\Chris Boddy\OneDrive\Documents\Cyber Security and Digital Forensics MSc\Applications of Artificial Intelligence in Cyber Security\Assessment\project\data\large_mixed\minutes2\minutes2.wav,minutes2,400,2000.0,5.0,1
C:\Users\Chris Boddy\OneDrive\Documents\Cyber Security and Digital Forensics MSc\Applications of Artificial Intelligence in Cyber Security\Assessment\project\data\large_mixed\minutes2\minutes2.wav,minutes2,401,2005.0,5.0,2
C:\Users\Chris Boddy\OneDrive\Documents\Cyber Security and Digital Forensics MSc\Applications of Artificial Intelligence in Cyber Security\Assessment\project\data\large_mixed\minutes2\minutes2.wav,minutes2,402,2010.0,5.0,2
C:\Users\Chris Boddy\OneDrive\Documents\Cyber Security and Digital Forensics MSc\Applications of Artificial Intelligence in Cyber Security\Assessment\project\data\large_mixed\minutes2\minutes2.wav,minutes2,403,2015.0,5.0,1
C:\Users\Chris Boddy\OneDrive\Documents\Cyber Security and Digital Forensics MSc\Applications of Artificial Intelligence in Cyber Security\Assessment\project\data\large_mixed\minutes2\minutes2.wav,minutes2,404,2020.0,5.0,2
C:\Users\Chris Boddy\OneDrive\Documents\Cyber Security and Digital Forensics MSc\Applications of Artificial Intelligence in Cyber Security\Assessment\project\data\large_mixed\minutes2\minutes2.wav,minutes2,405,2025.0,5.0,1
C:\Users\Chris Boddy\OneDrive\Documents\Cyber Security and Digital Forensics MSc\Applications of Artificial Intelligence in Cyber Security\Assessment\project\data\large_mixed\minutes2\minutes2.wav,minutes2,406,2030.0,5.0,2
C:\Users\Chris Boddy\OneDrive\Documents\Cyber Security and Digital Forensics MSc\Applications of Artificial Intelligence in Cyber Security\Assessment\project\data\large_mixed\minutes2\minutes2.wav,minutes2,407,2035.0,5.0,0
C:\Users\Chris Boddy\OneDrive\Documents\Cyber Security and Digital Forensics MSc\Applications of Artificial Intelligence in Cyber Security\Assessment\project\data\large_mixed\minutes2\minutes2.wav,minutes2,408,2040.0,5.0,1
C:\Users\Chris Boddy\OneDrive\Documents\Cyber Security and Digital Forensics MSc\Applications of Artificial Intelligence in Cyber Security\Assessment\project\data\large_mixed\minutes2\minutes2.wav,minutes2,409,2045.0,5.0,2
C:\Users\Chris Boddy\OneDrive\Documents\Cyber Security and Digital Forensics MSc\Applications of Artificial Intelligence in Cyber Security\Assessment\project\data\large_mixed\minutes2\minutes2.wav,minutes2,410,2050.0,5.0,1
C:\Users\Chris Boddy\OneDrive\Documents\Cyber Security and Digital Forensics MSc\Applications of Artificial Intelligence in Cyber Security\Assessment\project\data\large_mixed\minutes2\minutes2.wav,minutes2,411,2055.0,5.0,2
C:\Users\Chris Boddy\OneDrive\Documents\Cyber Security and Digital Forensics MSc\Applications of Artificial Intelligence in Cyber Security\Assessment\project\data\large_mixed\minutes2\minutes2.wav,minutes2,412,2060.0,5.0,2
C:\Users\Chris Boddy\OneDrive\Documents\Cyber Security and Digital Forensics MSc\Applications of Artificial Intelligence in Cyber Security\Assessment\project\data\large_mixed\minutes2\minutes2.wav,minutes2,413,2065.0,5.0,2
C:\Users\Chris Boddy\OneDrive\Documents\Cyber Security and Digital Forensics MSc\Applications of Artificial Intelligence in Cyber Security\Assessment\project\data\large_mixed\minutes2\minutes2.wav,minutes2,414,2070.0,5.0,1
C:\Users\Chris Boddy\OneDrive\Documents\Cyber Security and Digital Forensics MSc\Applications of Artificial Intelligence in Cyber Security\Assessment\project\data\large_mixed\minutes2\minutes2.wav,minutes2,415,2075.0,5.0,0
C:\Users\Chris Boddy\OneDrive\Documents\Cyber Security and Digital Forensics MSc\Applications of Artificial Intelligence in Cyber Security\Assessment\project\data\large_mixed\minutes2\minutes2.wav,minutes2,416,2080.0,5.0,0
C:\Users\Chris Boddy\OneDrive\Documents\Cyber Security and Digital Forensics MSc\Applications of Artificial Intelligence in Cyber Security\Assessment\project\data\large_mixed\minutes2\minutes2.wav,minutes2,417,2085.0,5.0,0
C:\Users\Chris Boddy\OneDrive\Documents\Cyber Security and Digital Forensics MSc\Applications of Artificial Intelligence in Cyber Security\Assessment\project\data\large_mixed\minutes2\minutes2.wav,minutes2,418,2090.0,5.0,1
C:\Users\Chris Boddy\OneDrive\Documents\Cyber Security and Digital Forensics MSc\Applications of Artificial Intelligence in Cyber Security\Assessment\project\data\large_mixed\minutes2\minutes2.wav,minutes2,419,2095.0,5.0,0
C:\Users\Chris Boddy\OneDrive\Documents\Cyber Security and Digital Forensics MSc\Applications of Artificial Intelligence in Cyber Security\Assessment\project\data\large_mixed\minutes2\minutes2.wav,minutes2,420,2100.0,5.0,1
C:\Users\Chris Boddy\OneDrive\Documents\Cyber Security and Digital Forensics MSc\Applications of Artificial Intelligence in Cyber Security\Assessment\project\data\large_mixed\minutes2\minutes2.wav,minutes2,421,2105.0,5.0,2
C:\Users\Chris Boddy\OneDrive\Documents\Cyber Security and Digital Forensics MSc\Applications of Artificial Intelligence in Cyber Security\Assessment\project\data\large_mixed\minutes2\minutes2.wav,minutes2,422,2110.0,5.0,1
C:\Users\Chris Boddy\OneDrive\Documents\Cyber Security and Digital Forensics MSc\Applications of Artificial Intelligence in Cyber Security\Assessment\project\data\large_mixed\minutes2\minutes2.wav,minutes2,423,2115.0,5.0,0
C:\Users\Chris Boddy\OneDrive\Documents\Cyber Security and Digital Forensics MSc\Applications of Artificial Intelligence in Cyber Security\Assessment\project\data\large_mixed\minutes2\minutes2.wav,minutes2,424,2120.0,5.0,2
C:\Users\Chris Boddy\OneDrive\Documents\Cyber Security and Digital Forensics MSc\Applications of Artificial Intelligence in Cyber Security\Assessment\project\data\large_mixed\minutes2\minutes2.wav,minutes2,425,2125.0,5.0,2
C:\Users\Chris Boddy\OneDrive\Documents\Cyber Security and Digital Forensics MSc\Applications of Artificial Intelligence in Cyber Security\Assessment\project\data\large_mixed\minutes2\minutes2.wav,minutes2,426,2130.0,5.0,0
C:\Users\Chris Boddy\OneDrive\Documents\Cyber Security and Digital Forensics MSc\Applications of Artificial Intelligence in Cyber Security\Assessment\project\data\large_mixed\minutes2\minutes2.wav,minutes2,427,2135.0,5.0,2
C:\Users\Chris Boddy\OneDrive\Documents\Cyber Security and Digital Forensics MSc\Applications of Artificial Intelligence in Cyber Security\Assessment\project\data\large_mixed\minutes2\minutes2.wav,minutes2,428,2140.0,5.0,0
C:\Users\Chris Boddy\OneDrive\Documents\Cyber Security and Digital Forensics MSc\Applications of Artificial Intelligence in Cyber Security\Assessment\project\data\large_mixed\minutes2\minutes2.wav,minutes2,429,2145.0,5.0,2
C:\Users\Chris Boddy\OneDrive\Documents\Cyber Security and Digital Forensics MSc\Applications of Artificial Intelligence in Cyber Security\Assessment\project\data\large_mixed\minutes2\minutes2.wav,minutes2,430,2150.0,5.0,2
C:\Users\Chris Boddy\OneDrive\Documents\Cyber Security and Digital Forensics MSc\Applications of Artificial Intelligence in Cyber Security\Assessment\project\data\large_mixed\minutes2\minutes2.wav,minutes2,431,2155.0,5.0,0
C:\Users\Chris Boddy\OneDrive\Documents\Cyber Security and Digital Forensics MSc\Applications of Artificial Intelligence in Cyber Security\Assessment\project\data\large_mixed\minutes2\minutes2.wav,minutes2,432,2160.0,5.0,0
C:\Users\Chris Boddy\OneDrive\Documents\Cyber Security and Digital Forensics MSc\Applications of Artificial Intelligence in Cyber Security\Assessment\project\data\large_mixed\minutes2\minutes2.wav,minutes2,433,2165.0,5.0,0
C:\Users\Chris Boddy\OneDrive\Documents\Cyber Security and Digital Forensics MSc\Applications of Artificial Intelligence in Cyber Security\Assessment\project\data\large_mixed\minutes2\minutes2.wav,minutes2,434,2170.0,5.0,2
C:\Users\Chris Boddy\OneDrive\Documents\Cyber Security and Digital Forensics MSc\Applications of Artificial Intelligence in Cyber Security\Assessment\project\data\large_mixed\minutes2\minutes2.wav,minutes2,435,2175.0,5.0,0
C:\Users\Chris Boddy\OneDrive\Documents\Cyber Security and Digital Forensics MSc\Applications of Artificial Intelligence in Cyber Security\Assessment\project\data\large_mixed\minutes2\minutes2.wav,minutes2,436,2180.0,5.0,1
C:\Users\Chris Boddy\OneDrive\Documents\Cyber Security and Digital Forensics MSc\Applications of Artificial Intelligence in Cyber Security\Assessment\project\data\large_mixed\minutes2\minutes2.wav,minutes2,437,2185.0,5.0,2
C:\Users\Chris Boddy\OneDrive\Documents\Cyber Security and Digital Forensics MSc\Applications of Artificial Intelligence in Cyber Security\Assessment\project\data\large_mixed\minutes2\minutes2.wav,minutes2,438,2190.0,5.0,1
C:\Users\Chris Boddy\OneDrive\Documents\Cyber Security and Digital Forensics MSc\Applications of Artificial Intelligence in Cyber Security\Assessment\project\data\large_mixed\minutes2\minutes2.wav,minutes2,439,2195.0,5.0,2
C:\Users\Chris Boddy\OneDrive\Documents\Cyber Security and Digital Forensics MSc\Applications of Artificial Intelligence in Cyber Security\Assessment\project\data\large_mixed\minutes2\minutes2.wav,minutes2,440,2200.0,5.0,2
C:\Users\Chris Boddy\OneDrive\Documents\Cyber Security and Digital Forensics MSc\Applications of Artificial Intelligence in Cyber Security\Assessment\project\data\large_mixed\minutes2\minutes2.wav,minutes2,441,2205.0,5.0,0
C:\Users\Chris Boddy\OneDrive\Documents\Cyber Security and Digital Forensics MSc\Applications of Artificial Intelligence in Cyber Security\Assessment\project\data\large_mixed\minutes2\minutes2.wav,minutes2,442,2210.0,5.0,0
C:\Users\Chris Boddy\OneDrive\Documents\Cyber Security and Digital Forensics MSc\Applications of Artificial Intelligence in Cyber Security\Assessment\project\data\large_mixed\minutes2\minutes2.wav,minutes2,443,2215.0,5.0,2
C:\Users\Chris Boddy\OneDrive\Documents\Cyber Security and Digital Forensics MSc\Applications of Artificial Intelligence in Cyber Security\Assessment\project\data\large_mixed\minutes2\minutes2.wav,minutes2,444,2220.0,5.0,1
C:\Users\Chris Boddy\OneDrive\Documents\Cyber Security and Digital Forensics MSc\Applications of Artificial Intelligence in Cyber Security\Assessment\project\data\large_mixed\minutes2\minutes2.wav,minutes2,445,2225.0,5.0,2
C:\Users\Chris Boddy\OneDrive\Documents\Cyber Security and Digital Forensics MSc\Applications of Artificial Intelligence in Cyber Security\Assessment\project\data\large_mixed\minutes2\minutes2.wav,minutes2,446,2230.0,5.0,0
C:\Users\Chris Boddy\OneDrive\Documents\Cyber Security and Digital Forensics MSc\Applications of Artificial Intelligence in Cyber Security\Assessment\project\data\large_mixed\minutes2\minutes2.wav,minutes2,447,2235.0,5.0,2
C:\Users\Chris Boddy\OneDrive\Documents\Cyber Security and Digital Forensics MSc\Applications of Artificial Intelligence in Cyber Security\Assessment\project\data\large_mixed\minutes2\minutes2.wav,minutes2,448,2240.0,5.0,0
C:\Users\Chris Boddy\OneDrive\Documents\Cyber Security and Digital Forensics MSc\Applications of Artificial Intelligence in Cyber Security\Assessment\project\data\large_mixed\minutes2\minutes2.wav,minutes2,449,2245.0,5.0,2
C:\Users\Chris Boddy\OneDrive\Documents\Cyber Security and Digital Forensics MSc\Applications of Artificial Intelligence in Cyber Security\Assessment\project\data\large_mixed\minutes2\minutes2.wav,minutes2,450,2250.0,5.0,1
C:\Users\Chris Boddy\OneDrive\Documents\Cyber Security and Digital Forensics MSc\Applications of Artificial Intelligence in Cyber Security\Assessment\project\data\large_mixed\minutes2\minutes2.wav,minutes2,451,2255.0,5.0,2
C:\Users\Chris Boddy\OneDrive\Documents\Cyber Security and Digital Forensics MSc\Applications of Artificial Intelligence in Cyber Security\Assessment\project\data\large_mixed\minutes2\minutes2.wav,minutes2,452,2260.0,5.0,0
C:\Users\Chris Boddy\OneDrive\Documents\Cyber Security and Digital Forensics MSc\Applications of Artificial Intelligence in Cyber Security\Assessment\project\data\large_mixed\minutes2\minutes2.wav,minutes2,453,2265.0,5.0,2
C:\Users\Chris Boddy\OneDrive\Documents\Cyber Security and Digital Forensics MSc\Applications of Artificial Intelligence in Cyber Security\Assessment\project\data\large_mixed\minutes2\minutes2.wav,minutes2,454,2270.0,5.0,1
C:\Users\Chris Boddy\OneDrive\Documents\Cyber Security and Digital Forensics MSc\Applications of Artificial Intelligence in Cyber Security\Assessment\project\data\large_mixed\minutes2\minutes2.wav,minutes2,455,2275.0,5.0,0
C:\Users\Chris Boddy\OneDrive\Documents\Cyber Security and Digital Forensics MSc\Applications of Artificial Intelligence in Cyber Security\Assessment\project\data\large_mixed\minutes2\minutes2.wav,minutes2,456,2280.0,5.0,2
C:\Users\Chris Boddy\OneDrive\Documents\Cyber Security and Digital Forensics MSc\Applications of Artificial Intelligence in Cyber Security\Assessment\project\data\large_mixed\minutes2\minutes2.wav,minutes2,457,2285.0,5.0,1
C:\Users\Chris Boddy\OneDrive\Documents\Cyber Security and Digital Forensics MSc\Applications of Artificial Intelligence in Cyber Security\Assessment\project\data\large_mixed\minutes2\minutes2.wav,minutes2,458,2290.0,5.0,0
C:\Users\Chris Boddy\OneDrive\Documents\Cyber Security and Digital Forensics MSc\Applications of Artificial Intelligence in Cyber Security\Assessment\project\data\large_mixed\minutes2\minutes2.wav,minutes2,459,2295.0,5.0,0
C:\Users\Chris Boddy\OneDrive\Documents\Cyber Security and Digital Forensics MSc\Applications of Artificial Intelligence in Cyber Security\Assessment\project\data\large_mixed\minutes2\minutes2.wav,minutes2,460,2300.0,5.0,2
C:\Users\Chris Boddy\OneDrive\Documents\Cyber Security and Digital Forensics MSc\Applications of Artificial Intelligence in Cyber Security\Assessment\project\data\large_mixed\minutes2\minutes2.wav,minutes2,461,2305.0,5.0,2
C:\Users\Chris Boddy\OneDrive\Documents\Cyber Security and Digital Forensics MSc\Applications of Artificial Intelligence in Cyber Security\Assessment\project\data\large_mixed\minutes2\minutes2.wav,minutes2,462,2310.0,5.0,2
C:\Users\Chris Boddy\OneDrive\Documents\Cyber Security and Digital Forensics MSc\Applications of Artificial Intelligence in Cyber Security\Assessment\project\data\large_mixed\minutes2\minutes2.wav,minutes2,463,2315.0,5.0,0
C:\Users\Chris Boddy\OneDrive\Documents\Cyber Security and Digital Forensics MSc\Applications of Artificial Intelligence in Cyber Security\Assessment\project\data\large_mixed\minutes2\minutes2.wav,minutes2,464,2320.0,5.0,1
C:\Users\Chris Boddy\OneDrive\Documents\Cyber Security and Digital Forensics MSc\Applications of Artificial Intelligence in Cyber Security\Assessment\project\data\large_mixed\minutes2\minutes2.wav,minutes2,465,2325.0,5.0,0
C:\Users\Chris Boddy\OneDrive\Documents\Cyber Security and Digital Forensics MSc\Applications of Artificial Intelligence in Cyber Security\Assessment\project\data\large_mixed\minutes2\minutes2.wav,minutes2,466,2330.0,5.0,0
C:\Users\Chris Boddy\OneDrive\Documents\Cyber Security and Digital Forensics MSc\Applications of Artificial Intelligence in Cyber Security\Assessment\project\data\large_mixed\minutes2\minutes2.wav,minutes2,467,2335.0,5.0,1
C:\Users\Chris Boddy\OneDrive\Documents\Cyber Security and Digital Forensics MSc\Applications of Artificial Intelligence in Cyber Security\Assessment\project\data\large_mixed\minutes2\minutes2.wav,minutes2,468,2340.0,5.0,0
C:\Users\Chris Boddy\OneDrive\Documents\Cyber Security and Digital Forensics MSc\Applications of Artificial Intelligence in Cyber Security\Assessment\project\data\large_mixed\minutes2\minutes2.wav,minutes2,469,2345.0,5.0,1
C:\Users\Chris Boddy\OneDrive\Documents\Cyber Security and Digital Forensics MSc\Applications of Artificial Intelligence in Cyber Security\Assessment\project\data\large_mixed\minutes2\minutes2.wav,minutes2,470,2350.0,5.0,2
C:\Users\Chris Boddy\OneDrive\Documents\Cyber Security and Digital Forensics MSc\Applications of Artificial Intelligence in Cyber Security\Assessment\project\data\large_mixed\minutes2\minutes2.wav,minutes2,471,2355.0,5.0,1
C:\Users\Chris Boddy\OneDrive\Documents\Cyber Security and Digital Forensics MSc\Applications of Artificial Intelligence in Cyber Security\Assessment\project\data\large_mixed\minutes2\minutes2.wav,minutes2,472,2360.0,5.0,2
C:\Users\Chris Boddy\OneDrive\Documents\Cyber Security and Digital Forensics MSc\Applications of Artificial Intelligence in Cyber Security\Assessment\project\data\large_mixed\minutes2\minutes2.wav,minutes2,473,2365.0,5.0,0
C:\Users\Chris Boddy\OneDrive\Documents\Cyber Security and Digital Forensics MSc\Applications of Artificial Intelligence in Cyber Security\Assessment\project\data\large_mixed\minutes2\minutes2.wav,minutes2,474,2370.0,5.0,2
C:\Users\Chris Boddy\OneDrive\Documents\Cyber Security and Digital Forensics MSc\Applications of Artificial Intelligence in Cyber Security\Assessment\project\data\large_mixed\minutes2\minutes2.wav,minutes2,475,2375.0,5.0,2
C:\Users\Chris Boddy\OneDrive\Documents\Cyber Security and Digital Forensics MSc\Applications of Artificial Intelligence in Cyber Security\Assessment\project\data\large_mixed\minutes2\minutes2.wav,minutes2,476,2380.0,5.0,0
C:\Users\Chris Boddy\OneDrive\Documents\Cyber Security and Digital Forensics MSc\Applications of Artificial Intelligence in Cyber Security\Assessment\project\data\large_mixed\minutes2\minutes2.wav,minutes2,477,2385.0,5.0,2
C:\Users\Chris Boddy\OneDrive\Documents\Cyber Security and Digital Forensics MSc\Applications of Artificial Intelligence in Cyber Security\Assessment\project\data\large_mixed\minutes2\minutes2.wav,minutes2,478,2390.0,5.0,1
C:\Users\Chris Boddy\OneDrive\Documents\Cyber Security and Digital Forensics MSc\Applications of Artificial Intelligence in Cyber Security\Assessment\project\data\large_mixed\minutes2\minutes2.wav,minutes2,479,2395.0,5.0,2
C:\Users\Chris Boddy\OneDrive\Documents\Cyber Security and Digital Forensics MSc\Applications of Artificial Intelligence in Cyber Security\Assessment\project\data\large_mixed\minutes2\minutes2.wav,minutes2,480,2400.0,5.0,1
C:\Users\Chris Boddy\OneDrive\Documents\Cyber Security and Digital Forensics MSc\Applications of Artificial Intelligence in Cyber Security\Assessment\project\data\large_mixed\minutes2\minutes2.wav,minutes2,481,2405.0,5.0,2
C:\Users\Chris Boddy\OneDrive\Documents\Cyber Security and Digital Forensics MSc\Applications of Artificial Intelligence in Cyber Security\Assessment\project\data\large_mixed\minutes2\minutes2.wav,minutes2,482,2410.0,5.0,2
C:\Users\Chris Boddy\OneDrive\Documents\Cyber Security and Digital Forensics MSc\Applications of Artificial Intelligence in Cyber Security\Assessment\project\data\large_mixed\minutes2\minutes2.wav,minutes2,483,2415.0,5.0,1
C:\Users\Chris Boddy\OneDrive\Documents\Cyber Security and Digital Forensics MSc\Applications of Artificial Intelligence in Cyber Security\Assessment\project\data\large_mixed\minutes2\minutes2.wav,minutes2,484,2420.0,5.0,1
C:\Users\Chris Boddy\OneDrive\Documents\Cyber Security and Digital Forensics MSc\Applications of Artificial Intelligence in Cyber Security\Assessment\project\data\large_mixed\minutes2\minutes2.wav,minutes2,485,2425.0,5.0,2
C:\Users\Chris Boddy\OneDrive\Documents\Cyber Security and Digital Forensics MSc\Applications of Artificial Intelligence in Cyber Security\Assessment\project\data\large_mixed\minutes2\minutes2.wav,minutes2,486,2430.0,5.0,1
C:\Users\Chris Boddy\OneDrive\Documents\Cyber Security and Digital Forensics MSc\Applications of Artificial Intelligence in Cyber Security\Assessment\project\data\large_mixed\minutes2\minutes2.wav,minutes2,487,2435.0,5.0,2
C:\Users\Chris Boddy\OneDrive\Documents\Cyber Security and Digital Forensics MSc\Applications of Artificial Intelligence in Cyber Security\Assessment\project\data\large_mixed\minutes2\minutes2.wav,minutes2,488,2440.0,5.0,0
C:\Users\Chris Boddy\OneDrive\Documents\Cyber Security and Digital Forensics MSc\Applications of Artificial Intelligence in Cyber Security\Assessment\project\data\large_mixed\minutes2\minutes2.wav,minutes2,489,2445.0,5.0,2
C:\Users\Chris Boddy\OneDrive\Documents\Cyber Security and Digital Forensics MSc\Applications of Artificial Intelligence in Cyber Security\Assessment\project\data\large_mixed\minutes2\minutes2.wav,minutes2,490,2450.0,5.0,0
C:\Users\Chris Boddy\OneDrive\Documents\Cyber Security and Digital Forensics MSc\Applications of Artificial Intelligence in Cyber Security\Assessment\project\data\large_mixed\minutes2\minutes2.wav,minutes2,491,2455.0,5.0,1
C:\Users\Chris Boddy\OneDrive\Documents\Cyber Security and Digital Forensics MSc\Applications of Artificial Intelligence in Cyber Security\Assessment\project\data\large_mixed\minutes2\minutes2.wav,minutes2,492,2460.0,5.0,2
C:\Users\Chris Boddy\OneDrive\Documents\Cyber Security and Digital Forensics MSc\Applications of Artificial Intelligence in Cyber Security\Assessment\project\data\large_mixed\minutes2\minutes2.wav,minutes2,493,2465.0,5.0,0
C:\Users\Chris Boddy\OneDrive\Documents\Cyber Security and Digital Forensics MSc\Applications of Artificial Intelligence in Cyber Security\Assessment\project\data\large_mixed\minutes2\minutes2.wav,minutes2,494,2470.0,5.0,1
C:\Users\Chris Boddy\OneDrive\Documents\Cyber Security and Digital Forensics MSc\Applications of Artificial Intelligence in Cyber Security\Assessment\project\data\large_mixed\minutes2\minutes2.wav,minutes2,495,2475.0,5.0,0
C:\Users\Chris Boddy\OneDrive\Documents\Cyber Security and Digital Forensics MSc\Applications of Artificial Intelligence in Cyber Security\Assessment\project\data\large_mixed\minutes2\minutes2.wav,minutes2,496,2480.0,5.0,2
C:\Users\Chris Boddy\OneDrive\Documents\Cyber Security and Digital Forensics MSc\Applications of Artificial Intelligence in Cyber Security\Assessment\project\data\large_mixed\minutes2\minutes2.wav,minutes2,497,2485.0,5.0,0
C:\Users\Chris Boddy\OneDrive\Documents\Cyber Security and Digital Forensics MSc\Applications of Artificial Intelligence in Cyber Security\Assessment\project\data\large_mixed\minutes2\minutes2.wav,minutes2,498,2490.0,5.0,1
C:\Users\Chris Boddy\OneDrive\Documents\Cyber Security and Digital Forensics MSc\Applications of Artificial Intelligence in Cyber Security\Assessment\project\data\large_mixed\minutes2\minutes2.wav,minutes2,499,2495.0,5.0,2
C:\Users\Chris Boddy\OneDrive\Documents\Cyber Security and Digital Forensics MSc\Applications of Artificial Intelligence in Cyber Security\Assessment\project\data\large_mixed\minutes2\minutes2.wav,minutes2,500,2500.0,5.0,1
C:\Users\Chris Boddy\OneDrive\Documents\Cyber Security and Digital Forensics MSc\Applications of Artificial Intelligence in Cyber Security\Assessment\project\data\large_mixed\minutes2\minutes2.wav,minutes2,501,2505.0,5.0,2
C:\Users\Chris Boddy\OneDrive\Documents\Cyber Security and Digital Forensics MSc\Applications of Artificial Intelligence in Cyber Security\Assessment\project\data\large_mixed\minutes2\minutes2.wav,minutes2,502,2510.0,5.0,1
C:\Users\Chris Boddy\OneDrive\Documents\Cyber Security and Digital Forensics MSc\Applications of Artificial Intelligence in Cyber Security\Assessment\project\data\large_mixed\minutes2\minutes2.wav,minutes2,503,2515.0,5.0,2
C:\Users\Chris Boddy\OneDrive\Documents\Cyber Security and Digital Forensics MSc\Applications of Artificial Intelligence in Cyber Security\Assessment\project\data\large_mixed\minutes2\minutes2.wav,minutes2,504,2520.0,5.0,2
C:\Users\Chris Boddy\OneDrive\Documents\Cyber Security and Digital Forensics MSc\Applications of Artificial Intelligence in Cyber Security\Assessment\project\data\large_mixed\minutes2\minutes2.wav,minutes2,505,2525.0,5.0,2
C:\Users\Chris Boddy\OneDrive\Documents\Cyber Security and Digital Forensics MSc\Applications of Artificial Intelligence in Cyber Security\Assessment\project\data\large_mixed\minutes2\minutes2.wav,minutes2,506,2530.0,5.0,1
C:\Users\Chris Boddy\OneDrive\Documents\Cyber Security and Digital Forensics MSc\Applications of Artificial Intelligence in Cyber Security\Assessment\project\data\large_mixed\minutes2\minutes2.wav,minutes2,507,2535.0,5.0,0
C:\Users\Chris Boddy\OneDrive\Documents\Cyber Security and Digital Forensics MSc\Applications of Artificial Intelligence in Cyber Security\Assessment\project\data\large_mixed\minutes2\minutes2.wav,minutes2,508,2540.0,5.0,1
C:\Users\Chris Boddy\OneDrive\Documents\Cyber Security and Digital Forensics MSc\Applications of Artificial Intelligence in Cyber Security\Assessment\project\data\large_mixed\minutes2\minutes2.wav,minutes2,509,2545.0,5.0,2
C:\Users\Chris Boddy\OneDrive\Documents\Cyber Security and Digital Forensics MSc\Applications of Artificial Intelligence in Cyber Security\Assessment\project\data\large_mixed\minutes2\minutes2.wav,minutes2,510,2550.0,5.0,2
C:\Users\Chris Boddy\OneDrive\Documents\Cyber Security and Digital Forensics MSc\Applications of Artificial Intelligence in Cyber Security\Assessment\project\data\large_mixed\minutes2\minutes2.wav,minutes2,511,2555.0,5.0,0
C:\Users\Chris Boddy\OneDrive\Documents\Cyber Security and Digital Forensics MSc\Applications of Artificial Intelligence in Cyber Security\Assessment\project\data\large_mixed\minutes2\minutes2.wav,minutes2,512,2560.0,5.0,0
C:\Users\Chris Boddy\OneDrive\Documents\Cyber Security and Digital Forensics MSc\Applications of Artificial Intelligence in Cyber Security\Assessment\project\data\large_mixed\minutes2\minutes2.wav,minutes2,513,2565.0,5.0,1
C:\Users\Chris Boddy\OneDrive\Documents\Cyber Security and Digital Forensics MSc\Applications of Artificial Intelligence in Cyber Security\Assessment\project\data\large_mixed\minutes2\minutes2.wav,minutes2,514,2570.0,5.0,1
C:\Users\Chris Boddy\OneDrive\Documents\Cyber Security and Digital Forensics MSc\Applications of Artificial Intelligence in Cyber Security\Assessment\project\data\large_mixed\minutes2\minutes2.wav,minutes2,515,2575.0,5.0,0
C:\Users\Chris Boddy\OneDrive\Documents\Cyber Security and Digital Forensics MSc\Applications of Artificial Intelligence in Cyber Security\Assessment\project\data\large_mixed\minutes2\minutes2.wav,minutes2,516,2580.0,5.0,1
C:\Users\Chris Boddy\OneDrive\Documents\Cyber Security and Digital Forensics MSc\Applications of Artificial Intelligence in Cyber Security\Assessment\project\data\large_mixed\minutes2\minutes2.wav,minutes2,517,2585.0,5.0,2
C:\Users\Chris Boddy\OneDrive\Documents\Cyber Security and Digital Forensics MSc\Applications of Artificial Intelligence in Cyber Security\Assessment\project\data\large_mixed\minutes2\minutes2.wav,minutes2,518,2590.0,5.0,0
C:\Users\Chris Boddy\OneDrive\Documents\Cyber Security and Digital Forensics MSc\Applications of Artificial Intelligence in Cyber Security\Assessment\project\data\large_mixed\minutes2\minutes2.wav,minutes2,519,2595.0,5.0,2
C:\Users\Chris Boddy\OneDrive\Documents\Cyber Security and Digital Forensics MSc\Applications of Artificial Intelligence in Cyber Security\Assessment\project\data\large_mixed\minutes2\minutes2.wav,minutes2,520,2600.0,5.0,2
C:\Users\Chris Boddy\OneDrive\Documents\Cyber Security and Digital Forensics MSc\Applications of Artificial Intelligence in Cyber Security\Assessment\project\data\large_mixed\minutes2\minutes2.wav,minutes2,521,2605.0,5.0,1
C:\Users\Chris Boddy\OneDrive\Documents\Cyber Security and Digital Forensics MSc\Applications of Artificial Intelligence in Cyber Security\Assessment\project\data\large_mixed\minutes2\minutes2.wav,minutes2,522,2610.0,5.0,1
C:\Users\Chris Boddy\OneDrive\Documents\Cyber Security and Digital Forensics MSc\Applications of Artificial Intelligence in Cyber Security\Assessment\project\data\large_mixed\minutes2\minutes2.wav,minutes2,523,2615.0,5.0,1
C:\Users\Chris Boddy\OneDrive\Documents\Cyber Security and Digital Forensics MSc\Applications of Artificial Intelligence in Cyber Security\Assessment\project\data\large_mixed\minutes2\minutes2.wav,minutes2,524,2620.0,5.0,2
C:\Users\Chris Boddy\OneDrive\Documents\Cyber Security and Digital Forensics MSc\Applications of Artificial Intelligence in Cyber Security\Assessment\project\data\large_mixed\minutes2\minutes2.wav,minutes2,525,2625.0,5.0,1
C:\Users\Chris Boddy\OneDrive\Documents\Cyber Security and Digital Forensics MSc\Applications of Artificial Intelligence in Cyber Security\Assessment\project\data\large_mixed\minutes2\minutes2.wav,minutes2,526,2630.0,5.0,2
C:\Users\Chris Boddy\OneDrive\Documents\Cyber Security and Digital Forensics MSc\Applications of Artificial Intelligence in Cyber Security\Assessment\project\data\large_mixed\minutes2\minutes2.wav,minutes2,527,2635.0,5.0,0
C:\Users\Chris Boddy\OneDrive\Documents\Cyber Security and Digital Forensics MSc\Applications of Artificial Intelligence in Cyber Security\Assessment\project\data\large_mixed\minutes2\minutes2.wav,minutes2,528,2640.0,5.0,2
C:\Users\Chris Boddy\OneDrive\Documents\Cyber Security and Digital Forensics MSc\Applications of Artificial Intelligence in Cyber Security\Assessment\project\data\large_mixed\minutes2\minutes2.wav,minutes2,529,2645.0,5.0,2
C:\Users\Chris Boddy\OneDrive\Documents\Cyber Security and Digital Forensics MSc\Applications of Artificial Intelligence in Cyber Security\Assessment\project\data\large_mixed\minutes2\minutes2.wav,minutes2,530,2650.0,5.0,1
C:\Users\Chris Boddy\OneDrive\Documents\Cyber Security and Digital Forensics MSc\Applications of Artificial Intelligence in Cyber Security\Assessment\project\data\large_mixed\minutes2\minutes2.wav,minutes2,531,2655.0,5.0,1
C:\Users\Chris Boddy\OneDrive\Documents\Cyber Security and Digital Forensics MSc\Applications of Artificial Intelligence in Cyber Security\Assessment\project\data\large_mixed\minutes2\minutes2.wav,minutes2,532,2660.0,5.0,2
C:\Users\Chris Boddy\OneDrive\Documents\Cyber Security and Digital Forensics MSc\Applications of Artificial Intelligence in Cyber Security\Assessment\project\data\large_mixed\minutes2\minutes2.wav,minutes2,533,2665.0,5.0,0
C:\Users\Chris Boddy\OneDrive\Documents\Cyber Security and Digital Forensics MSc\Applications of Artificial Intelligence in Cyber Security\Assessment\project\data\large_mixed\minutes2\minutes2.wav,minutes2,534,2670.0,5.0,2
C:\Users\Chris Boddy\OneDrive\Documents\Cyber Security and Digital Forensics MSc\Applications of Artificial Intelligence in Cyber Security\Assessment\project\data\large_mixed\minutes2\minutes2.wav,minutes2,535,2675.0,5.0,2
C:\Users\Chris Boddy\OneDrive\Documents\Cyber Security and Digital Forensics MSc\Applications of Artificial Intelligence in Cyber Security\Assessment\project\data\large_mixed\minutes2\minutes2.wav,minutes2,536,2680.0,5.0,0
C:\Users\Chris Boddy\OneDrive\Documents\Cyber Security and Digital Forensics MSc\Applications of Artificial Intelligence in Cyber Security\Assessment\project\data\large_mixed\minutes2\minutes2.wav,minutes2,537,2685.0,5.0,1
C:\Users\Chris Boddy\OneDrive\Documents\Cyber Security and Digital Forensics MSc\Applications of Artificial Intelligence in Cyber Security\Assessment\project\data\large_mixed\minutes2\minutes2.wav,minutes2,538,2690.0,5.0,2
C:\Users\Chris Boddy\OneDrive\Documents\Cyber Security and Digital Forensics MSc\Applications of Artificial Intelligence in Cyber Security\Assessment\project\data\large_mixed\minutes2\minutes2.wav,minutes2,539,2695.0,5.0,2
C:\Users\Chris Boddy\OneDrive\Documents\Cyber Security and Digital Forensics MSc\Applications of Artificial Intelligence in Cyber Security\Assessment\project\data\large_mixed\minutes2\minutes2.wav,minutes2,540,2700.0,5.0,0
C:\Users\Chris Boddy\OneDrive\Documents\Cyber Security and Digital Forensics MSc\Applications of Artificial Intelligence in Cyber Security\Assessment\project\data\large_mixed\minutes2\minutes2.wav,minutes2,541,2705.0,5.0,2
C:\Users\Chris Boddy\OneDrive\Documents\Cyber Security and Digital Forensics MSc\Applications of Artificial Intelligence in Cyber Security\Assessment\project\data\large_mixed\minutes2\minutes2.wav,minutes2,542,2710.0,5.0,2
C:\Users\Chris Boddy\OneDrive\Documents\Cyber Security and Digital Forensics MSc\Applications of Artificial Intelligence in Cyber Security\Assessment\project\data\large_mixed\minutes2\minutes2.wav,minutes2,543,2715.0,5.0,0
C:\Users\Chris Boddy\OneDrive\Documents\Cyber Security and Digital Forensics MSc\Applications of Artificial Intelligence in Cyber Security\Assessment\project\data\large_mixed\minutes2\minutes2.wav,minutes2,544,2720.0,5.0,2
C:\Users\Chris Boddy\OneDrive\Documents\Cyber Security and Digital Forensics MSc\Applications of Artificial Intelligence in Cyber Security\Assessment\project\data\large_mixed\minutes2\minutes2.wav,minutes2,545,2725.0,5.0,1
C:\Users\Chris Boddy\OneDrive\Documents\Cyber Security and Digital Forensics MSc\Applications of Artificial Intelligence in Cyber Security\Assessment\project\data\large_mixed\minutes2\minutes2.wav,minutes2,546,2730.0,5.0,2
C:\Users\Chris Boddy\OneDrive\Documents\Cyber Security and Digital Forensics MSc\Applications of Artificial Intelligence in Cyber Security\Assessment\project\data\large_mixed\minutes2\minutes2.wav,minutes2,547,2735.0,5.0,0
C:\Users\Chris Boddy\OneDrive\Documents\Cyber Security and Digital Forensics MSc\Applications of Artificial Intelligence in Cyber Security\Assessment\project\data\large_mixed\minutes2\minutes2.wav,minutes2,548,2740.0,5.0,2
C:\Users\Chris Boddy\OneDrive\Documents\Cyber Security and Digital Forensics MSc\Applications of Artificial Intelligence in Cyber Security\Assessment\project\data\large_mixed\minutes2\minutes2.wav,minutes2,549,2745.0,5.0,0
C:\Users\Chris Boddy\OneDrive\Documents\Cyber Security and Digital Forensics MSc\Applications of Artificial Intelligence in Cyber Security\Assessment\project\data\large_mixed\minutes2\minutes2.wav,minutes2,550,2750.0,5.0,2
C:\Users\Chris Boddy\OneDrive\Documents\Cyber Security and Digital Forensics MSc\Applications of Artificial Intelligence in Cyber Security\Assessment\project\data\large_mixed\minutes2\minutes2.wav,minutes2,551,2755.0,5.0,2
C:\Users\Chris Boddy\OneDrive\Documents\Cyber Security and Digital Forensics MSc\Applications of Artificial Intelligence in Cyber Security\Assessment\project\data\large_mixed\minutes2\minutes2.wav,minutes2,552,2760.0,5.0,1
C:\Users\Chris Boddy\OneDrive\Documents\Cyber Security and Digital Forensics MSc\Applications of Artificial Intelligence in Cyber Security\Assessment\project\data\large_mixed\minutes2\minutes2.wav,minutes2,553,2765.0,5.0,0
C:\Users\Chris Boddy\OneDrive\Documents\Cyber Security and Digital Forensics MSc\Applications of Artificial Intelligence in Cyber Security\Assessment\project\data\large_mixed\minutes2\minutes2.wav,minutes2,554,2770.0,5.0,1
C:\Users\Chris Boddy\OneDrive\Documents\Cyber Security and Digital Forensics MSc\Applications of Artificial Intelligence in Cyber Security\Assessment\project\data\large_mixed\minutes2\minutes2.wav,minutes2,555,2775.0,5.0,2
C:\Users\Chris Boddy\OneDrive\Documents\Cyber Security and Digital Forensics MSc\Applications of Artificial Intelligence in Cyber Security\Assessment\project\data\large_mixed\minutes2\minutes2.wav,minutes2,556,2780.0,5.0,1
C:\Users\Chris Boddy\OneDrive\Documents\Cyber Security and Digital Forensics MSc\Applications of Artificial Intelligence in Cyber Security\Assessment\project\data\large_mixed\minutes2\minutes2.wav,minutes2,557,2785.0,5.0,2
C:\Users\Chris Boddy\OneDrive\Documents\Cyber Security and Digital Forensics MSc\Applications of Artificial Intelligence in Cyber Security\Assessment\project\data\large_mixed\minutes2\minutes2.wav,minutes2,558,2790.0,5.0,2
C:\Users\Chris Boddy\OneDrive\Documents\Cyber Security and Digital Forensics MSc\Applications of Artificial Intelligence in Cyber Security\Assessment\project\data\large_mixed\minutes2\minutes2.wav,minutes2,559,2795.0,5.0,2
C:\Users\Chris Boddy\OneDrive\Documents\Cyber Security and Digital Forensics MSc\Applications of Artificial Intelligence in Cyber Security\Assessment\project\data\large_mixed\minutes2\minutes2.wav,minutes2,560,2800.0,5.0,1
C:\Users\Chris Boddy\OneDrive\Documents\Cyber Security and Digital Forensics MSc\Applications of Artificial Intelligence in Cyber Security\Assessment\project\data\large_mixed\minutes2\minutes2.wav,minutes2,561,2805.0,5.0,1
C:\Users\Chris Boddy\OneDrive\Documents\Cyber Security and Digital Forensics MSc\Applications of Artificial Intelligence in Cyber Security\Assessment\project\data\large_mixed\minutes2\minutes2.wav,minutes2,562,2810.0,5.0,2
C:\Users\Chris Boddy\OneDrive\Documents\Cyber Security and Digital Forensics MSc\Applications of Artificial Intelligence in Cyber Security\Assessment\project\data\large_mixed\minutes2\minutes2.wav,minutes2,563,2815.0,5.0,0
C:\Users\Chris Boddy\OneDrive\Documents\Cyber Security and Digital Forensics MSc\Applications of Artificial Intelligence in Cyber Security\Assessment\project\data\large_mixed\minutes2\minutes2.wav,minutes2,564,2820.0,5.0,2
C:\Users\Chris Boddy\OneDrive\Documents\Cyber Security and Digital Forensics MSc\Applications of Artificial Intelligence in Cyber Security\Assessment\project\data\large_mixed\minutes2\minutes2.wav,minutes2,565,2825.0,5.0,0
C:\Users\Chris Boddy\OneDrive\Documents\Cyber Security and Digital Forensics MSc\Applications of Artificial Intelligence in Cyber Security\Assessment\project\data\large_mixed\minutes2\minutes2.wav,minutes2,566,2830.0,5.0,2
C:\Users\Chris Boddy\OneDrive\Documents\Cyber Security and Digital Forensics MSc\Applications of Artificial Intelligence in Cyber Security\Assessment\project\data\large_mixed\minutes2\minutes2.wav,minutes2,567,2835.0,5.0,1
C:\Users\Chris Boddy\OneDrive\Documents\Cyber Security and Digital Forensics MSc\Applications of Artificial Intelligence in Cyber Security\Assessment\project\data\large_mixed\minutes2\minutes2.wav,minutes2,568,2840.0,5.0,0
C:\Users\Chris Boddy\OneDrive\Documents\Cyber Security and Digital Forensics MSc\Applications of Artificial Intelligence in Cyber Security\Assessment\project\data\large_mixed\minutes2\minutes2.wav,minutes2,569,2845.0,5.0,1
C:\Users\Chris Boddy\OneDrive\Documents\Cyber Security and Digital Forensics MSc\Applications of Artificial Intelligence in Cyber Security\Assessment\project\data\large_mixed\minutes2\minutes2.wav,minutes2,570,2850.0,5.0,0
C:\Users\Chris Boddy\OneDrive\Documents\Cyber Security and Digital Forensics MSc\Applications of Artificial Intelligence in Cyber Security\Assessment\project\data\large_mixed\minutes2\minutes2.wav,minutes2,571,2855.0,5.0,1
C:\Users\Chris Boddy\OneDrive\Documents\Cyber Security and Digital Forensics MSc\Applications of Artificial Intelligence in Cyber Security\Assessment\project\data\large_mixed\minutes2\minutes2.wav,minutes2,572,2860.0,5.0,2
C:\Users\Chris Boddy\OneDrive\Documents\Cyber Security and Digital Forensics MSc\Applications of Artificial Intelligence in Cyber Security\Assessment\project\data\large_mixed\minutes2\minutes2.wav,minutes2,573,2865.0,5.0,0
C:\Users\Chris Boddy\OneDrive\Documents\Cyber Security and Digital Forensics MSc\Applications of Artificial Intelligence in Cyber Security\Assessment\project\data\large_mixed\minutes2\minutes2.wav,minutes2,574,2870.0,5.0,2
C:\Users\Chris Boddy\OneDrive\Documents\Cyber Security and Digital Forensics MSc\Applications of Artificial Intelligence in Cyber Security\Assessment\project\data\large_mixed\minutes2\minutes2.wav,minutes2,575,2875.0,5.0,1
C:\Users\Chris Boddy\OneDrive\Documents\Cyber Security and Digital Forensics MSc\Applications of Artificial Intelligence in Cyber Security\Assessment\project\data\large_mixed\minutes2\minutes2.wav,minutes2,576,2880.0,5.0,1
C:\Users\Chris Boddy\OneDrive\Documents\Cyber Security and Digital Forensics MSc\Applications of Artificial Intelligence in Cyber Security\Assessment\project\data\large_mixed\minutes2\minutes2.wav,minutes2,577,2885.0,5.0,0
C:\Users\Chris Boddy\OneDrive\Documents\Cyber Security and Digital Forensics MSc\Applications of Artificial Intelligence in Cyber Security\Assessment\project\data\large_mixed\minutes2\minutes2.wav,minutes2,578,2890.0,5.0,0
C:\Users\Chris Boddy\OneDrive\Documents\Cyber Security and Digital Forensics MSc\Applications of Artificial Intelligence in Cyber Security\Assessment\project\data\large_mixed\minutes2\minutes2.wav,minutes2,579,2895.0,5.0,2
C:\Users\Chris Boddy\OneDrive\Documents\Cyber Security and Digital Forensics MSc\Applications of Artificial Intelligence in Cyber Security\Assessment\project\data\large_mixed\minutes2\minutes2.wav,minutes2,580,2900.0,5.0,0
C:\Users\Chris Boddy\OneDrive\Documents\Cyber Security and Digital Forensics MSc\Applications of Artificial Intelligence in Cyber Security\Assessment\project\data\large_mixed\minutes2\minutes2.wav,minutes2,581,2905.0,5.0,2
C:\Users\Chris Boddy\OneDrive\Documents\Cyber Security and Digital Forensics MSc\Applications of Artificial Intelligence in Cyber Security\Assessment\project\data\large_mixed\minutes2\minutes2.wav,minutes2,582,2910.0,5.0,1
C:\Users\Chris Boddy\OneDrive\Documents\Cyber Security and Digital Forensics MSc\Applications of Artificial Intelligence in Cyber Security\Assessment\project\data\large_mixed\minutes2\minutes2.wav,minutes2,583,2915.0,5.0,1
C:\Users\Chris Boddy\OneDrive\Documents\Cyber Security and Digital Forensics MSc\Applications of Artificial Intelligence in Cyber Security\Assessment\project\data\large_mixed\minutes2\minutes2.wav,minutes2,584,2920.0,5.0,2
C:\Users\Chris Boddy\OneDrive\Documents\Cyber Security and Digital Forensics MSc\Applications of Artificial Intelligence in Cyber Security\Assessment\project\data\large_mixed\minutes2\minutes2.wav,minutes2,585,2925.0,5.0,1
C:\Users\Chris Boddy\OneDrive\Documents\Cyber Security and Digital Forensics MSc\Applications of Artificial Intelligence in Cyber Security\Assessment\project\data\large_mixed\minutes2\minutes2.wav,minutes2,586,2930.0,5.0,0
C:\Users\Chris Boddy\OneDrive\Documents\Cyber Security and Digital Forensics MSc\Applications of Artificial Intelligence in Cyber Security\Assessment\project\data\large_mixed\minutes2\minutes2.wav,minutes2,587,2935.0,5.0,1
C:\Users\Chris Boddy\OneDrive\Documents\Cyber Security and Digital Forensics MSc\Applications of Artificial Intelligence in Cyber Security\Assessment\project\data\large_mixed\minutes2\minutes2.wav,minutes2,588,2940.0,5.0,2
C:\Users\Chris Boddy\OneDrive\Documents\Cyber Security and Digital Forensics MSc\Applications of Artificial Intelligence in Cyber Security\Assessment\project\data\large_mixed\minutes2\minutes2.wav,minutes2,589,2945.0,5.0,2
C:\Users\Chris Boddy\OneDrive\Documents\Cyber Security and Digital Forensics MSc\Applications of Artificial Intelligence in Cyber Security\Assessment\project\data\large_mixed\minutes2\minutes2.wav,minutes2,590,2950.0,5.0,1
C:\Users\Chris Boddy\OneDrive\Documents\Cyber Security and Digital Forensics MSc\Applications of Artificial Intelligence in Cyber Security\Assessment\project\data\large_mixed\minutes2\minutes2.wav,minutes2,591,2955.0,5.0,2
C:\Users\Chris Boddy\OneDrive\Documents\Cyber Security and Digital Forensics MSc\Applications of Artificial Intelligence in Cyber Security\Assessment\project\data\large_mixed\minutes2\minutes2.wav,minutes2,592,2960.0,5.0,1
C:\Users\Chris Boddy\OneDrive\Documents\Cyber Security and Digital Forensics MSc\Applications of Artificial Intelligence in Cyber Security\Assessment\project\data\large_mixed\minutes2\minutes2.wav,minutes2,593,2965.0,5.0,2
C:\Users\Chris Boddy\OneDrive\Documents\Cyber Security and Digital Forensics MSc\Applications of Artificial Intelligence in Cyber Security\Assessment\project\data\large_mixed\minutes2\minutes2.wav,minutes2,594,2970.0,5.0,1
C:\Users\Chris Boddy\OneDrive\Documents\Cyber Security and Digital Forensics MSc\Applications of Artificial Intelligence in Cyber Security\Assessment\project\data\large_mixed\minutes2\minutes2.wav,minutes2,595,2975.0,5.0,0
C:\Users\Chris Boddy\OneDrive\Documents\Cyber Security and Digital Forensics MSc\Applications of Artificial Intelligence in Cyber Security\Assessment\project\data\large_mixed\minutes2\minutes2.wav,minutes2,596,2980.0,5.0,2
C:\Users\Chris Boddy\OneDrive\Documents\Cyber Security and Digital Forensics MSc\Applications of Artificial Intelligence in Cyber Security\Assessment\project\data\large_mixed\minutes2\minutes2.wav,minutes2,597,2985.0,5.0,0
C:\Users\Chris Boddy\OneDrive\Documents\Cyber Security and Digital Forensics MSc\Applications of Artificial Intelligence in Cyber Security\Assessment\project\data\large_mixed\minutes2\minutes2.wav,minutes2,598,2990.0,5.0,1
C:\Users\Chris Boddy\OneDrive\Documents\Cyber Security and Digital Forensics MSc\Applications of Artificial Intelligence in Cyber Security\Assessment\project\data\large_mixed\minutes2\minutes2.wav,minutes2,599,2995.0,5.0,0
C:\Users\Chris Boddy\OneDrive\Documents\Cyber Security and Digital Forensics MSc\Applications of Artificial Intelligence in Cyber Security\Assessment\project\data\large_mixed\minutes2\minutes2.wav,minutes2,600,3000.0,5.0,1
C:\Users\Chris Boddy\OneDrive\Documents\Cyber Security and Digital Forensics MSc\Applications of Artificial Intelligence in Cyber Security\Assessment\project\data\large_mixed\minutes2\minutes2.wav,minutes2,601,3005.0,5.0,2
C:\Users\Chris Boddy\OneDrive\Documents\Cyber Security and Digital Forensics MSc\Applications of Artificial Intelligence in Cyber Security\Assessment\project\data\large_mixed\minutes2\minutes2.wav,minutes2,602,3010.0,5.0,1
C:\Users\Chris Boddy\OneDrive\Documents\Cyber Security and Digital Forensics MSc\Applications of Artificial Intelligence in Cyber Security\Assessment\project\data\large_mixed\minutes2\minutes2.wav,minutes2,603,3015.0,5.0,2
C:\Users\Chris Boddy\OneDrive\Documents\Cyber Security and Digital Forensics MSc\Applications of Artificial Intelligence in Cyber Security\Assessment\project\data\large_mixed\minutes2\minutes2.wav,minutes2,604,3020.0,5.0,0
C:\Users\Chris Boddy\OneDrive\Documents\Cyber Security and Digital Forensics MSc\Applications of Artificial Intelligence in Cyber Security\Assessment\project\data\large_mixed\minutes2\minutes2.wav,minutes2,605,3025.0,5.0,2
C:\Users\Chris Boddy\OneDrive\Documents\Cyber Security and Digital Forensics MSc\Applications of Artificial Intelligence in Cyber Security\Assessment\project\data\large_mixed\minutes2\minutes2.wav,minutes2,606,3030.0,5.0,0
C:\Users\Chris Boddy\OneDrive\Documents\Cyber Security and Digital Forensics MSc\Applications of Artificial Intelligence in Cyber Security\Assessment\project\data\large_mixed\minutes2\minutes2.wav,minutes2,607,3035.0,5.0,2
C:\Users\Chris Boddy\OneDrive\Documents\Cyber Security and Digital Forensics MSc\Applications of Artificial Intelligence in Cyber Security\Assessment\project\data\large_mixed\minutes2\minutes2.wav,minutes2,608,3040.0,5.0,0
C:\Users\Chris Boddy\OneDrive\Documents\Cyber Security and Digital Forensics MSc\Applications of Artificial Intelligence in Cyber Security\Assessment\project\data\large_mixed\minutes2\minutes2.wav,minutes2,609,3045.0,5.0,1
C:\Users\Chris Boddy\OneDrive\Documents\Cyber Security and Digital Forensics MSc\Applications of Artificial Intelligence in Cyber Security\Assessment\project\data\large_mixed\minutes2\minutes2.wav,minutes2,610,3050.0,5.0,2
C:\Users\Chris Boddy\OneDrive\Documents\Cyber Security and Digital Forensics MSc\Applications of Artificial Intelligence in Cyber Security\Assessment\project\data\large_mixed\minutes2\minutes2.wav,minutes2,611,3055.0,5.0,2
C:\Users\Chris Boddy\OneDrive\Documents\Cyber Security and Digital Forensics MSc\Applications of Artificial Intelligence in Cyber Security\Assessment\project\data\large_mixed\minutes2\minutes2.wav,minutes2,612,3060.0,5.0,0
C:\Users\Chris Boddy\OneDrive\Documents\Cyber Security and Digital Forensics MSc\Applications of Artificial Intelligence in Cyber Security\Assessment\project\data\large_mixed\minutes2\minutes2.wav,minutes2,613,3065.0,5.0,1
C:\Users\Chris Boddy\OneDrive\Documents\Cyber Security and Digital Forensics MSc\Applications of Artificial Intelligence in Cyber Security\Assessment\project\data\large_mixed\minutes2\minutes2.wav,minutes2,614,3070.0,5.0,0
C:\Users\Chris Boddy\OneDrive\Documents\Cyber Security and Digital Forensics MSc\Applications of Artificial Intelligence in Cyber Security\Assessment\project\data\large_mixed\minutes2\minutes2.wav,minutes2,615,3075.0,5.0,1
C:\Users\Chris Boddy\OneDrive\Documents\Cyber Security and Digital Forensics MSc\Applications of Artificial Intelligence in Cyber Security\Assessment\project\data\large_mixed\minutes2\minutes2.wav,minutes2,616,3080.0,5.0,1
C:\Users\Chris Boddy\OneDrive\Documents\Cyber Security and Digital Forensics MSc\Applications of Artificial Intelligence in Cyber Security\Assessment\project\data\large_mixed\minutes2\minutes2.wav,minutes2,617,3085.0,5.0,1
C:\Users\Chris Boddy\OneDrive\Documents\Cyber Security and Digital Forensics MSc\Applications of Artificial Intelligence in Cyber Security\Assessment\project\data\large_mixed\minutes2\minutes2.wav,minutes2,618,3090.0,5.0,2
C:\Users\Chris Boddy\OneDrive\Documents\Cyber Security and Digital Forensics MSc\Applications of Artificial Intelligence in Cyber Security\Assessment\project\data\large_mixed\minutes2\minutes2.wav,minutes2,619,3095.0,5.0,1
C:\Users\Chris Boddy\OneDrive\Documents\Cyber Security and Digital Forensics MSc\Applications of Artificial Intelligence in Cyber Security\Assessment\project\data\large_mixed\minutes2\minutes2.wav,minutes2,620,3100.0,5.0,2
C:\Users\Chris Boddy\OneDrive\Documents\Cyber Security and Digital Forensics MSc\Applications of Artificial Intelligence in Cyber Security\Assessment\project\data\large_mixed\minutes2\minutes2.wav,minutes2,621,3105.0,5.0,0
C:\Users\Chris Boddy\OneDrive\Documents\Cyber Security and Digital Forensics MSc\Applications of Artificial Intelligence in Cyber Security\Assessment\project\data\large_mixed\minutes2\minutes2.wav,minutes2,622,3110.0,5.0,2
C:\Users\Chris Boddy\OneDrive\Documents\Cyber Security and Digital Forensics MSc\Applications of Artificial Intelligence in Cyber Security\Assessment\project\data\large_mixed\minutes2\minutes2.wav,minutes2,623,3115.0,5.0,2
C:\Users\Chris Boddy\OneDrive\Documents\Cyber Security and Digital Forensics MSc\Applications of Artificial Intelligence in Cyber Security\Assessment\project\data\large_mixed\minutes2\minutes2.wav,minutes2,624,3120.0,5.0,2
C:\Users\Chris Boddy\OneDrive\Documents\Cyber Security and Digital Forensics MSc\Applications of Artificial Intelligence in Cyber Security\Assessment\project\data\large_mixed\minutes2\minutes2.wav,minutes2,625,3125.0,5.0,1
C:\Users\Chris Boddy\OneDrive\Documents\Cyber Security and Digital Forensics MSc\Applications of Artificial Intelligence in Cyber Security\Assessment\project\data\large_mixed\minutes2\minutes2.wav,minutes2,626,3130.0,5.0,2
C:\Users\Chris Boddy\OneDrive\Documents\Cyber Security and Digital Forensics MSc\Applications of Artificial Intelligence in Cyber Security\Assessment\project\data\large_mixed\minutes2\minutes2.wav,minutes2,627,3135.0,5.0,2
C:\Users\Chris Boddy\OneDrive\Documents\Cyber Security and Digital Forensics MSc\Applications of Artificial Intelligence in Cyber Security\Assessment\project\data\large_mixed\minutes2\minutes2.wav,minutes2,628,3140.0,5.0,0
C:\Users\Chris Boddy\OneDrive\Documents\Cyber Security and Digital Forensics MSc\Applications of Artificial Intelligence in Cyber Security\Assessment\project\data\large_mixed\minutes2\minutes2.wav,minutes2,629,3145.0,5.0,1
C:\Users\Chris Boddy\OneDrive\Documents\Cyber Security and Digital Forensics MSc\Applications of Artificial Intelligence in Cyber Security\Assessment\project\data\large_mixed\minutes2\minutes2.wav,minutes2,630,3150.0,5.0,2
C:\Users\Chris Boddy\OneDrive\Documents\Cyber Security and Digital Forensics MSc\Applications of Artificial Intelligence in Cyber Security\Assessment\project\data\large_mixed\minutes2\minutes2.wav,minutes2,631,3155.0,5.0,1
C:\Users\Chris Boddy\OneDrive\Documents\Cyber Security and Digital Forensics MSc\Applications of Artificial Intelligence in Cyber Security\Assessment\project\data\large_mixed\minutes2\minutes2.wav,minutes2,632,3160.0,5.0,0
C:\Users\Chris Boddy\OneDrive\Documents\Cyber Security and Digital Forensics MSc\Applications of Artificial Intelligence in Cyber Security\Assessment\project\data\large_mixed\minutes2\minutes2.wav,minutes2,633,3165.0,5.0,2
C:\Users\Chris Boddy\OneDrive\Documents\Cyber Security and Digital Forensics MSc\Applications of Artificial Intelligence in Cyber Security\Assessment\project\data\large_mixed\minutes2\minutes2.wav,minutes2,634,3170.0,5.0,1
C:\Users\Chris Boddy\OneDrive\Documents\Cyber Security and Digital Forensics MSc\Applications of Artificial Intelligence in Cyber Security\Assessment\project\data\large_mixed\minutes2\minutes2.wav,minutes2,635,3175.0,5.0,2
C:\Users\Chris Boddy\OneDrive\Documents\Cyber Security and Digital Forensics MSc\Applications of Artificial Intelligence in Cyber Security\Assessment\project\data\large_mixed\minutes2\minutes2.wav,minutes2,636,3180.0,5.0,0
C:\Users\Chris Boddy\OneDrive\Documents\Cyber Security and Digital Forensics MSc\Applications of Artificial Intelligence in Cyber Security\Assessment\project\data\large_mixed\minutes2\minutes2.wav,minutes2,637,3185.0,5.0,1
C:\Users\Chris Boddy\OneDrive\Documents\Cyber Security and Digital Forensics MSc\Applications of Artificial Intelligence in Cyber Security\Assessment\project\data\large_mixed\minutes2\minutes2.wav,minutes2,638,3190.0,5.0,2
C:\Users\Chris Boddy\OneDrive\Documents\Cyber Security and Digital Forensics MSc\Applications of Artificial Intelligence in Cyber Security\Assessment\project\data\large_mixed\minutes2\minutes2.wav,minutes2,639,3195.0,5.0,2
C:\Users\Chris Boddy\OneDrive\Documents\Cyber Security and Digital Forensics MSc\Applications of Artificial Intelligence in Cyber Security\Assessment\project\data\large_mixed\minutes2\minutes2.wav,minutes2,640,3200.0,5.0,1
C:\Users\Chris Boddy\OneDrive\Documents\Cyber Security and Digital Forensics MSc\Applications of Artificial Intelligence in Cyber Security\Assessment\project\data\large_mixed\minutes2\minutes2.wav,minutes2,641,3205.0,5.0,0
C:\Users\Chris Boddy\OneDrive\Documents\Cyber Security and Digital Forensics MSc\Applications of Artificial Intelligence in Cyber Security\Assessment\project\data\large_mixed\minutes2\minutes2.wav,minutes2,642,3210.0,5.0,2
C:\Users\Chris Boddy\OneDrive\Documents\Cyber Security and Digital Forensics MSc\Applications of Artificial Intelligence in Cyber Security\Assessment\project\data\large_mixed\minutes2\minutes2.wav,minutes2,643,3215.0,5.0,2
C:\Users\Chris Boddy\OneDrive\Documents\Cyber Security and Digital Forensics MSc\Applications of Artificial Intelligence in Cyber Security\Assessment\project\data\large_mixed\minutes2\minutes2.wav,minutes2,644,3220.0,5.0,1
C:\Users\Chris Boddy\OneDrive\Documents\Cyber Security and Digital Forensics MSc\Applications of Artificial Intelligence in Cyber Security\Assessment\project\data\large_mixed\minutes2\minutes2.wav,minutes2,645,3225.0,5.0,2
C:\Users\Chris Boddy\OneDrive\Documents\Cyber Security and Digital Forensics MSc\Applications of Artificial Intelligence in Cyber Security\Assessment\project\data\large_mixed\minutes2\minutes2.wav,minutes2,646,3230.0,5.0,0
C:\Users\Chris Boddy\OneDrive\Documents\Cyber Security and Digital Forensics MSc\Applications of Artificial Intelligence in Cyber Security\Assessment\project\data\large_mixed\minutes2\minutes2.wav,minutes2,647,3235.0,5.0,2
C:\Users\Chris Boddy\OneDrive\Documents\Cyber Security and Digital Forensics MSc\Applications of Artificial Intelligence in Cyber Security\Assessment\project\data\large_mixed\minutes2\minutes2.wav,minutes2,648,3240.0,5.0,1
C:\Users\Chris Boddy\OneDrive\Documents\Cyber Security and Digital Forensics MSc\Applications of Artificial Intelligence in Cyber Security\Assessment\project\data\large_mixed\minutes2\minutes2.wav,minutes2,649,3245.0,5.0,1
C:\Users\Chris Boddy\OneDrive\Documents\Cyber Security and Digital Forensics MSc\Applications of Artificial Intelligence in Cyber Security\Assessment\project\data\large_mixed\minutes2\minutes2.wav,minutes2,650,3250.0,5.0,0
C:\Users\Chris Boddy\OneDrive\Documents\Cyber Security and Digital Forensics MSc\Applications of Artificial Intelligence in Cyber Security\Assessment\project\data\large_mixed\minutes2\minutes2.wav,minutes2,651,3255.0,5.0,0
C:\Users\Chris Boddy\OneDrive\Documents\Cyber Security and Digital Forensics MSc\Applications of Artificial Intelligence in Cyber Security\Assessment\project\data\large_mixed\minutes2\minutes2.wav,minutes2,652,3260.0,5.0,2
C:\Users\Chris Boddy\OneDrive\Documents\Cyber Security and Digital Forensics MSc\Applications of Artificial Intelligence in Cyber Security\Assessment\project\data\large_mixed\minutes2\minutes2.wav,minutes2,653,3265.0,5.0,1
C:\Users\Chris Boddy\OneDrive\Documents\Cyber Security and Digital Forensics MSc\Applications of Artificial Intelligence in Cyber Security\Assessment\project\data\large_mixed\minutes2\minutes2.wav,minutes2,654,3270.0,5.0,0
C:\Users\Chris Boddy\OneDrive\Documents\Cyber Security and Digital Forensics MSc\Applications of Artificial Intelligence in Cyber Security\Assessment\project\data\large_mixed\minutes2\minutes2.wav,minutes2,655,3275.0,5.0,1
C:\Users\Chris Boddy\OneDrive\Documents\Cyber Security and Digital Forensics MSc\Applications of Artificial Intelligence in Cyber Security\Assessment\project\data\large_mixed\minutes2\minutes2.wav,minutes2,656,3280.0,5.0,1
C:\Users\Chris Boddy\OneDrive\Documents\Cyber Security and Digital Forensics MSc\Applications of Artificial Intelligence in Cyber Security\Assessment\project\data\large_mixed\minutes2\minutes2.wav,minutes2,657,3285.0,5.0,0
C:\Users\Chris Boddy\OneDrive\Documents\Cyber Security and Digital Forensics MSc\Applications of Artificial Intelligence in Cyber Security\Assessment\project\data\large_mixed\minutes2\minutes2.wav,minutes2,658,3290.0,5.0,1
C:\Users\Chris Boddy\OneDrive\Documents\Cyber Security and Digital Forensics MSc\Applications of Artificial Intelligence in Cyber Security\Assessment\project\data\large_mixed\minutes2\minutes2.wav,minutes2,659,3295.0,5.0,1
C:\Users\Chris Boddy\OneDrive\Documents\Cyber Security and Digital Forensics MSc\Applications of Artificial Intelligence in Cyber Security\Assessment\project\data\large_mixed\minutes2\minutes2.wav,minutes2,660,3300.0,5.0,2
C:\Users\Chris Boddy\OneDrive\Documents\Cyber Security and Digital Forensics MSc\Applications of Artificial Intelligence in Cyber Security\Assessment\project\data\large_mixed\minutes2\minutes2.wav,minutes2,661,3305.0,5.0,0
C:\Users\Chris Boddy\OneDrive\Documents\Cyber Security and Digital Forensics MSc\Applications of Artificial Intelligence in Cyber Security\Assessment\project\data\large_mixed\minutes2\minutes2.wav,minutes2,662,3310.0,5.0,1
C:\Users\Chris Boddy\OneDrive\Documents\Cyber Security and Digital Forensics MSc\Applications of Artificial Intelligence in Cyber Security\Assessment\project\data\large_mixed\minutes2\minutes2.wav,minutes2,663,3315.0,5.0,2
C:\Users\Chris Boddy\OneDrive\Documents\Cyber Security and Digital Forensics MSc\Applications of Artificial Intelligence in Cyber Security\Assessment\project\data\large_mixed\minutes2\minutes2.wav,minutes2,664,3320.0,5.0,0
C:\Users\Chris Boddy\OneDrive\Documents\Cyber Security and Digital Forensics MSc\Applications of Artificial Intelligence in Cyber Security\Assessment\project\data\large_mixed\minutes2\minutes2.wav,minutes2,665,3325.0,5.0,1
C:\Users\Chris Boddy\OneDrive\Documents\Cyber Security and Digital Forensics MSc\Applications of Artificial Intelligence in Cyber Security\Assessment\project\data\large_mixed\minutes2\minutes2.wav,minutes2,666,3330.0,5.0,0
C:\Users\Chris Boddy\OneDrive\Documents\Cyber Security and Digital Forensics MSc\Applications of Artificial Intelligence in Cyber Security\Assessment\project\data\large_mixed\minutes2\minutes2.wav,minutes2,667,3335.0,5.0,1
C:\Users\Chris Boddy\OneDrive\Documents\Cyber Security and Digital Forensics MSc\Applications of Artificial Intelligence in Cyber Security\Assessment\project\data\large_mixed\minutes2\minutes2.wav,minutes2,668,3340.0,5.0,2
C:\Users\Chris Boddy\OneDrive\Documents\Cyber Security and Digital Forensics MSc\Applications of Artificial Intelligence in Cyber Security\Assessment\project\data\large_mixed\minutes2\minutes2.wav,minutes2,669,3345.0,5.0,2
C:\Users\Chris Boddy\OneDrive\Documents\Cyber Security and Digital Forensics MSc\Applications of Artificial Intelligence in Cyber Security\Assessment\project\data\large_mixed\minutes2\minutes2.wav,minutes2,670,3350.0,5.0,1
C:\Users\Chris Boddy\OneDrive\Documents\Cyber Security and Digital Forensics MSc\Applications of Artificial Intelligence in Cyber Security\Assessment\project\data\large_mixed\minutes2\minutes2.wav,minutes2,671,3355.0,5.0,2
C:\Users\Chris Boddy\OneDrive\Documents\Cyber Security and Digital Forensics MSc\Applications of Artificial Intelligence in Cyber Security\Assessment\project\data\large_mixed\minutes2\minutes2.wav,minutes2,672,3360.0,5.0,2
C:\Users\Chris Boddy\OneDrive\Documents\Cyber Security and Digital Forensics MSc\Applications of Artificial Intelligence in Cyber Security\Assessment\project\data\large_mixed\minutes2\minutes2.wav,minutes2,673,3365.0,5.0,0
C:\Users\Chris Boddy\OneDrive\Documents\Cyber Security and Digital Forensics MSc\Applications of Artificial Intelligence in Cyber Security\Assessment\project\data\large_mixed\minutes2\minutes2.wav,minutes2,674,3370.0,5.0,0
C:\Users\Chris Boddy\OneDrive\Documents\Cyber Security and Digital Forensics MSc\Applications of Artificial Intelligence in Cyber Security\Assessment\project\data\large_mixed\minutes2\minutes2.wav,minutes2,675,3375.0,5.0,1
C:\Users\Chris Boddy\OneDrive\Documents\Cyber Security and Digital Forensics MSc\Applications of Artificial Intelligence in Cyber Security\Assessment\project\data\large_mixed\minutes2\minutes2.wav,minutes2,676,3380.0,5.0,2
C:\Users\Chris Boddy\OneDrive\Documents\Cyber Security and Digital Forensics MSc\Applications of Artificial Intelligence in Cyber Security\Assessment\project\data\large_mixed\minutes2\minutes2.wav,minutes2,677,3385.0,5.0,2
C:\Users\Chris Boddy\OneDrive\Documents\Cyber Security and Digital Forensics MSc\Applications of Artificial Intelligence in Cyber Security\Assessment\project\data\large_mixed\minutes2\minutes2.wav,minutes2,678,3390.0,5.0,0
C:\Users\Chris Boddy\OneDrive\Documents\Cyber Security and Digital Forensics MSc\Applications of Artificial Intelligence in Cyber Security\Assessment\project\data\large_mixed\minutes2\minutes2.wav,minutes2,679,3395.0,5.0,2
C:\Users\Chris Boddy\OneDrive\Documents\Cyber Security and Digital Forensics MSc\Applications of Artificial Intelligence in Cyber Security\Assessment\project\data\large_mixed\minutes2\minutes2.wav,minutes2,680,3400.0,5.0,0
C:\Users\Chris Boddy\OneDrive\Documents\Cyber Security and Digital Forensics MSc\Applications of Artificial Intelligence in Cyber Security\Assessment\project\data\large_mixed\minutes2\minutes2.wav,minutes2,681,3405.0,5.0,2
C:\Users\Chris Boddy\OneDrive\Documents\Cyber Security and Digital Forensics MSc\Applications of Artificial Intelligence in Cyber Security\Assessment\project\data\large_mixed\minutes2\minutes2.wav,minutes2,682,3410.0,5.0,1
C:\Users\Chris Boddy\OneDrive\Documents\Cyber Security and Digital Forensics MSc\Applications of Artificial Intelligence in Cyber Security\Assessment\project\data\large_mixed\minutes2\minutes2.wav,minutes2,683,3415.0,5.0,0
C:\Users\Chris Boddy\OneDrive\Documents\Cyber Security and Digital Forensics MSc\Applications of Artificial Intelligence in Cyber Security\Assessment\project\data\large_mixed\minutes2\minutes2.wav,minutes2,684,3420.0,5.0,2
C:\Users\Chris Boddy\OneDrive\Documents\Cyber Security and Digital Forensics MSc\Applications of Artificial Intelligence in Cyber Security\Assessment\project\data\large_mixed\minutes2\minutes2.wav,minutes2,685,3425.0,5.0,0
C:\Users\Chris Boddy\OneDrive\Documents\Cyber Security and Digital Forensics MSc\Applications of Artificial Intelligence in Cyber Security\Assessment\project\data\large_mixed\minutes2\minutes2.wav,minutes2,686,3430.0,5.0,1
C:\Users\Chris Boddy\OneDrive\Documents\Cyber Security and Digital Forensics MSc\Applications of Artificial Intelligence in Cyber Security\Assessment\project\data\large_mixed\minutes2\minutes2.wav,minutes2,687,3435.0,5.0,2
C:\Users\Chris Boddy\OneDrive\Documents\Cyber Security and Digital Forensics MSc\Applications of Artificial Intelligence in Cyber Security\Assessment\project\data\large_mixed\minutes2\minutes2.wav,minutes2,688,3440.0,5.0,2
C:\Users\Chris Boddy\OneDrive\Documents\Cyber Security and Digital Forensics MSc\Applications of Artificial Intelligence in Cyber Security\Assessment\project\data\large_mixed\minutes2\minutes2.wav,minutes2,689,3445.0,5.0,0
C:\Users\Chris Boddy\OneDrive\Documents\Cyber Security and Digital Forensics MSc\Applications of Artificial Intelligence in Cyber Security\Assessment\project\data\large_mixed\minutes2\minutes2.wav,minutes2,690,3450.0,5.0,2
C:\Users\Chris Boddy\OneDrive\Documents\Cyber Security and Digital Forensics MSc\Applications of Artificial Intelligence in Cyber Security\Assessment\project\data\large_mixed\minutes2\minutes2.wav,minutes2,691,3455.0,5.0,2
C:\Users\Chris Boddy\OneDrive\Documents\Cyber Security and Digital Forensics MSc\Applications of Artificial Intelligence in Cyber Security\Assessment\project\data\large_mixed\minutes2\minutes2.wav,minutes2,692,3460.0,5.0,2
C:\Users\Chris Boddy\OneDrive\Documents\Cyber Security and Digital Forensics MSc\Applications of Artificial Intelligence in Cyber Security\Assessment\project\data\large_mixed\minutes2\minutes2.wav,minutes2,693,3465.0,5.0,2
C:\Users\Chris Boddy\OneDrive\Documents\Cyber Security and Digital Forensics MSc\Applications of Artificial Intelligence in Cyber Security\Assessment\project\data\large_mixed\minutes2\minutes2.wav,minutes2,694,3470.0,5.0,1
C:\Users\Chris Boddy\OneDrive\Documents\Cyber Security and Digital Forensics MSc\Applications of Artificial Intelligence in Cyber Security\Assessment\project\data\large_mixed\minutes2\minutes2.wav,minutes2,695,3475.0,5.0,2
C:\Users\Chris Boddy\OneDrive\Documents\Cyber Security and Digital Forensics MSc\Applications of Artificial Intelligence in Cyber Security\Assessment\project\data\large_mixed\minutes2\minutes2.wav,minutes2,696,3480.0,5.0,1
C:\Users\Chris Boddy\OneDrive\Documents\Cyber Security and Digital Forensics MSc\Applications of Artificial Intelligence in Cyber Security\Assessment\project\data\large_mixed\minutes2\minutes2.wav,minutes2,697,3485.0,5.0,0
C:\Users\Chris Boddy\OneDrive\Documents\Cyber Security and Digital Forensics MSc\Applications of Artificial Intelligence in Cyber Security\Assessment\project\data\large_mixed\minutes2\minutes2.wav,minutes2,698,3490.0,5.0,1
C:\Users\Chris Boddy\OneDrive\Documents\Cyber Security and Digital Forensics MSc\Applications of Artificial Intelligence in Cyber Security\Assessment\project\data\large_mixed\minutes2\minutes2.wav,minutes2,699,3495.0,5.0,0
C:\Users\Chris Boddy\OneDrive\Documents\Cyber Security and Digital Forensics MSc\Applications of Artificial Intelligence in Cyber Security\Assessment\project\data\large_mixed\minutes2\minutes2.wav,minutes2,700,3500.0,5.0,1
C:\Users\Chris Boddy\OneDrive\Documents\Cyber Security and Digital Forensics MSc\Applications of Artificial Intelligence in Cyber Security\Assessment\project\data\large_mixed\minutes2\minutes2.wav,minutes2,701,3505.0,5.0,2
C:\Users\Chris Boddy\OneDrive\Documents\Cyber Security and Digital Forensics MSc\Applications of Artificial Intelligence in Cyber Security\Assessment\project\data\large_mixed\minutes2\minutes2.wav,minutes2,702,3510.0,5.0,0
C:\Users\Chris Boddy\OneDrive\Documents\Cyber Security and Digital Forensics MSc\Applications of Artificial Intelligence in Cyber Security\Assessment\project\data\large_mixed\minutes2\minutes2.wav,minutes2,703,3515.0,5.0,2
C:\Users\Chris Boddy\OneDrive\Documents\Cyber Security and Digital Forensics MSc\Applications of Artificial Intelligence in Cyber Security\Assessment\project\data\large_mixed\minutes2\minutes2.wav,minutes2,704,3520.0,5.0,2
C:\Users\Chris Boddy\OneDrive\Documents\Cyber Security and Digital Forensics MSc\Applications of Artificial Intelligence in Cyber Security\Assessment\project\data\large_mixed\minutes2\minutes2.wav,minutes2,705,3525.0,5.0,0
C:\Users\Chris Boddy\OneDrive\Documents\Cyber Security and Digital Forensics MSc\Applications of Artificial Intelligence in Cyber Security\Assessment\project\data\large_mixed\minutes2\minutes2.wav,minutes2,706,3530.0,5.0,0
C:\Users\Chris Boddy\OneDrive\Documents\Cyber Security and Digital Forensics MSc\Applications of Artificial Intelligence in Cyber Security\Assessment\project\data\large_mixed\minutes2\minutes2.wav,minutes2,707,3535.0,5.0,1
C:\Users\Chris Boddy\OneDrive\Documents\Cyber Security and Digital Forensics MSc\Applications of Artificial Intelligence in Cyber Security\Assessment\project\data\large_mixed\minutes2\minutes2.wav,minutes2,708,3540.0,5.0,2
C:\Users\Chris Boddy\OneDrive\Documents\Cyber Security and Digital Forensics MSc\Applications of Artificial Intelligence in Cyber Security\Assessment\project\data\large_mixed\minutes2\minutes2.wav,minutes2,709,3545.0,5.0,0
C:\Users\Chris Boddy\OneDrive\Documents\Cyber Security and Digital Forensics MSc\Applications of Artificial Intelligence in Cyber Security\Assessment\project\data\large_mixed\minutes2\minutes2.wav,minutes2,710,3550.0,5.0,2
C:\Users\Chris Boddy\OneDrive\Documents\Cyber Security and Digital Forensics MSc\Applications of Artificial Intelligence in Cyber Security\Assessment\project\data\large_mixed\minutes2\minutes2.wav,minutes2,711,3555.0,5.0,2
C:\Users\Chris Boddy\OneDrive\Documents\Cyber Security and Digital Forensics MSc\Applications of Artificial Intelligence in Cyber Security\Assessment\project\data\large_mixed\minutes2\minutes2.wav,minutes2,712,3560.0,5.0,1
C:\Users\Chris Boddy\OneDrive\Documents\Cyber Security and Digital Forensics MSc\Applications of Artificial Intelligence in Cyber Security\Assessment\project\data\large_mixed\minutes2\minutes2.wav,minutes2,713,3565.0,5.0,1
C:\Users\Chris Boddy\OneDrive\Documents\Cyber Security and Digital Forensics MSc\Applications of Artificial Intelligence in Cyber Security\Assessment\project\data\large_mixed\minutes2\minutes2.wav,minutes2,714,3570.0,5.0,2
C:\Users\Chris Boddy\OneDrive\Documents\Cyber Security and Digital Forensics MSc\Applications of Artificial Intelligence in Cyber Security\Assessment\project\data\large_mixed\minutes2\minutes2.wav,minutes2,715,3575.0,5.0,1
C:\Users\Chris Boddy\OneDrive\Documents\Cyber Security and Digital Forensics MSc\Applications of Artificial Intelligence in Cyber Security\Assessment\project\data\large_mixed\minutes2\minutes2.wav,minutes2,716,3580.0,5.0,0
C:\Users\Chris Boddy\OneDrive\Documents\Cyber Security and Digital Forensics MSc\Applications of Artificial Intelligence in Cyber Security\Assessment\project\data\large_mixed\minutes2\minutes2.wav,minutes2,717,3585.0,5.0,2
C:\Users\Chris Boddy\OneDrive\Documents\Cyber Security and Digital Forensics MSc\Applications of Artificial Intelligence in Cyber Security\Assessment\project\data\large_mixed\minutes2\minutes2.wav,minutes2,718,3590.0,5.0,2
C:\Users\Chris Boddy\OneDrive\Documents\Cyber Security and Digital Forensics MSc\Applications of Artificial Intelligence in Cyber Security\Assessment\project\data\large_mixed\minutes2\minutes2.wav,minutes2,719,3595.0,5.0,0
C:\Users\Chris Boddy\OneDrive\Documents\Cyber Security and Digital Forensics MSc\Applications of Artificial Intelligence in Cyber Security\Assessment\project\data\large_mixed\minutes2\minutes2.wav,minutes2,720,3600.0,5.0,2
C:\Users\Chris Boddy\OneDrive\Documents\Cyber Security and Digital Forensics MSc\Applications of Artificial Intelligence in Cyber Security\Assessment\project\data\large_mixed\minutes2\minutes2.wav,minutes2,721,3605.0,5.0,0
C:\Users\Chris Boddy\OneDrive\Documents\Cyber Security and Digital Forensics MSc\Applications of Artificial Intelligence in Cyber Security\Assessment\project\data\large_mixed\minutes2\minutes2.wav,minutes2,722,3610.0,5.0,2
C:\Users\Chris Boddy\OneDrive\Documents\Cyber Security and Digital Forensics MSc\Applications of Artificial Intelligence in Cyber Security\Assessment\project\data\large_mixed\minutes2\minutes2.wav,minutes2,723,3615.0,5.0,2
C:\Users\Chris Boddy\OneDrive\Documents\Cyber Security and Digital Forensics MSc\Applications of Artificial Intelligence in Cyber Security\Assessment\project\data\large_mixed\minutes2\minutes2.wav,minutes2,724,3620.0,5.0,0
C:\Users\Chris Boddy\OneDrive\Documents\Cyber Security and Digital Forensics MSc\Applications of Artificial Intelligence in Cyber Security\Assessment\project\data\large_mixed\minutes2\minutes2.wav,minutes2,725,3625.0,5.0,2
C:\Users\Chris Boddy\OneDrive\Documents\Cyber Security and Digital Forensics MSc\Applications of Artificial Intelligence in Cyber Security\Assessment\project\data\large_mixed\minutes2\minutes2.wav,minutes2,726,3630.0,5.0,0
C:\Users\Chris Boddy\OneDrive\Documents\Cyber Security and Digital Forensics MSc\Applications of Artificial Intelligence in Cyber Security\Assessment\project\data\large_mixed\minutes2\minutes2.wav,minutes2,727,3635.0,5.0,0
C:\Users\Chris Boddy\OneDrive\Documents\Cyber Security and Digital Forensics MSc\Applications of Artificial Intelligence in Cyber Security\Assessment\project\data\large_mixed\minutes2\minutes2.wav,minutes2,728,3640.0,5.0,2
C:\Users\Chris Boddy\OneDrive\Documents\Cyber Security and Digital Forensics MSc\Applications of Artificial Intelligence in Cyber Security\Assessment\project\data\large_mixed\minutes2\minutes2.wav,minutes2,729,3645.0,5.0,2
C:\Users\Chris Boddy\OneDrive\Documents\Cyber Security and Digital Forensics MSc\Applications of Artificial Intelligence in Cyber Security\Assessment\project\data\large_mixed\minutes2\minutes2.wav,minutes2,730,3650.0,5.0,1
C:\Users\Chris Boddy\OneDrive\Documents\Cyber Security and Digital Forensics MSc\Applications of Artificial Intelligence in Cyber Security\Assessment\project\data\large_mixed\minutes2\minutes2.wav,minutes2,731,3655.0,5.0,2
C:\Users\Chris Boddy\OneDrive\Documents\Cyber Security and Digital Forensics MSc\Applications of Artificial Intelligence in Cyber Security\Assessment\project\data\large_mixed\minutes2\minutes2.wav,minutes2,732,3660.0,5.0,0
C:\Users\Chris Boddy\OneDrive\Documents\Cyber Security and Digital Forensics MSc\Applications of Artificial Intelligence in Cyber Security\Assessment\project\data\large_mixed\minutes2\minutes2.wav,minutes2,733,3665.0,5.0,0
C:\Users\Chris Boddy\OneDrive\Documents\Cyber Security and Digital Forensics MSc\Applications of Artificial Intelligence in Cyber Security\Assessment\project\data\large_mixed\minutes2\minutes2.wav,minutes2,734,3670.0,5.0,1
C:\Users\Chris Boddy\OneDrive\Documents\Cyber Security and Digital Forensics MSc\Applications of Artificial Intelligence in Cyber Security\Assessment\project\data\large_mixed\minutes2\minutes2.wav,minutes2,735,3675.0,5.0,1
C:\Users\Chris Boddy\OneDrive\Documents\Cyber Security and Digital Forensics MSc\Applications of Artificial Intelligence in Cyber Security\Assessment\project\data\large_mixed\minutes2\minutes2.wav,minutes2,736,3680.0,5.0,2
C:\Users\Chris Boddy\OneDrive\Documents\Cyber Security and Digital Forensics MSc\Applications of Artificial Intelligence in Cyber Security\Assessment\project\data\large_mixed\minutes2\minutes2.wav,minutes2,737,3685.0,5.0,1
C:\Users\Chris Boddy\OneDrive\Documents\Cyber Security and Digital Forensics MSc\Applications of Artificial Intelligence in Cyber Security\Assessment\project\data\large_mixed\minutes2\minutes2.wav,minutes2,738,3690.0,5.0,2
C:\Users\Chris Boddy\OneDrive\Documents\Cyber Security and Digital Forensics MSc\Applications of Artificial Intelligence in Cyber Security\Assessment\project\data\large_mixed\minutes2\minutes2.wav,minutes2,739,3695.0,5.0,2
C:\Users\Chris Boddy\OneDrive\Documents\Cyber Security and Digital Forensics MSc\Applications of Artificial Intelligence in Cyber Security\Assessment\project\data\large_mixed\minutes2\minutes2.wav,minutes2,740,3700.0,5.0,0
C:\Users\Chris Boddy\OneDrive\Documents\Cyber Security and Digital Forensics MSc\Applications of Artificial Intelligence in Cyber Security\Assessment\project\data\large_mixed\minutes2\minutes2.wav,minutes2,741,3705.0,5.0,2
C:\Users\Chris Boddy\OneDrive\Documents\Cyber Security and Digital Forensics MSc\Applications of Artificial Intelligence in Cyber Security\Assessment\project\data\large_mixed\minutes2\minutes2.wav,minutes2,742,3710.0,5.0,2
C:\Users\Chris Boddy\OneDrive\Documents\Cyber Security and Digital Forensics MSc\Applications of Artificial Intelligence in Cyber Security\Assessment\project\data\large_mixed\minutes2\minutes2.wav,minutes2,743,3715.0,5.0,1
C:\Users\Chris Boddy\OneDrive\Documents\Cyber Security and Digital Forensics MSc\Applications of Artificial Intelligence in Cyber Security\Assessment\project\data\large_mixed\minutes2\minutes2.wav,minutes2,744,3720.0,5.0,0
C:\Users\Chris Boddy\OneDrive\Documents\Cyber Security and Digital Forensics MSc\Applications of Artificial Intelligence in Cyber Security\Assessment\project\data\large_mixed\minutes2\minutes2.wav,minutes2,745,3725.0,5.0,2
C:\Users\Chris Boddy\OneDrive\Documents\Cyber Security and Digital Forensics MSc\Applications of Artificial Intelligence in Cyber Security\Assessment\project\data\large_mixed\minutes2\minutes2.wav,minutes2,746,3730.0,5.0,1
C:\Users\Chris Boddy\OneDrive\Documents\Cyber Security and Digital Forensics MSc\Applications of Artificial Intelligence in Cyber Security\Assessment\project\data\large_mixed\minutes2\minutes2.wav,minutes2,747,3735.0,5.0,1
C:\Users\Chris Boddy\OneDrive\Documents\Cyber Security and Digital Forensics MSc\Applications of Artificial Intelligence in Cyber Security\Assessment\project\data\large_mixed\minutes2\minutes2.wav,minutes2,748,3740.0,5.0,0
C:\Users\Chris Boddy\OneDrive\Documents\Cyber Security and Digital Forensics MSc\Applications of Artificial Intelligence in Cyber Security\Assessment\project\data\large_mixed\minutes2\minutes2.wav,minutes2,749,3745.0,5.0,1
C:\Users\Chris Boddy\OneDrive\Documents\Cyber Security and Digital Forensics MSc\Applications of Artificial Intelligence in Cyber Security\Assessment\project\data\large_mixed\minutes2\minutes2.wav,minutes2,750,3750.0,5.0,2
C:\Users\Chris Boddy\OneDrive\Documents\Cyber Security and Digital Forensics MSc\Applications of Artificial Intelligence in Cyber Security\Assessment\project\data\large_mixed\minutes2\minutes2.wav,minutes2,751,3755.0,5.0,1
C:\Users\Chris Boddy\OneDrive\Documents\Cyber Security and Digital Forensics MSc\Applications of Artificial Intelligence in Cyber Security\Assessment\project\data\large_mixed\minutes2\minutes2.wav,minutes2,752,3760.0,5.0,1
C:\Users\Chris Boddy\OneDrive\Documents\Cyber Security and Digital Forensics MSc\Applications of Artificial Intelligence in Cyber Security\Assessment\project\data\large_mixed\minutes2\minutes2.wav,minutes2,753,3765.0,5.0,0
C:\Users\Chris Boddy\OneDrive\Documents\Cyber Security and Digital Forensics MSc\Applications of Artificial Intelligence in Cyber Security\Assessment\project\data\large_mixed\minutes2\minutes2.wav,minutes2,754,3770.0,5.0,2
C:\Users\Chris Boddy\OneDrive\Documents\Cyber Security and Digital Forensics MSc\Applications of Artificial Intelligence in Cyber Security\Assessment\project\data\large_mixed\minutes2\minutes2.wav,minutes2,755,3775.0,5.0,2
C:\Users\Chris Boddy\OneDrive\Documents\Cyber Security and Digital Forensics MSc\Applications of Artificial Intelligence in Cyber Security\Assessment\project\data\large_mixed\minutes2\minutes2.wav,minutes2,756,3780.0,5.0,2
C:\Users\Chris Boddy\OneDrive\Documents\Cyber Security and Digital Forensics MSc\Applications of Artificial Intelligence in Cyber Security\Assessment\project\data\large_mixed\minutes2\minutes2.wav,minutes2,757,3785.0,5.0,1
C:\Users\Chris Boddy\OneDrive\Documents\Cyber Security and Digital Forensics MSc\Applications of Artificial Intelligence in Cyber Security\Assessment\project\data\large_mixed\minutes2\minutes2.wav,minutes2,758,3790.0,5.0,2
C:\Users\Chris Boddy\OneDrive\Documents\Cyber Security and Digital Forensics MSc\Applications of Artificial Intelligence in Cyber Security\Assessment\project\data\large_mixed\minutes2\minutes2.wav,minutes2,759,3795.0,5.0,0
C:\Users\Chris Boddy\OneDrive\Documents\Cyber Security and Digital Forensics MSc\Applications of Artificial Intelligence in Cyber Security\Assessment\project\data\large_mixed\minutes2\minutes2.wav,minutes2,760,3800.0,5.0,2
C:\Users\Chris Boddy\OneDrive\Documents\Cyber Security and Digital Forensics MSc\Applications of Artificial Intelligence in Cyber Security\Assessment\project\data\large_mixed\minutes2\minutes2.wav,minutes2,761,3805.0,5.0,0
C:\Users\Chris Boddy\OneDrive\Documents\Cyber Security and Digital Forensics MSc\Applications of Artificial Intelligence in Cyber Security\Assessment\project\data\large_mixed\minutes2\minutes2.wav,minutes2,762,3810.0,5.0,0
C:\Users\Chris Boddy\OneDrive\Documents\Cyber Security and Digital Forensics MSc\Applications of Artificial Intelligence in Cyber Security\Assessment\project\data\large_mixed\minutes2\minutes2.wav,minutes2,763,3815.0,5.0,2
C:\Users\Chris Boddy\OneDrive\Documents\Cyber Security and Digital Forensics MSc\Applications of Artificial Intelligence in Cyber Security\Assessment\project\data\large_mixed\minutes2\minutes2.wav,minutes2,764,3820.0,5.0,0
C:\Users\Chris Boddy\OneDrive\Documents\Cyber Security and Digital Forensics MSc\Applications of Artificial Intelligence in Cyber Security\Assessment\project\data\large_mixed\minutes2\minutes2.wav,minutes2,765,3825.0,5.0,2
C:\Users\Chris Boddy\OneDrive\Documents\Cyber Security and Digital Forensics MSc\Applications of Artificial Intelligence in Cyber Security\Assessment\project\data\large_mixed\minutes2\minutes2.wav,minutes2,766,3830.0,5.0,1
C:\Users\Chris Boddy\OneDrive\Documents\Cyber Security and Digital Forensics MSc\Applications of Artificial Intelligence in Cyber Security\Assessment\project\data\large_mixed\minutes2\minutes2.wav,minutes2,767,3835.0,5.0,2
C:\Users\Chris Boddy\OneDrive\Documents\Cyber Security and Digital Forensics MSc\Applications of Artificial Intelligence in Cyber Security\Assessment\project\data\large_mixed\minutes2\minutes2.wav,minutes2,768,3840.0,5.0,1
C:\Users\Chris Boddy\OneDrive\Documents\Cyber Security and Digital Forensics MSc\Applications of Artificial Intelligence in Cyber Security\Assessment\project\data\large_mixed\minutes2\minutes2.wav,minutes2,769,3845.0,5.0,1
C:\Users\Chris Boddy\OneDrive\Documents\Cyber Security and Digital Forensics MSc\Applications of Artificial Intelligence in Cyber Security\Assessment\project\data\large_mixed\minutes2\minutes2.wav,minutes2,770,3850.0,5.0,2
C:\Users\Chris Boddy\OneDrive\Documents\Cyber Security and Digital Forensics MSc\Applications of Artificial Intelligence in Cyber Security\Assessment\project\data\large_mixed\minutes2\minutes2.wav,minutes2,771,3855.0,5.0,2
C:\Users\Chris Boddy\OneDrive\Documents\Cyber Security and Digital Forensics MSc\Applications of Artificial Intelligence in Cyber Security\Assessment\project\data\large_mixed\minutes2\minutes2.wav,minutes2,772,3860.0,5.0,0
C:\Users\Chris Boddy\OneDrive\Documents\Cyber Security and Digital Forensics MSc\Applications of Artificial Intelligence in Cyber Security\Assessment\project\data\large_mixed\minutes2\minutes2.wav,minutes2,773,3865.0,5.0,2
C:\Users\Chris Boddy\OneDrive\Documents\Cyber Security and Digital Forensics MSc\Applications of Artificial Intelligence in Cyber Security\Assessment\project\data\large_mixed\minutes2\minutes2.wav,minutes2,774,3870.0,5.0,1
C:\Users\Chris Boddy\OneDrive\Documents\Cyber Security and Digital Forensics MSc\Applications of Artificial Intelligence in Cyber Security\Assessment\project\data\large_mixed\minutes2\minutes2.wav,minutes2,775,3875.0,5.0,2
C:\Users\Chris Boddy\OneDrive\Documents\Cyber Security and Digital Forensics MSc\Applications of Artificial Intelligence in Cyber Security\Assessment\project\data\large_mixed\minutes2\minutes2.wav,minutes2,776,3880.0,5.0,2
C:\Users\Chris Boddy\OneDrive\Documents\Cyber Security and Digital Forensics MSc\Applications of Artificial Intelligence in Cyber Security\Assessment\project\data\large_mixed\minutes2\minutes2.wav,minutes2,777,3885.0,5.0,2
C:\Users\Chris Boddy\OneDrive\Documents\Cyber Security and Digital Forensics MSc\Applications of Artificial Intelligence in Cyber Security\Assessment\project\data\large_mixed\minutes2\minutes2.wav,minutes2,778,3890.0,5.0,0
C:\Users\Chris Boddy\OneDrive\Documents\Cyber Security and Digital Forensics MSc\Applications of Artificial Intelligence in Cyber Security\Assessment\project\data\large_mixed\minutes2\minutes2.wav,minutes2,779,3895.0,5.0,1
C:\Users\Chris Boddy\OneDrive\Documents\Cyber Security and Digital Forensics MSc\Applications of Artificial Intelligence in Cyber Security\Assessment\project\data\large_mixed\minutes2\minutes2.wav,minutes2,780,3900.0,5.0,0
C:\Users\Chris Boddy\OneDrive\Documents\Cyber Security and Digital Forensics MSc\Applications of Artificial Intelligence in Cyber Security\Assessment\project\data\large_mixed\minutes2\minutes2.wav,minutes2,781,3905.0,5.0,1
C:\Users\Chris Boddy\OneDrive\Documents\Cyber Security and Digital Forensics MSc\Applications of Artificial Intelligence in Cyber Security\Assessment\project\data\large_mixed\minutes2\minutes2.wav,minutes2,782,3910.0,5.0,2
C:\Users\Chris Boddy\OneDrive\Documents\Cyber Security and Digital Forensics MSc\Applications of Artificial Intelligence in Cyber Security\Assessment\project\data\large_mixed\minutes2\minutes2.wav,minutes2,783,3915.0,5.0,0
C:\Users\Chris Boddy\OneDrive\Documents\Cyber Security and Digital Forensics MSc\Applications of Artificial Intelligence in Cyber Security\Assessment\project\data\large_mixed\minutes2\minutes2.wav,minutes2,784,3920.0,5.0,2
C:\Users\Chris Boddy\OneDrive\Documents\Cyber Security and Digital Forensics MSc\Applications of Artificial Intelligence in Cyber Security\Assessment\project\data\large_mixed\minutes2\minutes2.wav,minutes2,785,3925.0,5.0,0
C:\Users\Chris Boddy\OneDrive\Documents\Cyber Security and Digital Forensics MSc\Applications of Artificial Intelligence in Cyber Security\Assessment\project\data\large_mixed\minutes2\minutes2.wav,minutes2,786,3930.0,5.0,0
C:\Users\Chris Boddy\OneDrive\Documents\Cyber Security and Digital Forensics MSc\Applications of Artificial Intelligence in Cyber Security\Assessment\project\data\large_mixed\minutes2\minutes2.wav,minutes2,787,3935.0,5.0,2
C:\Users\Chris Boddy\OneDrive\Documents\Cyber Security and Digital Forensics MSc\Applications of Artificial Intelligence in Cyber Security\Assessment\project\data\large_mixed\minutes2\minutes2.wav,minutes2,788,3940.0,5.0,1
C:\Users\Chris Boddy\OneDrive\Documents\Cyber Security and Digital Forensics MSc\Applications of Artificial Intelligence in Cyber Security\Assessment\project\data\large_mixed\minutes2\minutes2.wav,minutes2,789,3945.0,5.0,1
C:\Users\Chris Boddy\OneDrive\Documents\Cyber Security and Digital Forensics MSc\Applications of Artificial Intelligence in Cyber Security\Assessment\project\data\large_mixed\minutes2\minutes2.wav,minutes2,790,3950.0,5.0,1
C:\Users\Chris Boddy\OneDrive\Documents\Cyber Security and Digital Forensics MSc\Applications of Artificial Intelligence in Cyber Security\Assessment\project\data\large_mixed\minutes2\minutes2.wav,minutes2,791,3955.0,5.0,1
C:\Users\Chris Boddy\OneDrive\Documents\Cyber Security and Digital Forensics MSc\Applications of Artificial Intelligence in Cyber Security\Assessment\project\data\large_mixed\minutes2\minutes2.wav,minutes2,792,3960.0,5.0,2
C:\Users\Chris Boddy\OneDrive\Documents\Cyber Security and Digital Forensics MSc\Applications of Artificial Intelligence in Cyber Security\Assessment\project\data\large_mixed\minutes2\minutes2.wav,minutes2,793,3965.0,5.0,0
C:\Users\Chris Boddy\OneDrive\Documents\Cyber Security and Digital Forensics MSc\Applications of Artificial Intelligence in Cyber Security\Assessment\project\data\large_mixed\minutes2\minutes2.wav,minutes2,794,3970.0,5.0,1
C:\Users\Chris Boddy\OneDrive\Documents\Cyber Security and Digital Forensics MSc\Applications of Artificial Intelligence in Cyber Security\Assessment\project\data\large_mixed\minutes2\minutes2.wav,minutes2,795,3975.0,5.0,2
C:\Users\Chris Boddy\OneDrive\Documents\Cyber Security and Digital Forensics MSc\Applications of Artificial Intelligence in Cyber Security\Assessment\project\data\large_mixed\minutes2\minutes2.wav,minutes2,796,3980.0,5.0,1
C:\Users\Chris Boddy\OneDrive\Documents\Cyber Security and Digital Forensics MSc\Applications of Artificial Intelligence in Cyber Security\Assessment\project\data\large_mixed\minutes2\minutes2.wav,minutes2,797,3985.0,5.0,2
C:\Users\Chris Boddy\OneDrive\Documents\Cyber Security and Digital Forensics MSc\Applications of Artificial Intelligence in Cyber Security\Assessment\project\data\large_mixed\minutes2\minutes2.wav,minutes2,798,3990.0,5.0,0
C:\Users\Chris Boddy\OneDrive\Documents\Cyber Security and Digital Forensics MSc\Applications of Artificial Intelligence in Cyber Security\Assessment\project\data\large_mixed\minutes2\minutes2.wav,minutes2,799,3995.0,5.0,2
C:\Users\Chris Boddy\OneDrive\Documents\Cyber Security and Digital Forensics MSc\Applications of Artificial Intelligence in Cyber Security\Assessment\project\data\large_mixed\minutes2\minutes2.wav,minutes2,800,4000.0,5.0,1
C:\Users\Chris Boddy\OneDrive\Documents\Cyber Security and Digital Forensics MSc\Applications of Artificial Intelligence in Cyber Security\Assessment\project\data\large_mixed\minutes2\minutes2.wav,minutes2,801,4005.0,5.0,0
C:\Users\Chris Boddy\OneDrive\Documents\Cyber Security and Digital Forensics MSc\Applications of Artificial Intelligence in Cyber Security\Assessment\project\data\large_mixed\minutes2\minutes2.wav,minutes2,802,4010.0,5.0,1
C:\Users\Chris Boddy\OneDrive\Documents\Cyber Security and Digital Forensics MSc\Applications of Artificial Intelligence in Cyber Security\Assessment\project\data\large_mixed\minutes2\minutes2.wav,minutes2,803,4015.0,5.0,2
C:\Users\Chris Boddy\OneDrive\Documents\Cyber Security and Digital Forensics MSc\Applications of Artificial Intelligence in Cyber Security\Assessment\project\data\large_mixed\minutes2\minutes2.wav,minutes2,804,4020.0,5.0,1
C:\Users\Chris Boddy\OneDrive\Documents\Cyber Security and Digital Forensics MSc\Applications of Artificial Intelligence in Cyber Security\Assessment\project\data\large_mixed\minutes2\minutes2.wav,minutes2,805,4025.0,5.0,2
C:\Users\Chris Boddy\OneDrive\Documents\Cyber Security and Digital Forensics MSc\Applications of Artificial Intelligence in Cyber Security\Assessment\project\data\large_mixed\minutes2\minutes2.wav,minutes2,806,4030.0,5.0,1
C:\Users\Chris Boddy\OneDrive\Documents\Cyber Security and Digital Forensics MSc\Applications of Artificial Intelligence in Cyber Security\Assessment\project\data\large_mixed\minutes2\minutes2.wav,minutes2,807,4035.0,5.0,1
C:\Users\Chris Boddy\OneDrive\Documents\Cyber Security and Digital Forensics MSc\Applications of Artificial Intelligence in Cyber Security\Assessment\project\data\large_mixed\minutes2\minutes2.wav,minutes2,808,4040.0,5.0,2
C:\Users\Chris Boddy\OneDrive\Documents\Cyber Security and Digital Forensics MSc\Applications of Artificial Intelligence in Cyber Security\Assessment\project\data\large_mixed\minutes2\minutes2.wav,minutes2,809,4045.0,5.0,2
C:\Users\Chris Boddy\OneDrive\Documents\Cyber Security and Digital Forensics MSc\Applications of Artificial Intelligence in Cyber Security\Assessment\project\data\large_mixed\minutes2\minutes2.wav,minutes2,810,4050.0,5.0,2
C:\Users\Chris Boddy\OneDrive\Documents\Cyber Security and Digital Forensics MSc\Applications of Artificial Intelligence in Cyber Security\Assessment\project\data\large_mixed\minutes2\minutes2.wav,minutes2,811,4055.0,5.0,1
C:\Users\Chris Boddy\OneDrive\Documents\Cyber Security and Digital Forensics MSc\Applications of Artificial Intelligence in Cyber Security\Assessment\project\data\large_mixed\minutes2\minutes2.wav,minutes2,812,4060.0,5.0,1
C:\Users\Chris Boddy\OneDrive\Documents\Cyber Security and Digital Forensics MSc\Applications of Artificial Intelligence in Cyber Security\Assessment\project\data\large_mixed\minutes2\minutes2.wav,minutes2,813,4065.0,5.0,2
C:\Users\Chris Boddy\OneDrive\Documents\Cyber Security and Digital Forensics MSc\Applications of Artificial Intelligence in Cyber Security\Assessment\project\data\large_mixed\minutes2\minutes2.wav,minutes2,814,4070.0,5.0,2
C:\Users\Chris Boddy\OneDrive\Documents\Cyber Security and Digital Forensics MSc\Applications of Artificial Intelligence in Cyber Security\Assessment\project\data\large_mixed\minutes2\minutes2.wav,minutes2,815,4075.0,5.0,0
C:\Users\Chris Boddy\OneDrive\Documents\Cyber Security and Digital Forensics MSc\Applications of Artificial Intelligence in Cyber Security\Assessment\project\data\large_mixed\minutes2\minutes2.wav,minutes2,816,4080.0,5.0,0
C:\Users\Chris Boddy\OneDrive\Documents\Cyber Security and Digital Forensics MSc\Applications of Artificial Intelligence in Cyber Security\Assessment\project\data\large_mixed\minutes2\minutes2.wav,minutes2,817,4085.0,5.0,2
C:\Users\Chris Boddy\OneDrive\Documents\Cyber Security and Digital Forensics MSc\Applications of Artificial Intelligence in Cyber Security\Assessment\project\data\large_mixed\minutes2\minutes2.wav,minutes2,818,4090.0,5.0,1
C:\Users\Chris Boddy\OneDrive\Documents\Cyber Security and Digital Forensics MSc\Applications of Artificial Intelligence in Cyber Security\Assessment\project\data\large_mixed\minutes2\minutes2.wav,minutes2,819,4095.0,5.0,0
C:\Users\Chris Boddy\OneDrive\Documents\Cyber Security and Digital Forensics MSc\Applications of Artificial Intelligence in Cyber Security\Assessment\project\data\large_mixed\minutes2\minutes2.wav,minutes2,820,4100.0,5.0,1
C:\Users\Chris Boddy\OneDrive\Documents\Cyber Security and Digital Forensics MSc\Applications of Artificial Intelligence in Cyber Security\Assessment\project\data\large_mixed\minutes2\minutes2.wav,minutes2,821,4105.0,5.0,2
C:\Users\Chris Boddy\OneDrive\Documents\Cyber Security and Digital Forensics MSc\Applications of Artificial Intelligence in Cyber Security\Assessment\project\data\large_mixed\minutes2\minutes2.wav,minutes2,822,4110.0,5.0,2
C:\Users\Chris Boddy\OneDrive\Documents\Cyber Security and Digital Forensics MSc\Applications of Artificial Intelligence in Cyber Security\Assessment\project\data\large_mixed\minutes2\minutes2.wav,minutes2,823,4115.0,5.0,0
C:\Users\Chris Boddy\OneDrive\Documents\Cyber Security and Digital Forensics MSc\Applications of Artificial Intelligence in Cyber Security\Assessment\project\data\large_mixed\minutes2\minutes2.wav,minutes2,824,4120.0,5.0,2
C:\Users\Chris Boddy\OneDrive\Documents\Cyber Security and Digital Forensics MSc\Applications of Artificial Intelligence in Cyber Security\Assessment\project\data\large_mixed\minutes2\minutes2.wav,minutes2,825,4125.0,5.0,2
C:\Users\Chris Boddy\OneDrive\Documents\Cyber Security and Digital Forensics MSc\Applications of Artificial Intelligence in Cyber Security\Assessment\project\data\large_mixed\minutes2\minutes2.wav,minutes2,826,4130.0,5.0,2
C:\Users\Chris Boddy\OneDrive\Documents\Cyber Security and Digital Forensics MSc\Applications of Artificial Intelligence in Cyber Security\Assessment\project\data\large_mixed\minutes2\minutes2.wav,minutes2,827,4135.0,5.0,2
C:\Users\Chris Boddy\OneDrive\Documents\Cyber Security and Digital Forensics MSc\Applications of Artificial Intelligence in Cyber Security\Assessment\project\data\large_mixed\minutes2\minutes2.wav,minutes2,828,4140.0,5.0,2
C:\Users\Chris Boddy\OneDrive\Documents\Cyber Security and Digital Forensics MSc\Applications of Artificial Intelligence in Cyber Security\Assessment\project\data\large_mixed\minutes2\minutes2.wav,minutes2,829,4145.0,5.0,0
C:\Users\Chris Boddy\OneDrive\Documents\Cyber Security and Digital Forensics MSc\Applications of Artificial Intelligence in Cyber Security\Assessment\project\data\large_mixed\minutes2\minutes2.wav,minutes2,830,4150.0,5.0,1
C:\Users\Chris Boddy\OneDrive\Documents\Cyber Security and Digital Forensics MSc\Applications of Artificial Intelligence in Cyber Security\Assessment\project\data\large_mixed\minutes2\minutes2.wav,minutes2,831,4155.0,5.0,2
C:\Users\Chris Boddy\OneDrive\Documents\Cyber Security and Digital Forensics MSc\Applications of Artificial Intelligence in Cyber Security\Assessment\project\data\large_mixed\minutes2\minutes2.wav,minutes2,832,4160.0,5.0,0
C:\Users\Chris Boddy\OneDrive\Documents\Cyber Security and Digital Forensics MSc\Applications of Artificial Intelligence in Cyber Security\Assessment\project\data\large_mixed\minutes2\minutes2.wav,minutes2,833,4165.0,5.0,2
C:\Users\Chris Boddy\OneDrive\Documents\Cyber Security and Digital Forensics MSc\Applications of Artificial Intelligence in Cyber Security\Assessment\project\data\large_mixed\minutes2\minutes2.wav,minutes2,834,4170.0,5.0,2
C:\Users\Chris Boddy\OneDrive\Documents\Cyber Security and Digital Forensics MSc\Applications of Artificial Intelligence in Cyber Security\Assessment\project\data\large_mixed\minutes2\minutes2.wav,minutes2,835,4175.0,5.0,0
C:\Users\Chris Boddy\OneDrive\Documents\Cyber Security and Digital Forensics MSc\Applications of Artificial Intelligence in Cyber Security\Assessment\project\data\large_mixed\minutes2\minutes2.wav,minutes2,836,4180.0,5.0,2
C:\Users\Chris Boddy\OneDrive\Documents\Cyber Security and Digital Forensics MSc\Applications of Artificial Intelligence in Cyber Security\Assessment\project\data\large_mixed\minutes2\minutes2.wav,minutes2,837,4185.0,5.0,0
C:\Users\Chris Boddy\OneDrive\Documents\Cyber Security and Digital Forensics MSc\Applications of Artificial Intelligence in Cyber Security\Assessment\project\data\large_mixed\minutes2\minutes2.wav,minutes2,838,4190.0,5.0,1
C:\Users\Chris Boddy\OneDrive\Documents\Cyber Security and Digital Forensics MSc\Applications of Artificial Intelligence in Cyber Security\Assessment\project\data\large_mixed\minutes2\minutes2.wav,minutes2,839,4195.0,5.0,0
C:\Users\Chris Boddy\OneDrive\Documents\Cyber Security and Digital Forensics MSc\Applications of Artificial Intelligence in Cyber Security\Assessment\project\data\large_mixed\minutes2\minutes2.wav,minutes2,840,4200.0,5.0,2
C:\Users\Chris Boddy\OneDrive\Documents\Cyber Security and Digital Forensics MSc\Applications of Artificial Intelligence in Cyber Security\Assessment\project\data\large_mixed\minutes2\minutes2.wav,minutes2,841,4205.0,5.0,0
C:\Users\Chris Boddy\OneDrive\Documents\Cyber Security and Digital Forensics MSc\Applications of Artificial Intelligence in Cyber Security\Assessment\project\data\large_mixed\minutes2\minutes2.wav,minutes2,842,4210.0,5.0,2
C:\Users\Chris Boddy\OneDrive\Documents\Cyber Security and Digital Forensics MSc\Applications of Artificial Intelligence in Cyber Security\Assessment\project\data\large_mixed\minutes2\minutes2.wav,minutes2,843,4215.0,5.0,2
C:\Users\Chris Boddy\OneDrive\Documents\Cyber Security and Digital Forensics MSc\Applications of Artificial Intelligence in Cyber Security\Assessment\project\data\large_mixed\minutes2\minutes2.wav,minutes2,844,4220.0,5.0,0
C:\Users\Chris Boddy\OneDrive\Documents\Cyber Security and Digital Forensics MSc\Applications of Artificial Intelligence in Cyber Security\Assessment\project\data\large_mixed\minutes2\minutes2.wav,minutes2,845,4225.0,5.0,2
C:\Users\Chris Boddy\OneDrive\Documents\Cyber Security and Digital Forensics MSc\Applications of Artificial Intelligence in Cyber Security\Assessment\project\data\large_mixed\minutes2\minutes2.wav,minutes2,846,4230.0,5.0,0
C:\Users\Chris Boddy\OneDrive\Documents\Cyber Security and Digital Forensics MSc\Applications of Artificial Intelligence in Cyber Security\Assessment\project\data\large_mixed\minutes2\minutes2.wav,minutes2,847,4235.0,5.0,1
C:\Users\Chris Boddy\OneDrive\Documents\Cyber Security and Digital Forensics MSc\Applications of Artificial Intelligence in Cyber Security\Assessment\project\data\large_mixed\minutes2\minutes2.wav,minutes2,848,4240.0,5.0,2
C:\Users\Chris Boddy\OneDrive\Documents\Cyber Security and Digital Forensics MSc\Applications of Artificial Intelligence in Cyber Security\Assessment\project\data\large_mixed\minutes2\minutes2.wav,minutes2,849,4245.0,5.0,0
C:\Users\Chris Boddy\OneDrive\Documents\Cyber Security and Digital Forensics MSc\Applications of Artificial Intelligence in Cyber Security\Assessment\project\data\large_mixed\minutes2\minutes2.wav,minutes2,850,4250.0,5.0,2
C:\Users\Chris Boddy\OneDrive\Documents\Cyber Security and Digital Forensics MSc\Applications of Artificial Intelligence in Cyber Security\Assessment\project\data\large_mixed\minutes2\minutes2.wav,minutes2,851,4255.0,5.0,2
C:\Users\Chris Boddy\OneDrive\Documents\Cyber Security and Digital Forensics MSc\Applications of Artificial Intelligence in Cyber Security\Assessment\project\data\large_mixed\minutes2\minutes2.wav,minutes2,852,4260.0,5.0,1
C:\Users\Chris Boddy\OneDrive\Documents\Cyber Security and Digital Forensics MSc\Applications of Artificial Intelligence in Cyber Security\Assessment\project\data\large_mixed\minutes2\minutes2.wav,minutes2,853,4265.0,5.0,1
C:\Users\Chris Boddy\OneDrive\Documents\Cyber Security and Digital Forensics MSc\Applications of Artificial Intelligence in Cyber Security\Assessment\project\data\large_mixed\minutes2\minutes2.wav,minutes2,854,4270.0,5.0,2
C:\Users\Chris Boddy\OneDrive\Documents\Cyber Security and Digital Forensics MSc\Applications of Artificial Intelligence in Cyber Security\Assessment\project\data\large_mixed\minutes2\minutes2.wav,minutes2,855,4275.0,5.0,1
C:\Users\Chris Boddy\OneDrive\Documents\Cyber Security and Digital Forensics MSc\Applications of Artificial Intelligence in Cyber Security\Assessment\project\data\large_mixed\minutes2\minutes2.wav,minutes2,856,4280.0,5.0,2
C:\Users\Chris Boddy\OneDrive\Documents\Cyber Security and Digital Forensics MSc\Applications of Artificial Intelligence in Cyber Security\Assessment\project\data\large_mixed\minutes2\minutes2.wav,minutes2,857,4285.0,5.0,1
C:\Users\Chris Boddy\OneDrive\Documents\Cyber Security and Digital Forensics MSc\Applications of Artificial Intelligence in Cyber Security\Assessment\project\data\large_mixed\minutes2\minutes2.wav,minutes2,858,4290.0,5.0,2
C:\Users\Chris Boddy\OneDrive\Documents\Cyber Security and Digital Forensics MSc\Applications of Artificial Intelligence in Cyber Security\Assessment\project\data\large_mixed\minutes2\minutes2.wav,minutes2,859,4295.0,5.0,0
C:\Users\Chris Boddy\OneDrive\Documents\Cyber Security and Digital Forensics MSc\Applications of Artificial Intelligence in Cyber Security\Assessment\project\data\large_mixed\minutes2\minutes2.wav,minutes2,860,4300.0,5.0,2
C:\Users\Chris Boddy\OneDrive\Documents\Cyber Security and Digital Forensics MSc\Applications of Artificial Intelligence in Cyber Security\Assessment\project\data\large_mixed\minutes2\minutes2.wav,minutes2,861,4305.0,5.0,2
C:\Users\Chris Boddy\OneDrive\Documents\Cyber Security and Digital Forensics MSc\Applications of Artificial Intelligence in Cyber Security\Assessment\project\data\large_mixed\minutes2\minutes2.wav,minutes2,862,4310.0,5.0,1
C:\Users\Chris Boddy\OneDrive\Documents\Cyber Security and Digital Forensics MSc\Applications of Artificial Intelligence in Cyber Security\Assessment\project\data\large_mixed\minutes2\minutes2.wav,minutes2,863,4315.0,5.0,0
C:\Users\Chris Boddy\OneDrive\Documents\Cyber Security and Digital Forensics MSc\Applications of Artificial Intelligence in Cyber Security\Assessment\project\data\large_mixed\minutes2\minutes2.wav,minutes2,864,4320.0,5.0,0
C:\Users\Chris Boddy\OneDrive\Documents\Cyber Security and Digital Forensics MSc\Applications of Artificial Intelligence in Cyber Security\Assessment\project\data\large_mixed\minutes2\minutes2.wav,minutes2,865,4325.0,5.0,0
C:\Users\Chris Boddy\OneDrive\Documents\Cyber Security and Digital Forensics MSc\Applications of Artificial Intelligence in Cyber Security\Assessment\project\data\large_mixed\minutes2\minutes2.wav,minutes2,866,4330.0,5.0,2
C:\Users\Chris Boddy\OneDrive\Documents\Cyber Security and Digital Forensics MSc\Applications of Artificial Intelligence in Cyber Security\Assessment\project\data\large_mixed\minutes2\minutes2.wav,minutes2,867,4335.0,5.0,1
C:\Users\Chris Boddy\OneDrive\Documents\Cyber Security and Digital Forensics MSc\Applications of Artificial Intelligence in Cyber Security\Assessment\project\data\large_mixed\minutes2\minutes2.wav,minutes2,868,4340.0,5.0,2
C:\Users\Chris Boddy\OneDrive\Documents\Cyber Security and Digital Forensics MSc\Applications of Artificial Intelligence in Cyber Security\Assessment\project\data\large_mixed\minutes2\minutes2.wav,minutes2,869,4345.0,5.0,2
C:\Users\Chris Boddy\OneDrive\Documents\Cyber Security and Digital Forensics MSc\Applications of Artificial Intelligence in Cyber Security\Assessment\project\data\large_mixed\minutes2\minutes2.wav,minutes2,870,4350.0,5.0,0
C:\Users\Chris Boddy\OneDrive\Documents\Cyber Security and Digital Forensics MSc\Applications of Artificial Intelligence in Cyber Security\Assessment\project\data\large_mixed\minutes2\minutes2.wav,minutes2,871,4355.0,5.0,0
C:\Users\Chris Boddy\OneDrive\Documents\Cyber Security and Digital Forensics MSc\Applications of Artificial Intelligence in Cyber Security\Assessment\project\data\large_mixed\minutes2\minutes2.wav,minutes2,872,4360.0,5.0,2
C:\Users\Chris Boddy\OneDrive\Documents\Cyber Security and Digital Forensics MSc\Applications of Artificial Intelligence in Cyber Security\Assessment\project\data\large_mixed\minutes2\minutes2.wav,minutes2,873,4365.0,5.0,2
C:\Users\Chris Boddy\OneDrive\Documents\Cyber Security and Digital Forensics MSc\Applications of Artificial Intelligence in Cyber Security\Assessment\project\data\large_mixed\minutes2\minutes2.wav,minutes2,874,4370.0,5.0,1
C:\Users\Chris Boddy\OneDrive\Documents\Cyber Security and Digital Forensics MSc\Applications of Artificial Intelligence in Cyber Security\Assessment\project\data\large_mixed\minutes2\minutes2.wav,minutes2,875,4375.0,5.0,0
C:\Users\Chris Boddy\OneDrive\Documents\Cyber Security and Digital Forensics MSc\Applications of Artificial Intelligence in Cyber Security\Assessment\project\data\large_mixed\minutes2\minutes2.wav,minutes2,876,4380.0,5.0,0
C:\Users\Chris Boddy\OneDrive\Documents\Cyber Security and Digital Forensics MSc\Applications of Artificial Intelligence in Cyber Security\Assessment\project\data\large_mixed\minutes2\minutes2.wav,minutes2,877,4385.0,5.0,1
C:\Users\Chris Boddy\OneDrive\Documents\Cyber Security and Digital Forensics MSc\Applications of Artificial Intelligence in Cyber Security\Assessment\project\data\large_mixed\minutes2\minutes2.wav,minutes2,878,4390.0,5.0,0
C:\Users\Chris Boddy\OneDrive\Documents\Cyber Security and Digital Forensics MSc\Applications of Artificial Intelligence in Cyber Security\Assessment\project\data\large_mixed\minutes2\minutes2.wav,minutes2,879,4395.0,5.0,1
C:\Users\Chris Boddy\OneDrive\Documents\Cyber Security and Digital Forensics MSc\Applications of Artificial Intelligence in Cyber Security\Assessment\project\data\large_mixed\minutes2\minutes2.wav,minutes2,880,4400.0,5.0,1
C:\Users\Chris Boddy\OneDrive\Documents\Cyber Security and Digital Forensics MSc\Applications of Artificial Intelligence in Cyber Security\Assessment\project\data\large_mixed\minutes2\minutes2.wav,minutes2,881,4405.0,5.0,2
C:\Users\Chris Boddy\OneDrive\Documents\Cyber Security and Digital Forensics MSc\Applications of Artificial Intelligence in Cyber Security\Assessment\project\data\large_mixed\minutes2\minutes2.wav,minutes2,882,4410.0,5.0,2
C:\Users\Chris Boddy\OneDrive\Documents\Cyber Security and Digital Forensics MSc\Applications of Artificial Intelligence in Cyber Security\Assessment\project\data\large_mixed\minutes2\minutes2.wav,minutes2,883,4415.0,5.0,0
C:\Users\Chris Boddy\OneDrive\Documents\Cyber Security and Digital Forensics MSc\Applications of Artificial Intelligence in Cyber Security\Assessment\project\data\large_mixed\minutes2\minutes2.wav,minutes2,884,4420.0,5.0,1
C:\Users\Chris Boddy\OneDrive\Documents\Cyber Security and Digital Forensics MSc\Applications of Artificial Intelligence in Cyber Security\Assessment\project\data\large_mixed\minutes2\minutes2.wav,minutes2,885,4425.0,5.0,2
C:\Users\Chris Boddy\OneDrive\Documents\Cyber Security and Digital Forensics MSc\Applications of Artificial Intelligence in Cyber Security\Assessment\project\data\large_mixed\minutes2\minutes2.wav,minutes2,886,4430.0,5.0,0
C:\Users\Chris Boddy\OneDrive\Documents\Cyber Security and Digital Forensics MSc\Applications of Artificial Intelligence in Cyber Security\Assessment\project\data\large_mixed\minutes2\minutes2.wav,minutes2,887,4435.0,5.0,2
C:\Users\Chris Boddy\OneDrive\Documents\Cyber Security and Digital Forensics MSc\Applications of Artificial Intelligence in Cyber Security\Assessment\project\data\large_mixed\minutes2\minutes2.wav,minutes2,888,4440.0,5.0,2
C:\Users\Chris Boddy\OneDrive\Documents\Cyber Security and Digital Forensics MSc\Applications of Artificial Intelligence in Cyber Security\Assessment\project\data\large_mixed\minutes2\minutes2.wav,minutes2,889,4445.0,5.0,2
C:\Users\Chris Boddy\OneDrive\Documents\Cyber Security and Digital Forensics MSc\Applications of Artificial Intelligence in Cyber Security\Assessment\project\data\large_mixed\minutes2\minutes2.wav,minutes2,890,4450.0,5.0,1
C:\Users\Chris Boddy\OneDrive\Documents\Cyber Security and Digital Forensics MSc\Applications of Artificial Intelligence in Cyber Security\Assessment\project\data\large_mixed\minutes2\minutes2.wav,minutes2,891,4455.0,5.0,0
C:\Users\Chris Boddy\OneDrive\Documents\Cyber Security and Digital Forensics MSc\Applications of Artificial Intelligence in Cyber Security\Assessment\project\data\large_mixed\minutes2\minutes2.wav,minutes2,892,4460.0,5.0,1
C:\Users\Chris Boddy\OneDrive\Documents\Cyber Security and Digital Forensics MSc\Applications of Artificial Intelligence in Cyber Security\Assessment\project\data\large_mixed\minutes2\minutes2.wav,minutes2,893,4465.0,5.0,0
C:\Users\Chris Boddy\OneDrive\Documents\Cyber Security and Digital Forensics MSc\Applications of Artificial Intelligence in Cyber Security\Assessment\project\data\large_mixed\minutes2\minutes2.wav,minutes2,894,4470.0,5.0,0
C:\Users\Chris Boddy\OneDrive\Documents\Cyber Security and Digital Forensics MSc\Applications of Artificial Intelligence in Cyber Security\Assessment\project\data\large_mixed\minutes2\minutes2.wav,minutes2,895,4475.0,5.0,1
C:\Users\Chris Boddy\OneDrive\Documents\Cyber Security and Digital Forensics MSc\Applications of Artificial Intelligence in Cyber Security\Assessment\project\data\large_mixed\minutes2\minutes2.wav,minutes2,896,4480.0,5.0,2
C:\Users\Chris Boddy\OneDrive\Documents\Cyber Security and Digital Forensics MSc\Applications of Artificial Intelligence in Cyber Security\Assessment\project\data\large_mixed\minutes2\minutes2.wav,minutes2,897,4485.0,5.0,1
C:\Users\Chris Boddy\OneDrive\Documents\Cyber Security and Digital Forensics MSc\Applications of Artificial Intelligence in Cyber Security\Assessment\project\data\large_mixed\minutes2\minutes2.wav,minutes2,898,4490.0,5.0,0
C:\Users\Chris Boddy\OneDrive\Documents\Cyber Security and Digital Forensics MSc\Applications of Artificial Intelligence in Cyber Security\Assessment\project\data\large_mixed\minutes2\minutes2.wav,minutes2,899,4495.0,5.0,2
C:\Users\Chris Boddy\OneDrive\Documents\Cyber Security and Digital Forensics MSc\Applications of Artificial Intelligence in Cyber Security\Assessment\project\data\large_mixed\minutes2\minutes2.wav,minutes2,900,4500.0,5.0,1
C:\Users\Chris Boddy\OneDrive\Documents\Cyber Security and Digital Forensics MSc\Applications of Artificial Intelligence in Cyber Security\Assessment\project\data\large_mixed\minutes2\minutes2.wav,minutes2,901,4505.0,5.0,0
C:\Users\Chris Boddy\OneDrive\Documents\Cyber Security and Digital Forensics MSc\Applications of Artificial Intelligence in Cyber Security\Assessment\project\data\large_mixed\minutes2\minutes2.wav,minutes2,902,4510.0,5.0,2
C:\Users\Chris Boddy\OneDrive\Documents\Cyber Security and Digital Forensics MSc\Applications of Artificial Intelligence in Cyber Security\Assessment\project\data\large_mixed\minutes2\minutes2.wav,minutes2,903,4515.0,5.0,1
C:\Users\Chris Boddy\OneDrive\Documents\Cyber Security and Digital Forensics MSc\Applications of Artificial Intelligence in Cyber Security\Assessment\project\data\large_mixed\minutes2\minutes2.wav,minutes2,904,4520.0,5.0,2
C:\Users\Chris Boddy\OneDrive\Documents\Cyber Security and Digital Forensics MSc\Applications of Artificial Intelligence in Cyber Security\Assessment\project\data\large_mixed\minutes2\minutes2.wav,minutes2,905,4525.0,5.0,0
C:\Users\Chris Boddy\OneDrive\Documents\Cyber Security and Digital Forensics MSc\Applications of Artificial Intelligence in Cyber Security\Assessment\project\data\large_mixed\minutes2\minutes2.wav,minutes2,906,4530.0,5.0,2
C:\Users\Chris Boddy\OneDrive\Documents\Cyber Security and Digital Forensics MSc\Applications of Artificial Intelligence in Cyber Security\Assessment\project\data\large_mixed\minutes2\minutes2.wav,minutes2,907,4535.0,5.0,0
C:\Users\Chris Boddy\OneDrive\Documents\Cyber Security and Digital Forensics MSc\Applications of Artificial Intelligence in Cyber Security\Assessment\project\data\large_mixed\minutes2\minutes2.wav,minutes2,908,4540.0,5.0,1
C:\Users\Chris Boddy\OneDrive\Documents\Cyber Security and Digital Forensics MSc\Applications of Artificial Intelligence in Cyber Security\Assessment\project\data\large_mixed\minutes2\minutes2.wav,minutes2,909,4545.0,5.0,1
C:\Users\Chris Boddy\OneDrive\Documents\Cyber Security and Digital Forensics MSc\Applications of Artificial Intelligence in Cyber Security\Assessment\project\data\large_mixed\minutes2\minutes2.wav,minutes2,910,4550.0,5.0,2
C:\Users\Chris Boddy\OneDrive\Documents\Cyber Security and Digital Forensics MSc\Applications of Artificial Intelligence in Cyber Security\Assessment\project\data\large_mixed\minutes2\minutes2.wav,minutes2,911,4555.0,5.0,0
C:\Users\Chris Boddy\OneDrive\Documents\Cyber Security and Digital Forensics MSc\Applications of Artificial Intelligence in Cyber Security\Assessment\project\data\large_mixed\minutes2\minutes2.wav,minutes2,912,4560.0,5.0,1
C:\Users\Chris Boddy\OneDrive\Documents\Cyber Security and Digital Forensics MSc\Applications of Artificial Intelligence in Cyber Security\Assessment\project\data\large_mixed\minutes2\minutes2.wav,minutes2,913,4565.0,5.0,2
C:\Users\Chris Boddy\OneDrive\Documents\Cyber Security and Digital Forensics MSc\Applications of Artificial Intelligence in Cyber Security\Assessment\project\data\large_mixed\minutes2\minutes2.wav,minutes2,914,4570.0,5.0,1
C:\Users\Chris Boddy\OneDrive\Documents\Cyber Security and Digital Forensics MSc\Applications of Artificial Intelligence in Cyber Security\Assessment\project\data\large_mixed\minutes2\minutes2.wav,minutes2,915,4575.0,5.0,2
C:\Users\Chris Boddy\OneDrive\Documents\Cyber Security and Digital Forensics MSc\Applications of Artificial Intelligence in Cyber Security\Assessment\project\data\large_mixed\minutes2\minutes2.wav,minutes2,916,4580.0,5.0,1
C:\Users\Chris Boddy\OneDrive\Documents\Cyber Security and Digital Forensics MSc\Applications of Artificial Intelligence in Cyber Security\Assessment\project\data\large_mixed\minutes2\minutes2.wav,minutes2,917,4585.0,5.0,1
C:\Users\Chris Boddy\OneDrive\Documents\Cyber Security and Digital Forensics MSc\Applications of Artificial Intelligence in Cyber Security\Assessment\project\data\large_mixed\minutes2\minutes2.wav,minutes2,918,4590.0,5.0,0
C:\Users\Chris Boddy\OneDrive\Documents\Cyber Security and Digital Forensics MSc\Applications of Artificial Intelligence in Cyber Security\Assessment\project\data\large_mixed\minutes2\minutes2.wav,minutes2,919,4595.0,5.0,1
C:\Users\Chris Boddy\OneDrive\Documents\Cyber Security and Digital Forensics MSc\Applications of Artificial Intelligence in Cyber Security\Assessment\project\data\large_mixed\minutes2\minutes2.wav,minutes2,920,4600.0,5.0,2
C:\Users\Chris Boddy\OneDrive\Documents\Cyber Security and Digital Forensics MSc\Applications of Artificial Intelligence in Cyber Security\Assessment\project\data\large_mixed\minutes2\minutes2.wav,minutes2,921,4605.0,5.0,0
C:\Users\Chris Boddy\OneDrive\Documents\Cyber Security and Digital Forensics MSc\Applications of Artificial Intelligence in Cyber Security\Assessment\project\data\large_mixed\minutes2\minutes2.wav,minutes2,922,4610.0,5.0,0
C:\Users\Chris Boddy\OneDrive\Documents\Cyber Security and Digital Forensics MSc\Applications of Artificial Intelligence in Cyber Security\Assessment\project\data\large_mixed\minutes2\minutes2.wav,minutes2,923,4615.0,5.0,2
C:\Users\Chris Boddy\OneDrive\Documents\Cyber Security and Digital Forensics MSc\Applications of Artificial Intelligence in Cyber Security\Assessment\project\data\large_mixed\minutes2\minutes2.wav,minutes2,924,4620.0,5.0,1
C:\Users\Chris Boddy\OneDrive\Documents\Cyber Security and Digital Forensics MSc\Applications of Artificial Intelligence in Cyber Security\Assessment\project\data\large_mixed\minutes2\minutes2.wav,minutes2,925,4625.0,5.0,2
C:\Users\Chris Boddy\OneDrive\Documents\Cyber Security and Digital Forensics MSc\Applications of Artificial Intelligence in Cyber Security\Assessment\project\data\large_mixed\minutes2\minutes2.wav,minutes2,926,4630.0,5.0,0
C:\Users\Chris Boddy\OneDrive\Documents\Cyber Security and Digital Forensics MSc\Applications of Artificial Intelligence in Cyber Security\Assessment\project\data\large_mixed\minutes2\minutes2.wav,minutes2,927,4635.0,5.0,2
C:\Users\Chris Boddy\OneDrive\Documents\Cyber Security and Digital Forensics MSc\Applications of Artificial Intelligence in Cyber Security\Assessment\project\data\large_mixed\minutes2\minutes2.wav,minutes2,928,4640.0,5.0,2
C:\Users\Chris Boddy\OneDrive\Documents\Cyber Security and Digital Forensics MSc\Applications of Artificial Intelligence in Cyber Security\Assessment\project\data\large_mixed\minutes2\minutes2.wav,minutes2,929,4645.0,5.0,0
C:\Users\Chris Boddy\OneDrive\Documents\Cyber Security and Digital Forensics MSc\Applications of Artificial Intelligence in Cyber Security\Assessment\project\data\large_mixed\minutes2\minutes2.wav,minutes2,930,4650.0,5.0,2
C:\Users\Chris Boddy\OneDrive\Documents\Cyber Security and Digital Forensics MSc\Applications of Artificial Intelligence in Cyber Security\Assessment\project\data\large_mixed\minutes2\minutes2.wav,minutes2,931,4655.0,5.0,0
C:\Users\Chris Boddy\OneDrive\Documents\Cyber Security and Digital Forensics MSc\Applications of Artificial Intelligence in Cyber Security\Assessment\project\data\large_mixed\minutes2\minutes2.wav,minutes2,932,4660.0,5.0,2
C:\Users\Chris Boddy\OneDrive\Documents\Cyber Security and Digital Forensics MSc\Applications of Artificial Intelligence in Cyber Security\Assessment\project\data\large_mixed\minutes2\minutes2.wav,minutes2,933,4665.0,5.0,2
C:\Users\Chris Boddy\OneDrive\Documents\Cyber Security and Digital Forensics MSc\Applications of Artificial Intelligence in Cyber Security\Assessment\project\data\large_mixed\minutes2\minutes2.wav,minutes2,934,4670.0,5.0,1
C:\Users\Chris Boddy\OneDrive\Documents\Cyber Security and Digital Forensics MSc\Applications of Artificial Intelligence in Cyber Security\Assessment\project\data\large_mixed\minutes2\minutes2.wav,minutes2,935,4675.0,5.0,2
C:\Users\Chris Boddy\OneDrive\Documents\Cyber Security and Digital Forensics MSc\Applications of Artificial Intelligence in Cyber Security\Assessment\project\data\large_mixed\minutes2\minutes2.wav,minutes2,936,4680.0,5.0,2
C:\Users\Chris Boddy\OneDrive\Documents\Cyber Security and Digital Forensics MSc\Applications of Artificial Intelligence in Cyber Security\Assessment\project\data\large_mixed\minutes2\minutes2.wav,minutes2,937,4685.0,5.0,1
C:\Users\Chris Boddy\OneDrive\Documents\Cyber Security and Digital Forensics MSc\Applications of Artificial Intelligence in Cyber Security\Assessment\project\data\large_mixed\minutes2\minutes2.wav,minutes2,938,4690.0,5.0,2
C:\Users\Chris Boddy\OneDrive\Documents\Cyber Security and Digital Forensics MSc\Applications of Artificial Intelligence in Cyber Security\Assessment\project\data\large_mixed\minutes2\minutes2.wav,minutes2,939,4695.0,5.0,2
C:\Users\Chris Boddy\OneDrive\Documents\Cyber Security and Digital Forensics MSc\Applications of Artificial Intelligence in Cyber Security\Assessment\project\data\large_mixed\minutes2\minutes2.wav,minutes2,940,4700.0,5.0,0
C:\Users\Chris Boddy\OneDrive\Documents\Cyber Security and Digital Forensics MSc\Applications of Artificial Intelligence in Cyber Security\Assessment\project\data\large_mixed\minutes2\minutes2.wav,minutes2,941,4705.0,5.0,1
C:\Users\Chris Boddy\OneDrive\Documents\Cyber Security and Digital Forensics MSc\Applications of Artificial Intelligence in Cyber Security\Assessment\project\data\large_mixed\minutes2\minutes2.wav,minutes2,942,4710.0,5.0,0
C:\Users\Chris Boddy\OneDrive\Documents\Cyber Security and Digital Forensics MSc\Applications of Artificial Intelligence in Cyber Security\Assessment\project\data\large_mixed\minutes2\minutes2.wav,minutes2,943,4715.0,5.0,2
C:\Users\Chris Boddy\OneDrive\Documents\Cyber Security and Digital Forensics MSc\Applications of Artificial Intelligence in Cyber Security\Assessment\project\data\large_mixed\minutes2\minutes2.wav,minutes2,944,4720.0,5.0,2
C:\Users\Chris Boddy\OneDrive\Documents\Cyber Security and Digital Forensics MSc\Applications of Artificial Intelligence in Cyber Security\Assessment\project\data\large_mixed\minutes2\minutes2.wav,minutes2,945,4725.0,5.0,2
C:\Users\Chris Boddy\OneDrive\Documents\Cyber Security and Digital Forensics MSc\Applications of Artificial Intelligence in Cyber Security\Assessment\project\data\large_mixed\minutes2\minutes2.wav,minutes2,946,4730.0,5.0,1
C:\Users\Chris Boddy\OneDrive\Documents\Cyber Security and Digital Forensics MSc\Applications of Artificial Intelligence in Cyber Security\Assessment\project\data\large_mixed\minutes2\minutes2.wav,minutes2,947,4735.0,5.0,2
C:\Users\Chris Boddy\OneDrive\Documents\Cyber Security and Digital Forensics MSc\Applications of Artificial Intelligence in Cyber Security\Assessment\project\data\large_mixed\minutes2\minutes2.wav,minutes2,948,4740.0,5.0,0
C:\Users\Chris Boddy\OneDrive\Documents\Cyber Security and Digital Forensics MSc\Applications of Artificial Intelligence in Cyber Security\Assessment\project\data\large_mixed\minutes2\minutes2.wav,minutes2,949,4745.0,5.0,1
C:\Users\Chris Boddy\OneDrive\Documents\Cyber Security and Digital Forensics MSc\Applications of Artificial Intelligence in Cyber Security\Assessment\project\data\large_mixed\minutes2\minutes2.wav,minutes2,950,4750.0,5.0,2
C:\Users\Chris Boddy\OneDrive\Documents\Cyber Security and Digital Forensics MSc\Applications of Artificial Intelligence in Cyber Security\Assessment\project\data\large_mixed\minutes2\minutes2.wav,minutes2,951,4755.0,5.0,2
C:\Users\Chris Boddy\OneDrive\Documents\Cyber Security and Digital Forensics MSc\Applications of Artificial Intelligence in Cyber Security\Assessment\project\data\large_mixed\minutes2\minutes2.wav,minutes2,952,4760.0,5.0,0
C:\Users\Chris Boddy\OneDrive\Documents\Cyber Security and Digital Forensics MSc\Applications of Artificial Intelligence in Cyber Security\Assessment\project\data\large_mixed\minutes2\minutes2.wav,minutes2,953,4765.0,5.0,1
C:\Users\Chris Boddy\OneDrive\Documents\Cyber Security and Digital Forensics MSc\Applications of Artificial Intelligence in Cyber Security\Assessment\project\data\large_mixed\minutes2\minutes2.wav,minutes2,954,4770.0,5.0,2
C:\Users\Chris Boddy\OneDrive\Documents\Cyber Security and Digital Forensics MSc\Applications of Artificial Intelligence in Cyber Security\Assessment\project\data\large_mixed\minutes2\minutes2.wav,minutes2,955,4775.0,5.0,1
C:\Users\Chris Boddy\OneDrive\Documents\Cyber Security and Digital Forensics MSc\Applications of Artificial Intelligence in Cyber Security\Assessment\project\data\large_mixed\minutes2\minutes2.wav,minutes2,956,4780.0,5.0,2
C:\Users\Chris Boddy\OneDrive\Documents\Cyber Security and Digital Forensics MSc\Applications of Artificial Intelligence in Cyber Security\Assessment\project\data\large_mixed\minutes2\minutes2.wav,minutes2,957,4785.0,5.0,0
C:\Users\Chris Boddy\OneDrive\Documents\Cyber Security and Digital Forensics MSc\Applications of Artificial Intelligence in Cyber Security\Assessment\project\data\large_mixed\minutes2\minutes2.wav,minutes2,958,4790.0,5.0,2
C:\Users\Chris Boddy\OneDrive\Documents\Cyber Security and Digital Forensics MSc\Applications of Artificial Intelligence in Cyber Security\Assessment\project\data\large_mixed\minutes2\minutes2.wav,minutes2,959,4795.0,5.0,1
C:\Users\Chris Boddy\OneDrive\Documents\Cyber Security and Digital Forensics MSc\Applications of Artificial Intelligence in Cyber Security\Assessment\project\data\large_mixed\minutes2\minutes2.wav,minutes2,960,4800.0,5.0,0
C:\Users\Chris Boddy\OneDrive\Documents\Cyber Security and Digital Forensics MSc\Applications of Artificial Intelligence in Cyber Security\Assessment\project\data\large_mixed\minutes2\minutes2.wav,minutes2,961,4805.0,5.0,0
C:\Users\Chris Boddy\OneDrive\Documents\Cyber Security and Digital Forensics MSc\Applications of Artificial Intelligence in Cyber Security\Assessment\project\data\large_mixed\minutes2\minutes2.wav,minutes2,962,4810.0,5.0,1
C:\Users\Chris Boddy\OneDrive\Documents\Cyber Security and Digital Forensics MSc\Applications of Artificial Intelligence in Cyber Security\Assessment\project\data\large_mixed\minutes2\minutes2.wav,minutes2,963,4815.0,5.0,2
C:\Users\Chris Boddy\OneDrive\Documents\Cyber Security and Digital Forensics MSc\Applications of Artificial Intelligence in Cyber Security\Assessment\project\data\large_mixed\minutes2\minutes2.wav,minutes2,964,4820.0,5.0,2
C:\Users\Chris Boddy\OneDrive\Documents\Cyber Security and Digital Forensics MSc\Applications of Artificial Intelligence in Cyber Security\Assessment\project\data\large_mixed\minutes2\minutes2.wav,minutes2,965,4825.0,5.0,0
C:\Users\Chris Boddy\OneDrive\Documents\Cyber Security and Digital Forensics MSc\Applications of Artificial Intelligence in Cyber Security\Assessment\project\data\large_mixed\minutes2\minutes2.wav,minutes2,966,4830.0,5.0,1
C:\Users\Chris Boddy\OneDrive\Documents\Cyber Security and Digital Forensics MSc\Applications of Artificial Intelligence in Cyber Security\Assessment\project\data\large_mixed\minutes2\minutes2.wav,minutes2,967,4835.0,5.0,0
C:\Users\Chris Boddy\OneDrive\Documents\Cyber Security and Digital Forensics MSc\Applications of Artificial Intelligence in Cyber Security\Assessment\project\data\large_mixed\minutes2\minutes2.wav,minutes2,968,4840.0,4.053333333333334,1
