source_file,source_group,segment_index,start_seconds,duration_seconds,cluster
C:\Users\Chris Boddy\OneDrive\Documents\Cyber Security and Digital Forensics MSc\Applications of Artificial Intelligence in Cyber Security\Assessment\project\data\large_combined\combined\combined.wav,combined,0,0.0,5.0,0
C:\Users\Chris Boddy\OneDrive\Documents\Cyber Security and Digital Forensics MSc\Applications of Artificial Intelligence in Cyber Security\Assessment\project\data\large_combined\combined\combined.wav,combined,1,5.0,5.0,0
C:\Users\Chris Boddy\OneDrive\Documents\Cyber Security and Digital Forensics MSc\Applications of Artificial Intelligence in Cyber Security\Assessment\project\data\large_combined\combined\combined.wav,combined,2,10.0,5.0,2
C:\Users\Chris Boddy\OneDrive\Documents\Cyber Security and Digital Forensics MSc\Applications of Artificial Intelligence in Cyber Security\Assessment\project\data\large_combined\combined\combined.wav,combined,3,15.0,5.0,1
C:\Users\Chris Boddy\OneDrive\Documents\Cyber Security and Digital Forensics MSc\Applications of Artificial Intelligence in Cyber Security\Assessment\project\data\large_combined\combined\combined.wav,combined,4,20.0,5.0,2
C:\Users\Chris Boddy\OneDrive\Documents\Cyber Security and Digital Forensics MSc\Applications of Artificial Intelligence in Cyber Security\Assessment\project\data\large_combined\combined\combined.wav,combined,5,25.0,5.0,2
C:\Users\Chris Boddy\OneDrive\Documents\Cyber Security and Digital Forensics MSc\Applications of Artificial Intelligence in Cyber Security\Assessment\project\data\large_combined\combined\combined.wav,combined,6,30.0,5.0,0
C:\Users\Chris Boddy\OneDrive\Documents\Cyber Security and Digital Forensics MSc\Applications of Artificial Intelligence in Cyber Security\Assessment\project\data\large_combined\combined\combined.wav,combined,7,35.0,5.0,1
C:\Users\Chris Boddy\OneDrive\Documents\Cyber Security and Digital Forensics MSc\Applications of Artificial Intelligence in Cyber Security\Assessment\project\data\large_combined\combined\combined.wav,combined,8,40.0,5.0,0
C:\Users\Chris Boddy\OneDrive\Documents\Cyber Security and Digital Forensics MSc\Applications of Artificial Intelligence in Cyber Security\Assessment\project\data\large_combined\combined\combined.wav,combined,9,45.0,5.0,2
C:\Users\Chris Boddy\OneDrive\Documents\Cyber Security and Digital Forensics MSc\Applications of Artificial Intelligence in Cyber Security\Assessment\project\data\large_combined\combined\combined.wav,combined,10,50.0,5.0,1
C:\Users\Chris Boddy\OneDrive\Documents\Cyber Security and Digital Forensics MSc\Applications of Artificial Intelligence in Cyber Security\Assessment\project\data\large_combined\combined\combined.wav,combined,11,55.0,5.0,2
C:\Users\Chris Boddy\OneDrive\Documents\Cyber Security and Digital Forensics MSc\Applications of Artificial Intelligence in Cyber Security\Assessment\project\data\large_combined\combined\combined.wav,combined,12,60.0,5.0,1
C:\Users\Chris Boddy\OneDrive\Documents\Cyber Security and Digital Forensics MSc\Applications of Artificial Intelligence in Cyber Security\Assessment\project\data\large_combined\combined\combined.wav,combined,13,65.0,5.0,0
C:\Users\Chris Boddy\OneDrive\Documents\Cyber Security and Digital Forensics MSc\Applications of Artificial Intelligence in Cyber Security\Assessment\project\data\large_combined\combined\combined.wav,combined,14,70.0,5.0,1
C:\Users\Chris Boddy\OneDrive\Documents\Cyber Security and Digital Forensics MSc\Applications of Artificial Intelligence in Cyber Security\Assessment\project\data\large_combined\combined\combined.wav,combined,15,75.0,5.0,0
C:\Users\Chris Boddy\OneDrive\Documents\Cyber Security and Digital Forensics MSc\Applications of Artificial Intelligence in Cyber Security\Assessment\project\data\large_combined\combined\combined.wav,combined,16,80.0,5.0,2
C:\Users\Chris Boddy\OneDrive\Documents\Cyber Security and Digital Forensics MSc\Applications of Artificial Intelligence in Cyber Security\Assessment\project\data\large_combined\combined\combined.wav,combined,17,85.0,5.0,0
C:\Users\Chris Boddy\OneDrive\Documents\Cyber Security and Digital Forensics MSc\Applications of Artificial Intelligence in Cyber Security\Assessment\project\data\large_combined\combined\combined.wav,combined,18,90.0,5.0,2
C:\Users\Chris Boddy\OneDrive\Documents\Cyber Security and Digital Forensics MSc\Applications of Artificial Intelligence in Cyber Security\Assessment\project\data\large_combined\combined\combined.wav,combined,19,95.0,5.0,0
C:\Users\Chris Boddy\OneDrive\Documents\Cyber Security and Digital Forensics MSc\Applications of Artificial Intelligence in Cyber Security\Assessment\project\data\large_combined\combined\combined.wav,combined,20,100.0,5.0,2
C:\Users\Chris Boddy\OneDrive\Documents\Cyber Security and Digital Forensics MSc\Applications of Artificial Intelligence in Cyber Security\Assessment\project\data\large_combined\combined\combined.wav,combined,21,105.0,5.0,0
C:\Users\Chris Boddy\OneDrive\Documents\Cyber Security and Digital Forensics MSc\Applications of Artificial Intelligence in Cyber Security\Assessment\project\data\large_combined\combined\combined.wav,combined,22,110.0,5.0,0
C:\Users\Chris Boddy\OneDrive\Documents\Cyber Security and Digital Forensics MSc\Applications of Artificial Intelligence in Cyber Security\Assessment\project\data\large_combined\combined\combined.wav,combined,23,115.0,5.0,0
C:\Users\Chris Boddy\OneDrive\Documents\Cyber Security and Digital Forensics MSc\Applications of Artificial Intelligence in Cyber Security\Assessment\project\data\large_combined\combined\combined.wav,combined,24,120.0,5.0,1
C:\Users\Chris Boddy\OneDrive\Documents\Cyber Security and Digital Forensics MSc\Applications of Artificial Intelligence in Cyber Security\Assessment\project\data\large_combined\combined\combined.wav,combined,25,125.0,5.0,0
C:\Users\Chris Boddy\OneDrive\Documents\Cyber Security and Digital Forensics MSc\Applications of Artificial Intelligence in Cyber Security\Assessment\project\data\large_combined\combined\combined.wav,combined,26,130.0,5.0,2
C:\Users\Chris Boddy\OneDrive\Documents\Cyber Security and Digital Forensics MSc\Applications of Artificial Intelligence in Cyber Security\Assessment\project\data\large_combined\combined\combined.wav,combined,27,135.0,5.0,2
C:\Users\Chris Boddy\OneDrive\Documents\Cyber Security and Digital Forensics MSc\Applications of Artificial Intelligence in Cyber Security\Assessment\project\data\large_combined\combined\combined.wav,combined,28,140.0,5.0,0
C:\Users\Chris Boddy\OneDrive\Documents\Cyber Security and Digital Forensics MSc\Applications of Artificial Intelligence in Cyber Security\Assessment\project\data\large_combined\combined\combined.wav,combined,29,145.0,5.0,1
C:\Users\Chris Boddy\OneDrive\Documents\Cyber Security and Digital Forensics MSc\Applications of Artificial Intelligence in Cyber Security\Assessment\project\data\large_combined\combined\combined.wav,combined,30,150.0,5.0,0
C:\Users\Chris Boddy\OneDrive\Documents\Cyber Security and Digital Forensics MSc\Applications of Artificial Intelligence in Cyber Security\Assessment\project\data\large_combined\combined\combined.wav,combined,31,155.0,5.0,2
C:\Users\Chris Boddy\OneDrive\Documents\Cyber Security and Digital Forensics MSc\Applications of Artificial Intelligence in Cyber Security\Assessment\project\data\large_combined\combined\combined.wav,combined,32,160.0,5.0,2
C:\Users\Chris Boddy\OneDrive\Documents\Cyber Security and Digital Forensics MSc\Applications of Artificial Intelligence in Cyber Security\Assessment\project\data\large_combined\combined\combined.wav,combined,33,165.0,5.0,0
C:\Users\Chris Boddy\OneDrive\Documents\Cyber Security and Digital Forensics MSc\Applications of Artificial Intelligence in Cyber Security\Assessment\project\data\large_combined\combined\combined.wav,combined,34,170.0,5.0,1
C:\Users\Chris Boddy\OneDrive\Documents\Cyber Security and Digital Forensics MSc\Applications of Artificial Intelligence in Cyber Security\Assessment\project\data\large_combined\combined\combined.wav,combined,35,175.0,5.0,1
C:\Users\Chris Boddy\OneDrive\Documents\Cyber Security and Digital Forensics MSc\Applications of Artificial Intelligence in Cyber Security\Assessment\project\data\large_combined\combined\combined.wav,combined,36,180.0,5.0,2
C:\Users\Chris Boddy\OneDrive\Documents\Cyber Security and Digital Forensics MSc\Applications of Artificial Intelligence in Cyber Security\Assessment\project\data\large_combined\combined\combined.wav,combined,37,185.0,5.0,0
C:\Users\Chris Boddy\OneDrive\Documents\Cyber Security and Digital Forensics MSc\Applications of Artificial Intelligence in Cyber Security\Assessment\project\data\large_combined\combined\combined.wav,combined,38,190.0,5.0,0
C:\Users\Chris Boddy\OneDrive\Documents\Cyber Security and Digital Forensics MSc\Applications of Artificial Intelligence in Cyber Security\Assessment\project\data\large_combined\combined\combined.wav,combined,39,195.0,5.0,1
C:\Users\Chris Boddy\OneDrive\Documents\Cyber Security and Digital Forensics MSc\Applications of Artificial Intelligence in Cyber Security\Assessment\project\data\large_combined\combined\combined.wav,combined,40,200.0,5.0,0
C:\Users\Chris Boddy\OneDrive\Documents\Cyber Security and Digital Forensics MSc\Applications of Artificial Intelligence in Cyber Security\Assessment\project\data\large_combined\combined\combined.wav,combined,41,205.0,5.0,2
C:\Users\Chris Boddy\OneDrive\Documents\Cyber Security and Digital Forensics MSc\Applications of Artificial Intelligence in Cyber Security\Assessment\project\data\large_combined\combined\combined.wav,combined,42,210.0,5.0,2
C:\Users\Chris Boddy\OneDrive\Documents\Cyber Security and Digital Forensics MSc\Applications of Artificial Intelligence in Cyber Security\Assessment\project\data\large_combined\combined\combined.wav,combined,43,215.0,5.0,1
C:\Users\Chris Boddy\OneDrive\Documents\Cyber Security and Digital Forensics MSc\Applications of Artificial Intelligence in Cyber Security\Assessment\project\data\large_combined\combined\combined.wav,combined,44,220.0,5.0,1
C:\Users\Chris Boddy\OneDrive\Documents\Cyber Security and Digital Forensics MSc\Applications of Artificial Intelligence in Cyber Security\Assessment\project\data\large_combined\combined\combined.wav,combined,45,225.0,5.0,1
C:\Users\Chris Boddy\OneDrive\Documents\Cyber Security and Digital Forensics MSc\Applications of Artificial Intelligence in Cyber Security\Assessment\project\data\large_combined\combined\combined.wav,combined,46,230.0,5.0,2
C:\Users\Chris Boddy\OneDrive\Documents\Cyber Security and Digital Forensics MSc\Applications of Artificial Intelligence in Cyber Security\Assessment\project\data\large_combined\combined\combined.wav,combined,47,235.0,5.0,0
C:\Users\Chris Boddy\OneDrive\Documents\Cyber Security and Digital Forensics MSc\Applications of Artificial Intelligence in Cyber Security\Assessment\project\data\large_combined\combined\combined.wav,combined,48,240.0,5.0,2
C:\Users\Chris Boddy\OneDrive\Documents\Cyber Security and Digital Forensics MSc\Applications of Artificial Intelligence in Cyber Security\Assessment\project\data\large_combined\combined\combined.wav,combined,49,245.0,5.0,2
C:\Users\Chris Boddy\OneDrive\Documents\Cyber Security and Digital Forensics MSc\Applications of Artificial Intelligence in Cyber Security\Assessment\project\data\large_combined\combined\combined.wav,combined,50,250.0,5.0,1
C:\Users\Chris Boddy\OneDrive\Documents\Cyber Security and Digital Forensics MSc\Applications of Artificial Intelligence in Cyber Security\Assessment\project\data\large_combined\combined\combined.wav,combined,51,255.0,5.0,0
C:\Users\Chris Boddy\OneDrive\Documents\Cyber Security and Digital Forensics MSc\Applications of Artificial Intelligence in Cyber Security\Assessment\project\data\large_combined\combined\combined.wav,combined,52,260.0,5.0,1
C:\Users\Chris Boddy\OneDrive\Documents\Cyber Security and Digital Forensics MSc\Applications of Artificial Intelligence in Cyber Security\Assessment\project\data\large_combined\combined\combined.wav,combined,53,265.0,5.0,0
C:\Users\Chris Boddy\OneDrive\Documents\Cyber Security and Digital Forensics MSc\Applications of Artificial Intelligence in Cyber Security\Assessment\project\data\large_combined\combined\combined.wav,combined,54,270.0,5.0,2
C:\Users\Chris Boddy\OneDrive\Documents\Cyber Security and Digital Forensics MSc\Applications of Artificial Intelligence in Cyber Security\Assessment\project\data\large_combined\combined\combined.wav,combined,55,275.0,5.0,0
C:\Users\Chris Boddy\OneDrive\Documents\Cyber Security and Digital Forensics MSc\Applications of Artificial Intelligence in Cyber Security\Assessment\project\data\large_combined\combined\combined.wav,combined,56,280.0,5.0,0
C:\Users\Chris Boddy\OneDrive\Documents\Cyber Security and Digital Forensics MSc\Applications of Artificial Intelligence in Cyber Security\Assessment\project\data\large_combined\combined\combined.wav,combined,57,285.0,5.0,2
C:\Users\Chris Boddy\OneDrive\Documents\Cyber Security and Digital Forensics MSc\Applications of Artificial Intelligence in Cyber Security\Assessment\project\data\large_combined\combined\combined.wav,combined,58,290.0,5.0,2
C:\Users\Chris Boddy\OneDrive\Documents\Cyber Security and Digital Forensics MSc\Applications of Artificial Intelligence in Cyber Security\Assessment\project\data\large_combined\combined\combined.wav,combined,59,295.0,5.0,0
C:\Users\Chris Boddy\OneDrive\Documents\Cyber Security and Digital Forensics MSc\Applications of Artificial Intelligence in Cyber Security\Assessment\project\data\large_combined\combined\combined.wav,combined,60,300.0,5.0,1
C:\Users\Chris Boddy\OneDrive\Documents\Cyber Security and Digital Forensics MSc\Applications of Artificial Intelligence in Cyber Security\Assessment\project\data\large_combined\combined\combined.wav,combined,61,305.0,5.0,2
C:\Users\Chris Boddy\OneDrive\Documents\Cyber Security and Digital Forensics MSc\Applications of Artificial Intelligence in Cyber Security\Assessment\project\data\large_combined\combined\combined.wav,combined,62,310.0,5.0,2
C:\Users\Chris Boddy\OneDrive\Documents\Cyber Security and Digital Forensics MSc\Applications of Artificial Intelligence in Cyber Security\Assessment\project\data\large_combined\combined\combined.wav,combined,63,315.0,5.0,0
C:\Users\Chris Boddy\OneDrive\Documents\Cyber Security and Digital Forensics MSc\Applications of Artificial Intelligence in Cyber Security\Assessment\project\data\large_combined\combined\combined.wav,combined,64,320.0,5.0,1
C:\Users\Chris Boddy\OneDrive\Documents\Cyber Security and Digital Forensics MSc\Applications of Artificial Intelligence in Cyber Security\Assessment\project\data\large_combined\combined\combined.wav,combined,65,325.0,5.0,0
C:\Users\Chris Boddy\OneDrive\Documents\Cyber Security and Digital Forensics MSc\Applications of Artificial Intelligence in Cyber Security\Assessment\project\data\large_combined\combined\combined.wav,combined,66,330.0,5.0,1
C:\Users\Chris Boddy\OneDrive\Documents\Cyber Security and Digital Forensics MSc\Applications of Artificial Intelligence in Cyber Security\Assessment\project\data\large_combined\combined\combined.wav,combined,67,335.0,5.0,2
C:\Users\Chris Boddy\OneDrive\Documents\Cyber Security and Digital Forensics MSc\Applications of Artificial Intelligence in Cyber Security\Assessment\project\data\large_combined\combined\combined.wav,combined,68,340.0,5.0,0
C:\Users\Chris Boddy\OneDrive\Documents\Cyber Security and Digital Forensics MSc\Applications of Artificial Intelligence in Cyber Security\Assessment\project\data\large_combined\combined\combined.wav,combined,69,345.0,5.0,2
C:\Users\Chris Boddy\OneDrive\Documents\Cyber Security and Digital Forensics MSc\Applications of Artificial Intelligence in Cyber Security\Assessment\project\data\large_combined\combined\combined.wav,combined,70,350.0,5.0,2
C:\Users\Chris Boddy\OneDrive\Documents\Cyber Security and Digital Forensics MSc\Applications of Artificial Intelligence in Cyber Security\Assessment\project\data\large_combined\combined\combined.wav,combined,71,355.0,5.0,2
C:\Users\Chris Boddy\OneDrive\Documents\Cyber Security and Digital Forensics MSc\Applications of Artificial Intelligence in Cyber Security\Assessment\project\data\large_combined\combined\combined.wav,combined,72,360.0,5.0,2
C:\Users\Chris Boddy\OneDrive\Documents\Cyber Security and Digital Forensics MSc\Applications of Artificial Intelligence in Cyber Security\Assessment\project\data\large_combined\combined\combined.wav,combined,73,365.0,5.0,2
C:\Users\Chris Boddy\OneDrive\Documents\Cyber Security and Digital Forensics MSc\Applications of Artificial Intelligence in Cyber Security\Assessment\project\data\large_combined\combined\combined.wav,combined,74,370.0,5.0,1
C:\Users\Chris Boddy\OneDrive\Documents\Cyber Security and Digital Forensics MSc\Applications of Artificial Intelligence in Cyber Security\Assessment\project\data\large_combined\combined\combined.wav,combined,75,375.0,5.0,2
C:\Users\Chris Boddy\OneDrive\Documents\Cyber Security and Digital Forensics MSc\Applications of Artificial Intelligence in Cyber Security\Assessment\project\data\large_combined\combined\combined.wav,combined,76,380.0,5.0,0
C:\Users\Chris Boddy\OneDrive\Documents\Cyber Security and Digital Forensics MSc\Applications of Artificial Intelligence in Cyber Security\Assessment\project\data\large_combined\combined\combined.wav,combined,77,385.0,5.0,2
C:\Users\Chris Boddy\OneDrive\Documents\Cyber Security and Digital Forensics MSc\Applications of Artificial Intelligence in Cyber Security\Assessment\project\data\large_combined\combined\combined.wav,combined,78,390.0,5.0,2
C:\Users\Chris Boddy\OneDrive\Documents\Cyber Security and Digital Forensics MSc\Applications of Artificial Intelligence in Cyber Security\Assessment\project\data\large_combined\combined\combined.wav,combined,79,395.0,5.0,1
C:\Users\Chris Boddy\OneDrive\Documents\Cyber Security and Digital Forensics MSc\Applications of Artificial Intelligence in Cyber Security\Assessment\project\data\large_combined\combined\combined.wav,combined,80,400.0,5.0,1
C:\Users\Chris Boddy\OneDrive\Documents\Cyber Security and Digital Forensics MSc\Applications of Artificial Intelligence in Cyber Security\Assessment\project\data\large_combined\combined\combined.wav,combined,81,405.0,5.0,1
C:\Users\Chris Boddy\OneDrive\Documents\Cyber Security and Digital Forensics MSc\Applications of Artificial Intelligence in Cyber Security\Assessment\project\data\large_combined\combined\combined.wav,combined,82,410.0,5.0,2
C:\Users\Chris Boddy\OneDrive\Documents\Cyber Security and Digital Forensics MSc\Applications of Artificial Intelligence in Cyber Security\Assessment\project\data\large_combined\combined\combined.wav,combined,83,415.0,5.0,2
C:\Users\Chris Boddy\OneDrive\Documents\Cyber Security and Digital Forensics MSc\Applications of Artificial Intelligence in Cyber Security\Assessment\project\data\large_combined\combined\combined.wav,combined,84,420.0,5.0,0
C:\Users\Chris Boddy\OneDrive\Documents\Cyber Security and Digital Forensics MSc\Applications of Artificial Intelligence in Cyber Security\Assessment\project\data\large_combined\combined\combined.wav,combined,85,425.0,5.0,1
C:\Users\Chris Boddy\OneDrive\Documents\Cyber Security and Digital Forensics MSc\Applications of Artificial Intelligence in Cyber Security\Assessment\project\data\large_combined\combined\combined.wav,combined,86,430.0,5.0,0
C:\Users\Chris Boddy\OneDrive\Documents\Cyber Security and Digital Forensics MSc\Applications of Artificial Intelligence in Cyber Security\Assessment\project\data\large_combined\combined\combined.wav,combined,87,435.0,5.0,1
C:\Users\Chris Boddy\OneDrive\Documents\Cyber Security and Digital Forensics MSc\Applications of Artificial Intelligence in Cyber Security\Assessment\project\data\large_combined\combined\combined.wav,combined,88,440.0,5.0,2
C:\Users\Chris Boddy\OneDrive\Documents\Cyber Security and Digital Forensics MSc\Applications of Artificial Intelligence in Cyber Security\Assessment\project\data\large_combined\combined\combined.wav,combined,89,445.0,5.0,0
C:\Users\Chris Boddy\OneDrive\Documents\Cyber Security and Digital Forensics MSc\Applications of Artificial Intelligence in Cyber Security\Assessment\project\data\large_combined\combined\combined.wav,combined,90,450.0,5.0,1
C:\Users\Chris Boddy\OneDrive\Documents\Cyber Security and Digital Forensics MSc\Applications of Artificial Intelligence in Cyber Security\Assessment\project\data\large_combined\combined\combined.wav,combined,91,455.0,5.0,0
C:\Users\Chris Boddy\OneDrive\Documents\Cyber Security and Digital Forensics MSc\Applications of Artificial Intelligence in Cyber Security\Assessment\project\data\large_combined\combined\combined.wav,combined,92,460.0,5.0,1
C:\Users\Chris Boddy\OneDrive\Documents\Cyber Security and Digital Forensics MSc\Applications of Artificial Intelligence in Cyber Security\Assessment\project\data\large_combined\combined\combined.wav,combined,93,465.0,5.0,1
C:\Users\Chris Boddy\OneDrive\Documents\Cyber Security and Digital Forensics MSc\Applications of Artificial Intelligence in Cyber Security\Assessment\project\data\large_combined\combined\combined.wav,combined,94,470.0,5.0,0
C:\Users\Chris Boddy\OneDrive\Documents\Cyber Security and Digital Forensics MSc\Applications of Artificial Intelligence in Cyber Security\Assessment\project\data\large_combined\combined\combined.wav,combined,95,475.0,5.0,2
C:\Users\Chris Boddy\OneDrive\Documents\Cyber Security and Digital Forensics MSc\Applications of Artificial Intelligence in Cyber Security\Assessment\project\data\large_combined\combined\combined.wav,combined,96,480.0,5.0,1
C:\Users\Chris Boddy\OneDrive\Documents\Cyber Security and Digital Forensics MSc\Applications of Artificial Intelligence in Cyber Security\Assessment\project\data\large_combined\combined\combined.wav,combined,97,485.0,5.0,2
C:\Users\Chris Boddy\OneDrive\Documents\Cyber Security and Digital Forensics MSc\Applications of Artificial Intelligence in Cyber Security\Assessment\project\data\large_combined\combined\combined.wav,combined,98,490.0,5.0,2
C:\Users\Chris Boddy\OneDrive\Documents\Cyber Security and Digital Forensics MSc\Applications of Artificial Intelligence in Cyber Security\Assessment\project\data\large_combined\combined\combined.wav,combined,99,495.0,5.0,0
C:\Users\Chris Boddy\OneDrive\Documents\Cyber Security and Digital Forensics MSc\Applications of Artificial Intelligence in Cyber Security\Assessment\project\data\large_combined\combined\combined.wav,combined,100,500.0,5.0,0
C:\Users\Chris Boddy\OneDrive\Documents\Cyber Security and Digital Forensics MSc\Applications of Artificial Intelligence in Cyber Security\Assessment\project\data\large_combined\combined\combined.wav,combined,101,505.0,5.0,0
C:\Users\Chris Boddy\OneDrive\Documents\Cyber Security and Digital Forensics MSc\Applications of Artificial Intelligence in Cyber Security\Assessment\project\data\large_combined\combined\combined.wav,combined,102,510.0,5.0,1
C:\Users\Chris Boddy\OneDrive\Documents\Cyber Security and Digital Forensics MSc\Applications of Artificial Intelligence in Cyber Security\Assessment\project\data\large_combined\combined\combined.wav,combined,103,515.0,5.0,2
C:\Users\Chris Boddy\OneDrive\Documents\Cyber Security and Digital Forensics MSc\Applications of Artificial Intelligence in Cyber Security\Assessment\project\data\large_combined\combined\combined.wav,combined,104,520.0,5.0,0
C:\Users\Chris Boddy\OneDrive\Documents\Cyber Security and Digital Forensics MSc\Applications of Artificial Intelligence in Cyber Security\Assessment\project\data\large_combined\combined\combined.wav,combined,105,525.0,5.0,1
C:\Users\Chris Boddy\OneDrive\Documents\Cyber Security and Digital Forensics MSc\Applications of Artificial Intelligence in Cyber Security\Assessment\project\data\large_combined\combined\combined.wav,combined,106,530.0,5.0,0
C:\Users\Chris Boddy\OneDrive\Documents\Cyber Security and Digital Forensics MSc\Applications of Artificial Intelligence in Cyber Security\Assessment\project\data\large_combined\combined\combined.wav,combined,107,535.0,5.0,1
C:\Users\Chris Boddy\OneDrive\Documents\Cyber Security and Digital Forensics MSc\Applications of Artificial Intelligence in Cyber Security\Assessment\project\data\large_combined\combined\combined.wav,combined,108,540.0,5.0,0
C:\Users\Chris Boddy\OneDrive\Documents\Cyber Security and Digital Forensics MSc\Applications of Artificial Intelligence in Cyber Security\Assessment\project\data\large_combined\combined\combined.wav,combined,109,545.0,5.0,2
C:\Users\Chris Boddy\OneDrive\Documents\Cyber Security and Digital Forensics MSc\Applications of Artificial Intelligence in Cyber Security\Assessment\project\data\large_combined\combined\combined.wav,combined,110,550.0,5.0,2
C:\Users\Chris Boddy\OneDrive\Documents\Cyber Security and Digital Forensics MSc\Applications of Artificial Intelligence in Cyber Security\Assessment\project\data\large_combined\combined\combined.wav,combined,111,555.0,5.0,0
C:\Users\Chris Boddy\OneDrive\Documents\Cyber Security and Digital Forensics MSc\Applications of Artificial Intelligence in Cyber Security\Assessment\project\data\large_combined\combined\combined.wav,combined,112,560.0,5.0,2
C:\Users\Chris Boddy\OneDrive\Documents\Cyber Security and Digital Forensics MSc\Applications of Artificial Intelligence in Cyber Security\Assessment\project\data\large_combined\combined\combined.wav,combined,113,565.0,5.0,1
C:\Users\Chris Boddy\OneDrive\Documents\Cyber Security and Digital Forensics MSc\Applications of Artificial Intelligence in Cyber Security\Assessment\project\data\large_combined\combined\combined.wav,combined,114,570.0,5.0,0
C:\Users\Chris Boddy\OneDrive\Documents\Cyber Security and Digital Forensics MSc\Applications of Artificial Intelligence in Cyber Security\Assessment\project\data\large_combined\combined\combined.wav,combined,115,575.0,5.0,2
C:\Users\Chris Boddy\OneDrive\Documents\Cyber Security and Digital Forensics MSc\Applications of Artificial Intelligence in Cyber Security\Assessment\project\data\large_combined\combined\combined.wav,combined,116,580.0,5.0,2
C:\Users\Chris Boddy\OneDrive\Documents\Cyber Security and Digital Forensics MSc\Applications of Artificial Intelligence in Cyber Security\Assessment\project\data\large_combined\combined\combined.wav,combined,117,585.0,5.0,0
C:\Users\Chris Boddy\OneDrive\Documents\Cyber Security and Digital Forensics MSc\Applications of Artificial Intelligence in Cyber Security\Assessment\project\data\large_combined\combined\combined.wav,combined,118,590.0,5.0,2
C:\Users\Chris Boddy\OneDrive\Documents\Cyber Security and Digital Forensics MSc\Applications of Artificial Intelligence in Cyber Security\Assessment\project\data\large_combined\combined\combined.wav,combined,119,595.0,5.0,1
C:\Users\Chris Boddy\OneDrive\Documents\Cyber Security and Digital Forensics MSc\Applications of Artificial Intelligence in Cyber Security\Assessment\project\data\large_combined\combined\combined.wav,combined,120,600.0,5.0,2
C:\Users\Chris Boddy\OneDrive\Documents\Cyber Security and Digital Forensics MSc\Applications of Artificial Intelligence in Cyber Security\Assessment\project\data\large_combined\combined\combined.wav,combined,121,605.0,5.0,2
C:\Users\Chris Boddy\OneDrive\Documents\Cyber Security and Digital Forensics MSc\Applications of Artificial Intelligence in Cyber Security\Assessment\project\data\large_combined\combined\combined.wav,combined,122,610.0,5.0,2
C:\Users\Chris Boddy\OneDrive\Documents\Cyber Security and Digital Forensics MSc\Applications of Artificial Intelligence in Cyber Security\Assessment\project\data\large_combined\combined\combined.wav,combined,123,615.0,5.0,1
C:\Users\Chris Boddy\OneDrive\Documents\Cyber Security and Digital Forensics MSc\Applications of Artificial Intelligence in Cyber Security\Assessment\project\data\large_combined\combined\combined.wav,combined,124,620.0,5.0,0
C:\Users\Chris Boddy\OneDrive\Documents\Cyber Security and Digital Forensics MSc\Applications of Artificial Intelligence in Cyber Security\Assessment\project\data\large_combined\combined\combined.wav,combined,125,625.0,5.0,0
C:\Users\Chris Boddy\OneDrive\Documents\Cyber Security and Digital Forensics MSc\Applications of Artificial Intelligence in Cyber Security\Assessment\project\data\large_combined\combined\combined.wav,combined,126,630.0,5.0,1
C:\Users\Chris Boddy\OneDrive\Documents\Cyber Security and Digital Forensics MSc\Applications of Artificial Intelligence in Cyber Security\Assessment\project\data\large_combined\combined\combined.wav,combined,127,635.0,5.0,2
C:\Users\Chris Boddy\OneDrive\Documents\Cyber Security and Digital Forensics MSc\Applications of Artificial Intelligence in Cyber Security\Assessment\project\data\large_combined\combined\combined.wav,combined,128,640.0,5.0,0
C:\Users\Chris Boddy\OneDrive\Documents\Cyber Security and Digital Forensics MSc\Applications of Artificial Intelligence in Cyber Security\Assessment\project\data\large_combined\combined\combined.wav,combined,129,645.0,5.0,2
C:\Users\Chris Boddy\OneDrive\Documents\Cyber Security and Digital Forensics MSc\Applications of Artificial Intelligence in Cyber Security\Assessment\project\data\large_combined\combined\combined.wav,combined,130,650.0,5.0,1
C:\Users\Chris Boddy\OneDrive\Documents\Cyber Security and Digital Forensics MSc\Applications of Artificial Intelligence in Cyber Security\Assessment\project\data\large_combined\combined\combined.wav,combined,131,655.0,5.0,2
C:\Users\Chris Boddy\OneDrive\Documents\Cyber Security and Digital Forensics MSc\Applications of Artificial Intelligence in Cyber Security\Assessment\project\data\large_combined\combined\combined.wav,combined,132,660.0,5.0,2
C:\Users\Chris Boddy\OneDrive\Documents\Cyber Security and Digital Forensics MSc\Applications of Artificial Intelligence in Cyber Security\Assessment\project\data\large_combined\combined\combined.wav,combined,133,665.0,5.0,1
C:\Users\Chris Boddy\OneDrive\Documents\Cyber Security and Digital Forensics MSc\Applications of Artificial Intelligence in Cyber Security\Assessment\project\data\large_combined\combined\combined.wav,combined,134,670.0,5.0,0
C:\Users\Chris Boddy\OneDrive\Documents\Cyber Security and Digital Forensics MSc\Applications of Artificial Intelligence in Cyber Security\Assessment\project\data\large_combined\combined\combined.wav,combined,135,675.0,5.0,2
C:\Users\Chris Boddy\OneDrive\Documents\Cyber Security and Digital Forensics MSc\Applications of Artificial Intelligence in Cyber Security\Assessment\project\data\large_combined\combined\combined.wav,combined,136,680.0,5.0,1
C:\Users\Chris Boddy\OneDrive\Documents\Cyber Security and Digital Forensics MSc\Applications of Artificial Intelligence in Cyber Security\Assessment\project\data\large_combined\combined\combined.wav,combined,137,685.0,5.0,2
C:\Users\Chris Boddy\OneDrive\Documents\Cyber Security and Digital Forensics MSc\Applications of Artificial Intelligence in Cyber Security\Assessment\project\data\large_combined\combined\combined.wav,combined,138,690.0,5.0,0
C:\Users\Chris Boddy\OneDrive\Documents\Cyber Security and Digital Forensics MSc\Applications of Artificial Intelligence in Cyber Security\Assessment\project\data\large_combined\combined\combined.wav,combined,139,695.0,5.0,1
C:\Users\Chris Boddy\OneDrive\Documents\Cyber Security and Digital Forensics MSc\Applications of Artificial Intelligence in Cyber Security\Assessment\project\data\large_combined\combined\combined.wav,combined,140,700.0,5.0,0
C:\Users\Chris Boddy\OneDrive\Documents\Cyber Security and Digital Forensics MSc\Applications of Artificial Intelligence in Cyber Security\Assessment\project\data\large_combined\combined\combined.wav,combined,141,705.0,5.0,2
C:\Users\Chris Boddy\OneDrive\Documents\Cyber Security and Digital Forensics MSc\Applications of Artificial Intelligence in Cyber Security\Assessment\project\data\large_combined\combined\combined.wav,combined,142,710.0,5.0,0
C:\Users\Chris Boddy\OneDrive\Documents\Cyber Security and Digital Forensics MSc\Applications of Artificial Intelligence in Cyber Security\Assessment\project\data\large_combined\combined\combined.wav,combined,143,715.0,5.0,2
C:\Users\Chris Boddy\OneDrive\Documents\Cyber Security and Digital Forensics MSc\Applications of Artificial Intelligence in Cyber Security\Assessment\project\data\large_combined\combined\combined.wav,combined,144,720.0,5.0,2
C:\Users\Chris Boddy\OneDrive\Documents\Cyber Security and Digital Forensics MSc\Applications of Artificial Intelligence in Cyber Security\Assessment\project\data\large_combined\combined\combined.wav,combined,145,725.0,5.0,2
C:\Users\Chris Boddy\OneDrive\Documents\Cyber Security and Digital Forensics MSc\Applications of Artificial Intelligence in Cyber Security\Assessment\project\data\large_combined\combined\combined.wav,combined,146,730.0,5.0,0
C:\Users\Chris Boddy\OneDrive\Documents\Cyber Security and Digital Forensics MSc\Applications of Artificial Intelligence in Cyber Security\Assessment\project\data\large_combined\combined\combined.wav,combined,147,735.0,5.0,1
C:\Users\Chris Boddy\OneDrive\Documents\Cyber Security and Digital Forensics MSc\Applications of Artificial Intelligence in Cyber Security\Assessment\project\data\large_combined\combined\combined.wav,combined,148,740.0,5.0,1
C:\Users\Chris Boddy\OneDrive\Documents\Cyber Security and Digital Forensics MSc\Applications of Artificial Intelligence in Cyber Security\Assessment\project\data\large_combined\combined\combined.wav,combined,149,745.0,5.0,0
C:\Users\Chris Boddy\OneDrive\Documents\Cyber Security and Digital Forensics MSc\Applications of Artificial Intelligence in Cyber Security\Assessment\project\data\large_combined\combined\combined.wav,combined,150,750.0,5.0,0
C:\Users\Chris Boddy\OneDrive\Documents\Cyber Security and Digital Forensics MSc\Applications of Artificial Intelligence in Cyber Security\Assessment\project\data\large_combined\combined\combined.wav,combined,151,755.0,5.0,2
C:\Users\Chris Boddy\OneDrive\Documents\Cyber Security and Digital Forensics MSc\Applications of Artificial Intelligence in Cyber Security\Assessment\project\data\large_combined\combined\combined.wav,combined,152,760.0,5.0,1
C:\Users\Chris Boddy\OneDrive\Documents\Cyber Security and Digital Forensics MSc\Applications of Artificial Intelligence in Cyber Security\Assessment\project\data\large_combined\combined\combined.wav,combined,153,765.0,5.0,2
C:\Users\Chris Boddy\OneDrive\Documents\Cyber Security and Digital Forensics MSc\Applications of Artificial Intelligence in Cyber Security\Assessment\project\data\large_combined\combined\combined.wav,combined,154,770.0,5.0,1
C:\Users\Chris Boddy\OneDrive\Documents\Cyber Security and Digital Forensics MSc\Applications of Artificial Intelligence in Cyber Security\Assessment\project\data\large_combined\combined\combined.wav,combined,155,775.0,5.0,2
C:\Users\Chris Boddy\OneDrive\Documents\Cyber Security and Digital Forensics MSc\Applications of Artificial Intelligence in Cyber Security\Assessment\project\data\large_combined\combined\combined.wav,combined,156,780.0,5.0,0
C:\Users\Chris Boddy\OneDrive\Documents\Cyber Security and Digital Forensics MSc\Applications of Artificial Intelligence in Cyber Security\Assessment\project\data\large_combined\combined\combined.wav,combined,157,785.0,5.0,1
C:\Users\Chris Boddy\OneDrive\Documents\Cyber Security and Digital Forensics MSc\Applications of Artificial Intelligence in Cyber Security\Assessment\project\data\large_combined\combined\combined.wav,combined,158,790.0,5.0,1
C:\Users\Chris Boddy\OneDrive\Documents\Cyber Security and Digital Forensics MSc\Applications of Artificial Intelligence in Cyber Security\Assessment\project\data\large_combined\combined\combined.wav,combined,159,795.0,5.0,0
C:\Users\Chris Boddy\OneDrive\Documents\Cyber Security and Digital Forensics MSc\Applications of Artificial Intelligence in Cyber Security\Assessment\project\data\large_combined\combined\combined.wav,combined,160,800.0,5.0,2
C:\Users\Chris Boddy\OneDrive\Documents\Cyber Security and Digital Forensics MSc\Applications of Artificial Intelligence in Cyber Security\Assessment\project\data\large_combined\combined\combined.wav,combined,161,805.0,5.0,0
C:\Users\Chris Boddy\OneDrive\Documents\Cyber Security and Digital Forensics MSc\Applications of Artificial Intelligence in Cyber Security\Assessment\project\data\large_combined\combined\combined.wav,combined,162,810.0,5.0,1
C:\Users\Chris Boddy\OneDrive\Documents\Cyber Security and Digital Forensics MSc\Applications of Artificial Intelligence in Cyber Security\Assessment\project\data\large_combined\combined\combined.wav,combined,163,815.0,5.0,2
C:\Users\Chris Boddy\OneDrive\Documents\Cyber Security and Digital Forensics MSc\Applications of Artificial Intelligence in Cyber Security\Assessment\project\data\large_combined\combined\combined.wav,combined,164,820.0,5.0,2
C:\Users\Chris Boddy\OneDrive\Documents\Cyber Security and Digital Forensics MSc\Applications of Artificial Intelligence in Cyber Security\Assessment\project\data\large_combined\combined\combined.wav,combined,165,825.0,5.0,2
C:\Users\Chris Boddy\OneDrive\Documents\Cyber Security and Digital Forensics MSc\Applications of Artificial Intelligence in Cyber Security\Assessment\project\data\large_combined\combined\combined.wav,combined,166,830.0,5.0,0
C:\Users\Chris Boddy\OneDrive\Documents\Cyber Security and Digital Forensics MSc\Applications of Artificial Intelligence in Cyber Security\Assessment\project\data\large_combined\combined\combined.wav,combined,167,835.0,5.0,2
C:\Users\Chris Boddy\OneDrive\Documents\Cyber Security and Digital Forensics MSc\Applications of Artificial Intelligence in Cyber Security\Assessment\project\data\large_combined\combined\combined.wav,combined,168,840.0,5.0,1
C:\Users\Chris Boddy\OneDrive\Documents\Cyber Security and Digital Forensics MSc\Applications of Artificial Intelligence in Cyber Security\Assessment\project\data\large_combined\combined\combined.wav,combined,169,845.0,5.0,0
C:\Users\Chris Boddy\OneDrive\Documents\Cyber Security and Digital Forensics MSc\Applications of Artificial Intelligence in Cyber Security\Assessment\project\data\large_combined\combined\combined.wav,combined,170,850.0,5.0,2
C:\Users\Chris Boddy\OneDrive\Documents\Cyber Security and Digital Forensics MSc\Applications of Artificial Intelligence in Cyber Security\Assessment\project\data\large_combined\combined\combined.wav,combined,171,855.0,5.0,0
C:\Users\Chris Boddy\OneDrive\Documents\Cyber Security and Digital Forensics MSc\Applications of Artificial Intelligence in Cyber Security\Assessment\project\data\large_combined\combined\combined.wav,combined,172,860.0,5.0,1
C:\Users\Chris Boddy\OneDrive\Documents\Cyber Security and Digital Forensics MSc\Applications of Artificial Intelligence in Cyber Security\Assessment\project\data\large_combined\combined\combined.wav,combined,173,865.0,5.0,0
C:\Users\Chris Boddy\OneDrive\Documents\Cyber Security and Digital Forensics MSc\Applications of Artificial Intelligence in Cyber Security\Assessment\project\data\large_combined\combined\combined.wav,combined,174,870.0,5.0,2
C:\Users\Chris Boddy\OneDrive\Documents\Cyber Security and Digital Forensics MSc\Applications of Artificial Intelligence in Cyber Security\Assessment\project\data\large_combined\combined\combined.wav,combined,175,875.0,5.0,2
C:\Users\Chris Boddy\OneDrive\Documents\Cyber Security and Digital Forensics MSc\Applications of Artificial Intelligence in Cyber Security\Assessment\project\data\large_combined\combined\combined.wav,combined,176,880.0,5.0,1
C:\Users\Chris Boddy\OneDrive\Documents\Cyber Security and Digital Forensics MSc\Applications of Artificial Intelligence in Cyber Security\Assessment\project\data\large_combined\combined\combined.wav,combined,177,885.0,5.0,2
C:\Users\Chris Boddy\OneDrive\Documents\Cyber Security and Digital Forensics MSc\Applications of Artificial Intelligence in Cyber Security\Assessment\project\data\large_combined\combined\combined.wav,combined,178,890.0,5.0,1
C:\Users\Chris Boddy\OneDrive\Documents\Cyber Security and Digital Forensics MSc\Applications of Artificial Intelligence in Cyber Security\Assessment\project\data\large_combined\combined\combined.wav,combined,179,895.0,5.0,0
C:\Users\Chris Boddy\OneDrive\Documents\Cyber Security and Digital Forensics MSc\Applications of Artificial Intelligence in Cyber Security\Assessment\project\data\large_combined\combined\combined.wav,combined,180,900.0,5.0,0
C:\Users\Chris Boddy\OneDrive\Documents\Cyber Security and Digital Forensics MSc\Applications of Artificial Intelligence in Cyber Security\Assessment\project\data\large_combined\combined\combined.wav,combined,181,905.0,5.0,0
C:\Users\Chris Boddy\OneDrive\Documents\Cyber Security and Digital Forensics MSc\Applications of Artificial Intelligence in Cyber Security\Assessment\project\data\large_combined\combined\combined.wav,combined,182,910.0,5.0,2
C:\Users\Chris Boddy\OneDrive\Documents\Cyber Security and Digital Forensics MSc\Applications of Artificial Intelligence in Cyber Security\Assessment\project\data\large_combined\combined\combined.wav,combined,183,915.0,5.0,1
C:\Users\Chris Boddy\OneDrive\Documents\Cyber Security and Digital Forensics MSc\Applications of Artificial Intelligence in Cyber Security\Assessment\project\data\large_combined\combined\combined.wav,combined,184,920.0,5.0,0
C:\Users\Chris Boddy\OneDrive\Documents\Cyber Security and Digital Forensics MSc\Applications of Artificial Intelligence in Cyber Security\Assessment\project\data\large_combined\combined\combined.wav,combined,185,925.0,5.0,1
C:\Users\Chris Boddy\OneDrive\Documents\Cyber Security and Digital Forensics MSc\Applications of Artificial Intelligence in Cyber Security\Assessment\project\data\large_combined\combined\combined.wav,combined,186,930.0,5.0,2
C:\Users\Chris Boddy\OneDrive\Documents\Cyber Security and Digital Forensics MSc\Applications of Artificial Intelligence in Cyber Security\Assessment\project\data\large_combined\combined\combined.wav,combined,187,935.0,5.0,1
C:\Users\Chris Boddy\OneDrive\Documents\Cyber Security and Digital Forensics MSc\Applications of Artificial Intelligence in Cyber Security\Assessment\project\data\large_combined\combined\combined.wav,combined,188,940.0,5.0,0
C:\Users\Chris Boddy\OneDrive\Documents\Cyber Security and Digital Forensics MSc\Applications of Artificial Intelligence in Cyber Security\Assessment\project\data\large_combined\combined\combined.wav,combined,189,945.0,5.0,2
C:\Users\Chris Boddy\OneDrive\Documents\Cyber Security and Digital Forensics MSc\Applications of Artificial Intelligence in Cyber Security\Assessment\project\data\large_combined\combined\combined.wav,combined,190,950.0,5.0,2
C:\Users\Chris Boddy\OneDrive\Documents\Cyber Security and Digital Forensics MSc\Applications of Artificial Intelligence in Cyber Security\Assessment\project\data\large_combined\combined\combined.wav,combined,191,955.0,5.0,2
C:\Users\Chris Boddy\OneDrive\Documents\Cyber Security and Digital Forensics MSc\Applications of Artificial Intelligence in Cyber Security\Assessment\project\data\large_combined\combined\combined.wav,combined,192,960.0,5.0,1
C:\Users\Chris Boddy\OneDrive\Documents\Cyber Security and Digital Forensics MSc\Applications of Artificial Intelligence in Cyber Security\Assessment\project\data\large_combined\combined\combined.wav,combined,193,965.0,5.0,2
C:\Users\Chris Boddy\OneDrive\Documents\Cyber Security and Digital Forensics MSc\Applications of Artificial Intelligence in Cyber Security\Assessment\project\data\large_combined\combined\combined.wav,combined,194,970.0,5.0,1
C:\Users\Chris Boddy\OneDrive\Documents\Cyber Security and Digital Forensics MSc\Applications of Artificial Intelligence in Cyber Security\Assessment\project\data\large_combined\combined\combined.wav,combined,195,975.0,5.0,1
C:\Users\Chris Boddy\OneDrive\Documents\Cyber Security and Digital Forensics MSc\Applications of Artificial Intelligence in Cyber Security\Assessment\project\data\large_combined\combined\combined.wav,combined,196,980.0,5.0,0
C:\Users\Chris Boddy\OneDrive\Documents\Cyber Security and Digital Forensics MSc\Applications of Artificial Intelligence in Cyber Security\Assessment\project\data\large_combined\combined\combined.wav,combined,197,985.0,5.0,2
C:\Users\Chris Boddy\OneDrive\Documents\Cyber Security and Digital Forensics MSc\Applications of Artificial Intelligence in Cyber Security\Assessment\project\data\large_combined\combined\combined.wav,combined,198,990.0,5.0,0
C:\Users\Chris Boddy\OneDrive\Documents\Cyber Security and Digital Forensics MSc\Applications of Artificial Intelligence in Cyber Security\Assessment\project\data\large_combined\combined\combined.wav,combined,199,995.0,5.0,0
C:\Users\Chris Boddy\OneDrive\Documents\Cyber Security and Digital Forensics MSc\Applications of Artificial Intelligence in Cyber Security\Assessment\project\data\large_combined\combined\combined.wav,combined,200,1000.0,5.0,1
C:\Users\Chris Boddy\OneDrive\Documents\Cyber Security and Digital Forensics MSc\Applications of Artificial Intelligence in Cyber Security\Assessment\project\data\large_combined\combined\combined.wav,combined,201,1005.0,5.0,2
C:\Users\Chris Boddy\OneDrive\Documents\Cyber Security and Digital Forensics MSc\Applications of Artificial Intelligence in Cyber Security\Assessment\project\data\large_combined\combined\combined.wav,combined,202,1010.0,5.0,1
C:\Users\Chris Boddy\OneDrive\Documents\Cyber Security and Digital Forensics MSc\Applications of Artificial Intelligence in Cyber Security\Assessment\project\data\large_combined\combined\combined.wav,combined,203,1015.0,5.0,2
C:\Users\Chris Boddy\OneDrive\Documents\Cyber Security and Digital Forensics MSc\Applications of Artificial Intelligence in Cyber Security\Assessment\project\data\large_combined\combined\combined.wav,combined,204,1020.0,5.0,2
C:\Users\Chris Boddy\OneDrive\Documents\Cyber Security and Digital Forensics MSc\Applications of Artificial Intelligence in Cyber Security\Assessment\project\data\large_combined\combined\combined.wav,combined,205,1025.0,5.0,1
C:\Users\Chris Boddy\OneDrive\Documents\Cyber Security and Digital Forensics MSc\Applications of Artificial Intelligence in Cyber Security\Assessment\project\data\large_combined\combined\combined.wav,combined,206,1030.0,5.0,2
C:\Users\Chris Boddy\OneDrive\Documents\Cyber Security and Digital Forensics MSc\Applications of Artificial Intelligence in Cyber Security\Assessment\project\data\large_combined\combined\combined.wav,combined,207,1035.0,5.0,0
C:\Users\Chris Boddy\OneDrive\Documents\Cyber Security and Digital Forensics MSc\Applications of Artificial Intelligence in Cyber Security\Assessment\project\data\large_combined\combined\combined.wav,combined,208,1040.0,5.0,2
C:\Users\Chris Boddy\OneDrive\Documents\Cyber Security and Digital Forensics MSc\Applications of Artificial Intelligence in Cyber Security\Assessment\project\data\large_combined\combined\combined.wav,combined,209,1045.0,5.0,2
C:\Users\Chris Boddy\OneDrive\Documents\Cyber Security and Digital Forensics MSc\Applications of Artificial Intelligence in Cyber Security\Assessment\project\data\large_combined\combined\combined.wav,combined,210,1050.0,5.0,2
C:\Users\Chris Boddy\OneDrive\Documents\Cyber Security and Digital Forensics MSc\Applications of Artificial Intelligence in Cyber Security\Assessment\project\data\large_combined\combined\combined.wav,combined,211,1055.0,5.0,2
C:\Users\Chris Boddy\OneDrive\Documents\Cyber Security and Digital Forensics MSc\Applications of Artificial Intelligence in Cyber Security\Assessment\project\data\large_combined\combined\combined.wav,combined,212,1060.0,5.0,2
C:\Users\Chris Boddy\OneDrive\Documents\Cyber Security and Digital Forensics MSc\Applications of Artificial Intelligence in Cyber Security\Assessment\project\data\large_combined\combined\combined.wav,combined,213,1065.0,5.0,0
C:\Users\Chris Boddy\OneDrive\Documents\Cyber Security and Digital Forensics MSc\Applications of Artificial Intelligence in Cyber Security\Assessment\project\data\large_combined\combined\combined.wav,combined,214,1070.0,5.0,0
C:\Users\Chris Boddy\OneDrive\Documents\Cyber Security and Digital Forensics MSc\Applications of Artificial Intelligence in Cyber Security\Assessment\project\data\large_combined\combined\combined.wav,combined,215,1075.0,5.0,1
C:\Users\Chris Boddy\OneDrive\Documents\Cyber Security and Digital Forensics MSc\Applications of Artificial Intelligence in Cyber Security\Assessment\project\data\large_combined\combined\combined.wav,combined,216,1080.0,5.0,2
C:\Users\Chris Boddy\OneDrive\Documents\Cyber Security and Digital Forensics MSc\Applications of Artificial Intelligence in Cyber Security\Assessment\project\data\large_combined\combined\combined.wav,combined,217,1085.0,5.0,0
C:\Users\Chris Boddy\OneDrive\Documents\Cyber Security and Digital Forensics MSc\Applications of Artificial Intelligence in Cyber Security\Assessment\project\data\large_combined\combined\combined.wav,combined,218,1090.0,5.0,2
C:\Users\Chris Boddy\OneDrive\Documents\Cyber Security and Digital Forensics MSc\Applications of Artificial Intelligence in Cyber Security\Assessment\project\data\large_combined\combined\combined.wav,combined,219,1095.0,5.0,0
C:\Users\Chris Boddy\OneDrive\Documents\Cyber Security and Digital Forensics MSc\Applications of Artificial Intelligence in Cyber Security\Assessment\project\data\large_combined\combined\combined.wav,combined,220,1100.0,5.0,1
C:\Users\Chris Boddy\OneDrive\Documents\Cyber Security and Digital Forensics MSc\Applications of Artificial Intelligence in Cyber Security\Assessment\project\data\large_combined\combined\combined.wav,combined,221,1105.0,5.0,2
C:\Users\Chris Boddy\OneDrive\Documents\Cyber Security and Digital Forensics MSc\Applications of Artificial Intelligence in Cyber Security\Assessment\project\data\large_combined\combined\combined.wav,combined,222,1110.0,5.0,1
C:\Users\Chris Boddy\OneDrive\Documents\Cyber Security and Digital Forensics MSc\Applications of Artificial Intelligence in Cyber Security\Assessment\project\data\large_combined\combined\combined.wav,combined,223,1115.0,5.0,1
C:\Users\Chris Boddy\OneDrive\Documents\Cyber Security and Digital Forensics MSc\Applications of Artificial Intelligence in Cyber Security\Assessment\project\data\large_combined\combined\combined.wav,combined,224,1120.0,5.0,0
C:\Users\Chris Boddy\OneDrive\Documents\Cyber Security and Digital Forensics MSc\Applications of Artificial Intelligence in Cyber Security\Assessment\project\data\large_combined\combined\combined.wav,combined,225,1125.0,5.0,0
C:\Users\Chris Boddy\OneDrive\Documents\Cyber Security and Digital Forensics MSc\Applications of Artificial Intelligence in Cyber Security\Assessment\project\data\large_combined\combined\combined.wav,combined,226,1130.0,5.0,2
C:\Users\Chris Boddy\OneDrive\Documents\Cyber Security and Digital Forensics MSc\Applications of Artificial Intelligence in Cyber Security\Assessment\project\data\large_combined\combined\combined.wav,combined,227,1135.0,5.0,1
C:\Users\Chris Boddy\OneDrive\Documents\Cyber Security and Digital Forensics MSc\Applications of Artificial Intelligence in Cyber Security\Assessment\project\data\large_combined\combined\combined.wav,combined,228,1140.0,5.0,2
C:\Users\Chris Boddy\OneDrive\Documents\Cyber Security and Digital Forensics MSc\Applications of Artificial Intelligence in Cyber Security\Assessment\project\data\large_combined\combined\combined.wav,combined,229,1145.0,5.0,0
C:\Users\Chris Boddy\OneDrive\Documents\Cyber Security and Digital Forensics MSc\Applications of Artificial Intelligence in Cyber Security\Assessment\project\data\large_combined\combined\combined.wav,combined,230,1150.0,5.0,0
C:\Users\Chris Boddy\OneDrive\Documents\Cyber Security and Digital Forensics MSc\Applications of Artificial Intelligence in Cyber Security\Assessment\project\data\large_combined\combined\combined.wav,combined,231,1155.0,5.0,2
C:\Users\Chris Boddy\OneDrive\Documents\Cyber Security and Digital Forensics MSc\Applications of Artificial Intelligence in Cyber Security\Assessment\project\data\large_combined\combined\combined.wav,combined,232,1160.0,5.0,0
C:\Users\Chris Boddy\OneDrive\Documents\Cyber Security and Digital Forensics MSc\Applications of Artificial Intelligence in Cyber Security\Assessment\project\data\large_combined\combined\combined.wav,combined,233,1165.0,5.0,0
C:\Users\Chris Boddy\OneDrive\Documents\Cyber Security and Digital Forensics MSc\Applications of Artificial Intelligence in Cyber Security\Assessment\project\data\large_combined\combined\combined.wav,combined,234,1170.0,5.0,0
C:\Users\Chris Boddy\OneDrive\Documents\Cyber Security and Digital Forensics MSc\Applications of Artificial Intelligence in Cyber Security\Assessment\project\data\large_combined\combined\combined.wav,combined,235,1175.0,5.0,2
C:\Users\Chris Boddy\OneDrive\Documents\Cyber Security and Digital Forensics MSc\Applications of Artificial Intelligence in Cyber Security\Assessment\project\data\large_combined\combined\combined.wav,combined,236,1180.0,5.0,1
C:\Users\Chris Boddy\OneDrive\Documents\Cyber Security and Digital Forensics MSc\Applications of Artificial Intelligence in Cyber Security\Assessment\project\data\large_combined\combined\combined.wav,combined,237,1185.0,5.0,0
C:\Users\Chris Boddy\OneDrive\Documents\Cyber Security and Digital Forensics MSc\Applications of Artificial Intelligence in Cyber Security\Assessment\project\data\large_combined\combined\combined.wav,combined,238,1190.0,5.0,1
C:\Users\Chris Boddy\OneDrive\Documents\Cyber Security and Digital Forensics MSc\Applications of Artificial Intelligence in Cyber Security\Assessment\project\data\large_combined\combined\combined.wav,combined,239,1195.0,5.0,0
C:\Users\Chris Boddy\OneDrive\Documents\Cyber Security and Digital Forensics MSc\Applications of Artificial Intelligence in Cyber Security\Assessment\project\data\large_combined\combined\combined.wav,combined,240,1200.0,5.0,0
C:\Users\Chris Boddy\OneDrive\Documents\Cyber Security and Digital Forensics MSc\Applications of Artificial Intelligence in Cyber Security\Assessment\project\data\large_combined\combined\combined.wav,combined,241,1205.0,5.0,1
C:\Users\Chris Boddy\OneDrive\Documents\Cyber Security and Digital Forensics MSc\Applications of Artificial Intelligence in Cyber Security\Assessment\project\data\large_combined\combined\combined.wav,combined,242,1210.0,5.0,0
C:\Users\Chris Boddy\OneDrive\Documents\Cyber Security and Digital Forensics MSc\Applications of Artificial Intelligence in Cyber Security\Assessment\project\data\large_combined\combined\combined.wav,combined,243,1215.0,5.0,2
C:\Users\Chris Boddy\OneDrive\Documents\Cyber Security and Digital Forensics MSc\Applications of Artificial Intelligence in Cyber Security\Assessment\project\data\large_combined\combined\combined.wav,combined,244,1220.0,5.0,2
C:\Users\Chris Boddy\OneDrive\Documents\Cyber Security and Digital Forensics MSc\Applications of Artificial Intelligence in Cyber Security\Assessment\project\data\large_combined\combined\combined.wav,combined,245,1225.0,5.0,1
C:\Users\Chris Boddy\OneDrive\Documents\Cyber Security and Digital Forensics MSc\Applications of Artificial Intelligence in Cyber Security\Assessment\project\data\large_combined\combined\combined.wav,combined,246,1230.0,5.0,2
C:\Users\Chris Boddy\OneDrive\Documents\Cyber Security and Digital Forensics MSc\Applications of Artificial Intelligence in Cyber Security\Assessment\project\data\large_combined\combined\combined.wav,combined,247,1235.0,5.0,0
C:\Users\Chris Boddy\OneDrive\Documents\Cyber Security and Digital Forensics MSc\Applications of Artificial Intelligence in Cyber Security\Assessment\project\data\large_combined\combined\combined.wav,combined,248,1240.0,5.0,1
C:\Users\Chris Boddy\OneDrive\Documents\Cyber Security and Digital Forensics MSc\Applications of Artificial Intelligence in Cyber Security\Assessment\project\data\large_combined\combined\combined.wav,combined,249,1245.0,5.0,0
C:\Users\Chris Boddy\OneDrive\Documents\Cyber Security and Digital Forensics MSc\Applications of Artificial Intelligence in Cyber Security\Assessment\project\data\large_combined\combined\combined.wav,combined,250,1250.0,5.0,2
C:\Users\Chris Boddy\OneDrive\Documents\Cyber Security and Digital Forensics MSc\Applications of Artificial Intelligence in Cyber Security\Assessment\project\data\large_combined\combined\combined.wav,combined,251,1255.0,5.0,1
C:\Users\Chris Boddy\OneDrive\Documents\Cyber Security and Digital Forensics MSc\Applications of Artificial Intelligence in Cyber Security\Assessment\project\data\large_combined\combined\combined.wav,combined,252,1260.0,5.0,2
C:\Users\Chris Boddy\OneDrive\Documents\Cyber Security and Digital Forensics MSc\Applications of Artificial Intelligence in Cyber Security\Assessment\project\data\large_combined\combined\combined.wav,combined,253,1265.0,5.0,1
C:\Users\Chris Boddy\OneDrive\Documents\Cyber Security and Digital Forensics MSc\Applications of Artificial Intelligence in Cyber Security\Assessment\project\data\large_combined\combined\combined.wav,combined,254,1270.0,5.0,2
C:\Users\Chris Boddy\OneDrive\Documents\Cyber Security and Digital Forensics MSc\Applications of Artificial Intelligence in Cyber Security\Assessment\project\data\large_combined\combined\combined.wav,combined,255,1275.0,5.0,0
C:\Users\Chris Boddy\OneDrive\Documents\Cyber Security and Digital Forensics MSc\Applications of Artificial Intelligence in Cyber Security\Assessment\project\data\large_combined\combined\combined.wav,combined,256,1280.0,5.0,2
C:\Users\Chris Boddy\OneDrive\Documents\Cyber Security and Digital Forensics MSc\Applications of Artificial Intelligence in Cyber Security\Assessment\project\data\large_combined\combined\combined.wav,combined,257,1285.0,5.0,0
C:\Users\Chris Boddy\OneDrive\Documents\Cyber Security and Digital Forensics MSc\Applications of Artificial Intelligence in Cyber Security\Assessment\project\data\large_combined\combined\combined.wav,combined,258,1290.0,5.0,0
C:\Users\Chris Boddy\OneDrive\Documents\Cyber Security and Digital Forensics MSc\Applications of Artificial Intelligence in Cyber Security\Assessment\project\data\large_combined\combined\combined.wav,combined,259,1295.0,5.0,1
C:\Users\Chris Boddy\OneDrive\Documents\Cyber Security and Digital Forensics MSc\Applications of Artificial Intelligence in Cyber Security\Assessment\project\data\large_combined\combined\combined.wav,combined,260,1300.0,5.0,2
C:\Users\Chris Boddy\OneDrive\Documents\Cyber Security and Digital Forensics MSc\Applications of Artificial Intelligence in Cyber Security\Assessment\project\data\large_combined\combined\combined.wav,combined,261,1305.0,5.0,0
C:\Users\Chris Boddy\OneDrive\Documents\Cyber Security and Digital Forensics MSc\Applications of Artificial Intelligence in Cyber Security\Assessment\project\data\large_combined\combined\combined.wav,combined,262,1310.0,5.0,2
C:\Users\Chris Boddy\OneDrive\Documents\Cyber Security and Digital Forensics MSc\Applications of Artificial Intelligence in Cyber Security\Assessment\project\data\large_combined\combined\combined.wav,combined,263,1315.0,5.0,2
C:\Users\Chris Boddy\OneDrive\Documents\Cyber Security and Digital Forensics MSc\Applications of Artificial Intelligence in Cyber Security\Assessment\project\data\large_combined\combined\combined.wav,combined,264,1320.0,5.0,0
C:\Users\Chris Boddy\OneDrive\Documents\Cyber Security and Digital Forensics MSc\Applications of Artificial Intelligence in Cyber Security\Assessment\project\data\large_combined\combined\combined.wav,combined,265,1325.0,5.0,2
C:\Users\Chris Boddy\OneDrive\Documents\Cyber Security and Digital Forensics MSc\Applications of Artificial Intelligence in Cyber Security\Assessment\project\data\large_combined\combined\combined.wav,combined,266,1330.0,5.0,2
C:\Users\Chris Boddy\OneDrive\Documents\Cyber Security and Digital Forensics MSc\Applications of Artificial Intelligence in Cyber Security\Assessment\project\data\large_combined\combined\combined.wav,combined,267,1335.0,5.0,0
C:\Users\Chris Boddy\OneDrive\Documents\Cyber Security and Digital Forensics MSc\Applications of Artificial Intelligence in Cyber Security\Assessment\project\data\large_combined\combined\combined.wav,combined,268,1340.0,5.0,2
C:\Users\Chris Boddy\OneDrive\Documents\Cyber Security and Digital Forensics MSc\Applications of Artificial Intelligence in Cyber Security\Assessment\project\data\large_combined\combined\combined.wav,combined,269,1345.0,5.0,1
C:\Users\Chris Boddy\OneDrive\Documents\Cyber Security and Digital Forensics MSc\Applications of Artificial Intelligence in Cyber Security\Assessment\project\data\large_combined\combined\combined.wav,combined,270,1350.0,5.0,2
C:\Users\Chris Boddy\OneDrive\Documents\Cyber Security and Digital Forensics MSc\Applications of Artificial Intelligence in Cyber Security\Assessment\project\data\large_combined\combined\combined.wav,combined,271,1355.0,5.0,0
C:\Users\Chris Boddy\OneDrive\Documents\Cyber Security and Digital Forensics MSc\Applications of Artificial Intelligence in Cyber Security\Assessment\project\data\large_combined\combined\combined.wav,combined,272,1360.0,5.0,1
C:\Users\Chris Boddy\OneDrive\Documents\Cyber Security and Digital Forensics MSc\Applications of Artificial Intelligence in Cyber Security\Assessment\project\data\large_combined\combined\combined.wav,combined,273,1365.0,5.0,2
C:\Users\Chris Boddy\OneDrive\Documents\Cyber Security and Digital Forensics MSc\Applications of Artificial Intelligence in Cyber Security\Assessment\project\data\large_combined\combined\combined.wav,combined,274,1370.0,5.0,2
C:\Users\Chris Boddy\OneDrive\Documents\Cyber Security and Digital Forensics MSc\Applications of Artificial Intelligence in Cyber Security\Assessment\project\data\large_combined\combined\combined.wav,combined,275,1375.0,5.0,0
C:\Users\Chris Boddy\OneDrive\Documents\Cyber Security and Digital Forensics MSc\Applications of Artificial Intelligence in Cyber Security\Assessment\project\data\large_combined\combined\combined.wav,combined,276,1380.0,5.0,2
C:\Users\Chris Boddy\OneDrive\Documents\Cyber Security and Digital Forensics MSc\Applications of Artificial Intelligence in Cyber Security\Assessment\project\data\large_combined\combined\combined.wav,combined,277,1385.0,5.0,1
C:\Users\Chris Boddy\OneDrive\Documents\Cyber Security and Digital Forensics MSc\Applications of Artificial Intelligence in Cyber Security\Assessment\project\data\large_combined\combined\combined.wav,combined,278,1390.0,5.0,2
C:\Users\Chris Boddy\OneDrive\Documents\Cyber Security and Digital Forensics MSc\Applications of Artificial Intelligence in Cyber Security\Assessment\project\data\large_combined\combined\combined.wav,combined,279,1395.0,5.0,1
C:\Users\Chris Boddy\OneDrive\Documents\Cyber Security and Digital Forensics MSc\Applications of Artificial Intelligence in Cyber Security\Assessment\project\data\large_combined\combined\combined.wav,combined,280,1400.0,5.0,1
C:\Users\Chris Boddy\OneDrive\Documents\Cyber Security and Digital Forensics MSc\Applications of Artificial Intelligence in Cyber Security\Assessment\project\data\large_combined\combined\combined.wav,combined,281,1405.0,5.0,2
C:\Users\Chris Boddy\OneDrive\Documents\Cyber Security and Digital Forensics MSc\Applications of Artificial Intelligence in Cyber Security\Assessment\project\data\large_combined\combined\combined.wav,combined,282,1410.0,5.0,1
C:\Users\Chris Boddy\OneDrive\Documents\Cyber Security and Digital Forensics MSc\Applications of Artificial Intelligence in Cyber Security\Assessment\project\data\large_combined\combined\combined.wav,combined,283,1415.0,5.0,0
C:\Users\Chris Boddy\OneDrive\Documents\Cyber Security and Digital Forensics MSc\Applications of Artificial Intelligence in Cyber Security\Assessment\project\data\large_combined\combined\combined.wav,combined,284,1420.0,5.0,2
C:\Users\Chris Boddy\OneDrive\Documents\Cyber Security and Digital Forensics MSc\Applications of Artificial Intelligence in Cyber Security\Assessment\project\data\large_combined\combined\combined.wav,combined,285,1425.0,5.0,1
C:\Users\Chris Boddy\OneDrive\Documents\Cyber Security and Digital Forensics MSc\Applications of Artificial Intelligence in Cyber Security\Assessment\project\data\large_combined\combined\combined.wav,combined,286,1430.0,5.0,2
C:\Users\Chris Boddy\OneDrive\Documents\Cyber Security and Digital Forensics MSc\Applications of Artificial Intelligence in Cyber Security\Assessment\project\data\large_combined\combined\combined.wav,combined,287,1435.0,5.0,2
C:\Users\Chris Boddy\OneDrive\Documents\Cyber Security and Digital Forensics MSc\Applications of Artificial Intelligence in Cyber Security\Assessment\project\data\large_combined\combined\combined.wav,combined,288,1440.0,5.0,0
C:\Users\Chris Boddy\OneDrive\Documents\Cyber Security and Digital Forensics MSc\Applications of Artificial Intelligence in Cyber Security\Assessment\project\data\large_combined\combined\combined.wav,combined,289,1445.0,5.0,0
C:\Users\Chris Boddy\OneDrive\Documents\Cyber Security and Digital Forensics MSc\Applications of Artificial Intelligence in Cyber Security\Assessment\project\data\large_combined\combined\combined.wav,combined,290,1450.0,5.0,1
C:\Users\Chris Boddy\OneDrive\Documents\Cyber Security and Digital Forensics MSc\Applications of Artificial Intelligence in Cyber Security\Assessment\project\data\large_combined\combined\combined.wav,combined,291,1455.0,5.0,2
C:\Users\Chris Boddy\OneDrive\Documents\Cyber Security and Digital Forensics MSc\Applications of Artificial Intelligence in Cyber Security\Assessment\project\data\large_combined\combined\combined.wav,combined,292,1460.0,5.0,0
C:\Users\Chris Boddy\OneDrive\Documents\Cyber Security and Digital Forensics MSc\Applications of Artificial Intelligence in Cyber Security\Assessment\project\data\large_combined\combined\combined.wav,combined,293,1465.0,5.0,2
C:\Users\Chris Boddy\OneDrive\Documents\Cyber Security and Digital Forensics MSc\Applications of Artificial Intelligence in Cyber Security\Assessment\project\data\large_combined\combined\combined.wav,combined,294,1470.0,5.0,2
C:\Users\Chris Boddy\OneDrive\Documents\Cyber Security and Digital Forensics MSc\Applications of Artificial Intelligence in Cyber Security\Assessment\project\data\large_combined\combined\combined.wav,combined,295,1475.0,5.0,0
C:\Users\Chris Boddy\OneDrive\Documents\Cyber Security and Digital Forensics MSc\Applications of Artificial Intelligence in Cyber Security\Assessment\project\data\large_combined\combined\combined.wav,combined,296,1480.0,5.0,2
C:\Users\Chris Boddy\OneDrive\Documents\Cyber Security and Digital Forensics MSc\Applications of Artificial Intelligence in Cyber Security\Assessment\project\data\large_combined\combined\combined.wav,combined,297,1485.0,5.0,2
C:\Users\Chris Boddy\OneDrive\Documents\Cyber Security and Digital Forensics MSc\Applications of Artificial Intelligence in Cyber Security\Assessment\project\data\large_combined\combined\combined.wav,combined,298,1490.0,5.0,1
C:\Users\Chris Boddy\OneDrive\Documents\Cyber Security and Digital Forensics MSc\Applications of Artificial Intelligence in Cyber Security\Assessment\project\data\large_combined\combined\combined.wav,combined,299,1495.0,5.0,0
C:\Users\Chris Boddy\OneDrive\Documents\Cyber Security and Digital Forensics MSc\Applications of Artificial Intelligence in Cyber Security\Assessment\project\data\large_combined\combined\combined.wav,combined,300,1500.0,5.0,2
C:\Users\Chris Boddy\OneDrive\Documents\Cyber Security and Digital Forensics MSc\Applications of Artificial Intelligence in Cyber Security\Assessment\project\data\large_combined\combined\combined.wav,combined,301,1505.0,5.0,0
C:\Users\Chris Boddy\OneDrive\Documents\Cyber Security and Digital Forensics MSc\Applications of Artificial Intelligence in Cyber Security\Assessment\project\data\large_combined\combined\combined.wav,combined,302,1510.0,5.0,1
C:\Users\Chris Boddy\OneDrive\Documents\Cyber Security and Digital Forensics MSc\Applications of Artificial Intelligence in Cyber Security\Assessment\project\data\large_combined\combined\combined.wav,combined,303,1515.0,5.0,0
C:\Users\Chris Boddy\OneDrive\Documents\Cyber Security and Digital Forensics MSc\Applications of Artificial Intelligence in Cyber Security\Assessment\project\data\large_combined\combined\combined.wav,combined,304,1520.0,5.0,2
C:\Users\Chris Boddy\OneDrive\Documents\Cyber Security and Digital Forensics MSc\Applications of Artificial Intelligence in Cyber Security\Assessment\project\data\large_combined\combined\combined.wav,combined,305,1525.0,5.0,2
C:\Users\Chris Boddy\OneDrive\Documents\Cyber Security and Digital Forensics MSc\Applications of Artificial Intelligence in Cyber Security\Assessment\project\data\large_combined\combined\combined.wav,combined,306,1530.0,5.0,0
C:\Users\Chris Boddy\OneDrive\Documents\Cyber Security and Digital Forensics MSc\Applications of Artificial Intelligence in Cyber Security\Assessment\project\data\large_combined\combined\combined.wav,combined,307,1535.0,5.0,2
C:\Users\Chris Boddy\OneDrive\Documents\Cyber Security and Digital Forensics MSc\Applications of Artificial Intelligence in Cyber Security\Assessment\project\data\large_combined\combined\combined.wav,combined,308,1540.0,5.0,0
C:\Users\Chris Boddy\OneDrive\Documents\Cyber Security and Digital Forensics MSc\Applications of Artificial Intelligence in Cyber Security\Assessment\project\data\large_combined\combined\combined.wav,combined,309,1545.0,5.0,0
C:\Users\Chris Boddy\OneDrive\Documents\Cyber Security and Digital Forensics MSc\Applications of Artificial Intelligence in Cyber Security\Assessment\project\data\large_combined\combined\combined.wav,combined,310,1550.0,5.0,1
C:\Users\Chris Boddy\OneDrive\Documents\Cyber Security and Digital Forensics MSc\Applications of Artificial Intelligence in Cyber Security\Assessment\project\data\large_combined\combined\combined.wav,combined,311,1555.0,5.0,0
C:\Users\Chris Boddy\OneDrive\Documents\Cyber Security and Digital Forensics MSc\Applications of Artificial Intelligence in Cyber Security\Assessment\project\data\large_combined\combined\combined.wav,combined,312,1560.0,5.0,2
C:\Users\Chris Boddy\OneDrive\Documents\Cyber Security and Digital Forensics MSc\Applications of Artificial Intelligence in Cyber Security\Assessment\project\data\large_combined\combined\combined.wav,combined,313,1565.0,5.0,2
C:\Users\Chris Boddy\OneDrive\Documents\Cyber Security and Digital Forensics MSc\Applications of Artificial Intelligence in Cyber Security\Assessment\project\data\large_combined\combined\combined.wav,combined,314,1570.0,5.0,1
C:\Users\Chris Boddy\OneDrive\Documents\Cyber Security and Digital Forensics MSc\Applications of Artificial Intelligence in Cyber Security\Assessment\project\data\large_combined\combined\combined.wav,combined,315,1575.0,5.0,2
C:\Users\Chris Boddy\OneDrive\Documents\Cyber Security and Digital Forensics MSc\Applications of Artificial Intelligence in Cyber Security\Assessment\project\data\large_combined\combined\combined.wav,combined,316,1580.0,5.0,1
C:\Users\Chris Boddy\OneDrive\Documents\Cyber Security and Digital Forensics MSc\Applications of Artificial Intelligence in Cyber Security\Assessment\project\data\large_combined\combined\combined.wav,combined,317,1585.0,5.0,2
C:\Users\Chris Boddy\OneDrive\Documents\Cyber Security and Digital Forensics MSc\Applications of Artificial Intelligence in Cyber Security\Assessment\project\data\large_combined\combined\combined.wav,combined,318,1590.0,5.0,1
C:\Users\Chris Boddy\OneDrive\Documents\Cyber Security and Digital Forensics MSc\Applications of Artificial Intelligence in Cyber Security\Assessment\project\data\large_combined\combined\combined.wav,combined,319,1595.0,5.0,1
C:\Users\Chris Boddy\OneDrive\Documents\Cyber Security and Digital Forensics MSc\Applications of Artificial Intelligence in Cyber Security\Assessment\project\data\large_combined\combined\combined.wav,combined,320,1600.0,5.0,0
C:\Users\Chris Boddy\OneDrive\Documents\Cyber Security and Digital Forensics MSc\Applications of Artificial Intelligence in Cyber Security\Assessment\project\data\large_combined\combined\combined.wav,combined,321,1605.0,5.0,0
C:\Users\Chris Boddy\OneDrive\Documents\Cyber Security and Digital Forensics MSc\Applications of Artificial Intelligence in Cyber Security\Assessment\project\data\large_combined\combined\combined.wav,combined,322,1610.0,5.0,2
C:\Users\Chris Boddy\OneDrive\Documents\Cyber Security and Digital Forensics MSc\Applications of Artificial Intelligence in Cyber Security\Assessment\project\data\large_combined\combined\combined.wav,combined,323,1615.0,5.0,1
C:\Users\Chris Boddy\OneDrive\Documents\Cyber Security and Digital Forensics MSc\Applications of Artificial Intelligence in Cyber Security\Assessment\project\data\large_combined\combined\combined.wav,combined,324,1620.0,5.0,1
C:\Users\Chris Boddy\OneDrive\Documents\Cyber Security and Digital Forensics MSc\Applications of Artificial Intelligence in Cyber Security\Assessment\project\data\large_combined\combined\combined.wav,combined,325,1625.0,5.0,2
C:\Users\Chris Boddy\OneDrive\Documents\Cyber Security and Digital Forensics MSc\Applications of Artificial Intelligence in Cyber Security\Assessment\project\data\large_combined\combined\combined.wav,combined,326,1630.0,5.0,1
C:\Users\Chris Boddy\OneDrive\Documents\Cyber Security and Digital Forensics MSc\Applications of Artificial Intelligence in Cyber Security\Assessment\project\data\large_combined\combined\combined.wav,combined,327,1635.0,5.0,0
C:\Users\Chris Boddy\OneDrive\Documents\Cyber Security and Digital Forensics MSc\Applications of Artificial Intelligence in Cyber Security\Assessment\project\data\large_combined\combined\combined.wav,combined,328,1640.0,5.0,1
C:\Users\Chris Boddy\OneDrive\Documents\Cyber Security and Digital Forensics MSc\Applications of Artificial Intelligence in Cyber Security\Assessment\project\data\large_combined\combined\combined.wav,combined,329,1645.0,5.0,2
C:\Users\Chris Boddy\OneDrive\Documents\Cyber Security and Digital Forensics MSc\Applications of Artificial Intelligence in Cyber Security\Assessment\project\data\large_combined\combined\combined.wav,combined,330,1650.0,5.0,1
C:\Users\Chris Boddy\OneDrive\Documents\Cyber Security and Digital Forensics MSc\Applications of Artificial Intelligence in Cyber Security\Assessment\project\data\large_combined\combined\combined.wav,combined,331,1655.0,5.0,0
C:\Users\Chris Boddy\OneDrive\Documents\Cyber Security and Digital Forensics MSc\Applications of Artificial Intelligence in Cyber Security\Assessment\project\data\large_combined\combined\combined.wav,combined,332,1660.0,5.0,2
C:\Users\Chris Boddy\OneDrive\Documents\Cyber Security and Digital Forensics MSc\Applications of Artificial Intelligence in Cyber Security\Assessment\project\data\large_combined\combined\combined.wav,combined,333,1665.0,5.0,1
C:\Users\Chris Boddy\OneDrive\Documents\Cyber Security and Digital Forensics MSc\Applications of Artificial Intelligence in Cyber Security\Assessment\project\data\large_combined\combined\combined.wav,combined,334,1670.0,5.0,0
C:\Users\Chris Boddy\OneDrive\Documents\Cyber Security and Digital Forensics MSc\Applications of Artificial Intelligence in Cyber Security\Assessment\project\data\large_combined\combined\combined.wav,combined,335,1675.0,5.0,2
C:\Users\Chris Boddy\OneDrive\Documents\Cyber Security and Digital Forensics MSc\Applications of Artificial Intelligence in Cyber Security\Assessment\project\data\large_combined\combined\combined.wav,combined,336,1680.0,5.0,1
C:\Users\Chris Boddy\OneDrive\Documents\Cyber Security and Digital Forensics MSc\Applications of Artificial Intelligence in Cyber Security\Assessment\project\data\large_combined\combined\combined.wav,combined,337,1685.0,5.0,0
C:\Users\Chris Boddy\OneDrive\Documents\Cyber Security and Digital Forensics MSc\Applications of Artificial Intelligence in Cyber Security\Assessment\project\data\large_combined\combined\combined.wav,combined,338,1690.0,5.0,2
C:\Users\Chris Boddy\OneDrive\Documents\Cyber Security and Digital Forensics MSc\Applications of Artificial Intelligence in Cyber Security\Assessment\project\data\large_combined\combined\combined.wav,combined,339,1695.0,5.0,0
C:\Users\Chris Boddy\OneDrive\Documents\Cyber Security and Digital Forensics MSc\Applications of Artificial Intelligence in Cyber Security\Assessment\project\data\large_combined\combined\combined.wav,combined,340,1700.0,5.0,2
C:\Users\Chris Boddy\OneDrive\Documents\Cyber Security and Digital Forensics MSc\Applications of Artificial Intelligence in Cyber Security\Assessment\project\data\large_combined\combined\combined.wav,combined,341,1705.0,5.0,1
C:\Users\Chris Boddy\OneDrive\Documents\Cyber Security and Digital Forensics MSc\Applications of Artificial Intelligence in Cyber Security\Assessment\project\data\large_combined\combined\combined.wav,combined,342,1710.0,5.0,1
C:\Users\Chris Boddy\OneDrive\Documents\Cyber Security and Digital Forensics MSc\Applications of Artificial Intelligence in Cyber Security\Assessment\project\data\large_combined\combined\combined.wav,combined,343,1715.0,5.0,0
C:\Users\Chris Boddy\OneDrive\Documents\Cyber Security and Digital Forensics MSc\Applications of Artificial Intelligence in Cyber Security\Assessment\project\data\large_combined\combined\combined.wav,combined,344,1720.0,5.0,2
C:\Users\Chris Boddy\OneDrive\Documents\Cyber Security and Digital Forensics MSc\Applications of Artificial Intelligence in Cyber Security\Assessment\project\data\large_combined\combined\combined.wav,combined,345,1725.0,5.0,2
C:\Users\Chris Boddy\OneDrive\Documents\Cyber Security and Digital Forensics MSc\Applications of Artificial Intelligence in Cyber Security\Assessment\project\data\large_combined\combined\combined.wav,combined,346,1730.0,5.0,0
C:\Users\Chris Boddy\OneDrive\Documents\Cyber Security and Digital Forensics MSc\Applications of Artificial Intelligence in Cyber Security\Assessment\project\data\large_combined\combined\combined.wav,combined,347,1735.0,5.0,1
C:\Users\Chris Boddy\OneDrive\Documents\Cyber Security and Digital Forensics MSc\Applications of Artificial Intelligence in Cyber Security\Assessment\project\data\large_combined\combined\combined.wav,combined,348,1740.0,5.0,1
C:\Users\Chris Boddy\OneDrive\Documents\Cyber Security and Digital Forensics MSc\Applications of Artificial Intelligence in Cyber Security\Assessment\project\data\large_combined\combined\combined.wav,combined,349,1745.0,5.0,0
C:\Users\Chris Boddy\OneDrive\Documents\Cyber Security and Digital Forensics MSc\Applications of Artificial Intelligence in Cyber Security\Assessment\project\data\large_combined\combined\combined.wav,combined,350,1750.0,5.0,1
C:\Users\Chris Boddy\OneDrive\Documents\Cyber Security and Digital Forensics MSc\Applications of Artificial Intelligence in Cyber Security\Assessment\project\data\large_combined\combined\combined.wav,combined,351,1755.0,5.0,2
C:\Users\Chris Boddy\OneDrive\Documents\Cyber Security and Digital Forensics MSc\Applications of Artificial Intelligence in Cyber Security\Assessment\project\data\large_combined\combined\combined.wav,combined,352,1760.0,5.0,2
C:\Users\Chris Boddy\OneDrive\Documents\Cyber Security and Digital Forensics MSc\Applications of Artificial Intelligence in Cyber Security\Assessment\project\data\large_combined\combined\combined.wav,combined,353,1765.0,5.0,0
C:\Users\Chris Boddy\OneDrive\Documents\Cyber Security and Digital Forensics MSc\Applications of Artificial Intelligence in Cyber Security\Assessment\project\data\large_combined\combined\combined.wav,combined,354,1770.0,5.0,0
C:\Users\Chris Boddy\OneDrive\Documents\Cyber Security and Digital Forensics MSc\Applications of Artificial Intelligence in Cyber Security\Assessment\project\data\large_combined\combined\combined.wav,combined,355,1775.0,5.0,2
C:\Users\Chris Boddy\OneDrive\Documents\Cyber Security and Digital Forensics MSc\Applications of Artificial Intelligence in Cyber Security\Assessment\project\data\large_combined\combined\combined.wav,combined,356,1780.0,5.0,0
C:\Users\Chris Boddy\OneDrive\Documents\Cyber Security and Digital Forensics MSc\Applications of Artificial Intelligence in Cyber Security\Assessment\project\data\large_combined\combined\combined.wav,combined,357,1785.0,5.0,0
C:\Users\Chris Boddy\OneDrive\Documents\Cyber Security and Digital Forensics MSc\Applications of Artificial Intelligence in Cyber Security\Assessment\project\data\large_combined\combined\combined.wav,combined,358,1790.0,5.0,1
C:\Users\Chris Boddy\OneDrive\Documents\Cyber Security and Digital Forensics MSc\Applications of Artificial Intelligence in Cyber Security\Assessment\project\data\large_combined\combined\combined.wav,combined,359,1795.0,5.0,1
C:\Users\Chris Boddy\OneDrive\Documents\Cyber Security and Digital Forensics MSc\Applications of Artificial Intelligence in Cyber Security\Assessment\project\data\large_combined\combined\combined.wav,combined,360,1800.0,5.0,0
C:\Users\Chris Boddy\OneDrive\Documents\Cyber Security and Digital Forensics MSc\Applications of Artificial Intelligence in Cyber Security\Assessment\project\data\large_combined\combined\combined.wav,combined,361,1805.0,5.0,1
C:\Users\Chris Boddy\OneDrive\Documents\Cyber Security and Digital Forensics MSc\Applications of Artificial Intelligence in Cyber Security\Assessment\project\data\large_combined\combined\combined.wav,combined,362,1810.0,5.0,2
C:\Users\Chris Boddy\OneDrive\Documents\Cyber Security and Digital Forensics MSc\Applications of Artificial Intelligence in Cyber Security\Assessment\project\data\large_combined\combined\combined.wav,combined,363,1815.0,5.0,1
C:\Users\Chris Boddy\OneDrive\Documents\Cyber Security and Digital Forensics MSc\Applications of Artificial Intelligence in Cyber Security\Assessment\project\data\large_combined\combined\combined.wav,combined,364,1820.0,5.0,2
C:\Users\Chris Boddy\OneDrive\Documents\Cyber Security and Digital Forensics MSc\Applications of Artificial Intelligence in Cyber Security\Assessment\project\data\large_combined\combined\combined.wav,combined,365,1825.0,5.0,0
C:\Users\Chris Boddy\OneDrive\Documents\Cyber Security and Digital Forensics MSc\Applications of Artificial Intelligence in Cyber Security\Assessment\project\data\large_combined\combined\combined.wav,combined,366,1830.0,5.0,1
C:\Users\Chris Boddy\OneDrive\Documents\Cyber Security and Digital Forensics MSc\Applications of Artificial Intelligence in Cyber Security\Assessment\project\data\large_combined\combined\combined.wav,combined,367,1835.0,5.0,0
C:\Users\Chris Boddy\OneDrive\Documents\Cyber Security and Digital Forensics MSc\Applications of Artificial Intelligence in Cyber Security\Assessment\project\data\large_combined\combined\combined.wav,combined,368,1840.0,5.0,1
C:\Users\Chris Boddy\OneDrive\Documents\Cyber Security and Digital Forensics MSc\Applications of Artificial Intelligence in Cyber Security\Assessment\project\data\large_combined\combined\combined.wav,combined,369,1845.0,5.0,0
C:\Users\Chris Boddy\OneDrive\Documents\Cyber Security and Digital Forensics MSc\Applications of Artificial Intelligence in Cyber Security\Assessment\project\data\large_combined\combined\combined.wav,combined,370,1850.0,5.0,2
C:\Users\Chris Boddy\OneDrive\Documents\Cyber Security and Digital Forensics MSc\Applications of Artificial Intelligence in Cyber Security\Assessment\project\data\large_combined\combined\combined.wav,combined,371,1855.0,5.0,2
C:\Users\Chris Boddy\OneDrive\Documents\Cyber Security and Digital Forensics MSc\Applications of Artificial Intelligence in Cyber Security\Assessment\project\data\large_combined\combined\combined.wav,combined,372,1860.0,5.0,2
C:\Users\Chris Boddy\OneDrive\Documents\Cyber Security and Digital Forensics MSc\Applications of Artificial Intelligence in Cyber Security\Assessment\project\data\large_combined\combined\combined.wav,combined,373,1865.0,5.0,2
C:\Users\Chris Boddy\OneDrive\Documents\Cyber Security and Digital Forensics MSc\Applications of Artificial Intelligence in Cyber Security\Assessment\project\data\large_combined\combined\combined.wav,combined,374,1870.0,5.0,0
C:\Users\Chris Boddy\OneDrive\Documents\Cyber Security and Digital Forensics MSc\Applications of Artificial Intelligence in Cyber Security\Assessment\project\data\large_combined\combined\combined.wav,combined,375,1875.0,5.0,2
C:\Users\Chris Boddy\OneDrive\Documents\Cyber Security and Digital Forensics MSc\Applications of Artificial Intelligence in Cyber Security\Assessment\project\data\large_combined\combined\combined.wav,combined,376,1880.0,5.0,2
C:\Users\Chris Boddy\OneDrive\Documents\Cyber Security and Digital Forensics MSc\Applications of Artificial Intelligence in Cyber Security\Assessment\project\data\large_combined\combined\combined.wav,combined,377,1885.0,5.0,0
C:\Users\Chris Boddy\OneDrive\Documents\Cyber Security and Digital Forensics MSc\Applications of Artificial Intelligence in Cyber Security\Assessment\project\data\large_combined\combined\combined.wav,combined,378,1890.0,5.0,1
C:\Users\Chris Boddy\OneDrive\Documents\Cyber Security and Digital Forensics MSc\Applications of Artificial Intelligence in Cyber Security\Assessment\project\data\large_combined\combined\combined.wav,combined,379,1895.0,5.0,2
C:\Users\Chris Boddy\OneDrive\Documents\Cyber Security and Digital Forensics MSc\Applications of Artificial Intelligence in Cyber Security\Assessment\project\data\large_combined\combined\combined.wav,combined,380,1900.0,5.0,1
C:\Users\Chris Boddy\OneDrive\Documents\Cyber Security and Digital Forensics MSc\Applications of Artificial Intelligence in Cyber Security\Assessment\project\data\large_combined\combined\combined.wav,combined,381,1905.0,5.0,0
C:\Users\Chris Boddy\OneDrive\Documents\Cyber Security and Digital Forensics MSc\Applications of Artificial Intelligence in Cyber Security\Assessment\project\data\large_combined\combined\combined.wav,combined,382,1910.0,5.0,0
C:\Users\Chris Boddy\OneDrive\Documents\Cyber Security and Digital Forensics MSc\Applications of Artificial Intelligence in Cyber Security\Assessment\project\data\large_combined\combined\combined.wav,combined,383,1915.0,5.0,2
C:\Users\Chris Boddy\OneDrive\Documents\Cyber Security and Digital Forensics MSc\Applications of Artificial Intelligence in Cyber Security\Assessment\project\data\large_combined\combined\combined.wav,combined,384,1920.0,5.0,0
C:\Users\Chris Boddy\OneDrive\Documents\Cyber Security and Digital Forensics MSc\Applications of Artificial Intelligence in Cyber Security\Assessment\project\data\large_combined\combined\combined.wav,combined,385,1925.0,5.0,2
C:\Users\Chris Boddy\OneDrive\Documents\Cyber Security and Digital Forensics MSc\Applications of Artificial Intelligence in Cyber Security\Assessment\project\data\large_combined\combined\combined.wav,combined,386,1930.0,5.0,0
C:\Users\Chris Boddy\OneDrive\Documents\Cyber Security and Digital Forensics MSc\Applications of Artificial Intelligence in Cyber Security\Assessment\project\data\large_combined\combined\combined.wav,combined,387,1935.0,5.0,1
C:\Users\Chris Boddy\OneDrive\Documents\Cyber Security and Digital Forensics MSc\Applications of Artificial Intelligence in Cyber Security\Assessment\project\data\large_combined\combined\combined.wav,combined,388,1940.0,5.0,0
C:\Users\Chris Boddy\OneDrive\Documents\Cyber Security and Digital Forensics MSc\Applications of Artificial Intelligence in Cyber Security\Assessment\project\data\large_combined\combined\combined.wav,combined,389,1945.0,5.0,1
C:\Users\Chris Boddy\OneDrive\Documents\Cyber Security and Digital Forensics MSc\Applications of Artificial Intelligence in Cyber Security\Assessment\project\data\large_combined\combined\combined.wav,combined,390,1950.0,5.0,0
C:\Users\Chris Boddy\OneDrive\Documents\Cyber Security and Digital Forensics MSc\Applications of Artificial Intelligence in Cyber Security\Assessment\project\data\large_combined\combined\combined.wav,combined,391,1955.0,5.0,0
C:\Users\Chris Boddy\OneDrive\Documents\Cyber Security and Digital Forensics MSc\Applications of Artificial Intelligence in Cyber Security\Assessment\project\data\large_combined\combined\combined.wav,combined,392,1960.0,5.0,0
C:\Users\Chris Boddy\OneDrive\Documents\Cyber Security and Digital Forensics MSc\Applications of Artificial Intelligence in Cyber Security\Assessment\project\data\large_combined\combined\combined.wav,combined,393,1965.0,5.0,0
C:\Users\Chris Boddy\OneDrive\Documents\Cyber Security and Digital Forensics MSc\Applications of Artificial Intelligence in Cyber Security\Assessment\project\data\large_combined\combined\combined.wav,combined,394,1970.0,5.0,1
C:\Users\Chris Boddy\OneDrive\Documents\Cyber Security and Digital Forensics MSc\Applications of Artificial Intelligence in Cyber Security\Assessment\project\data\large_combined\combined\combined.wav,combined,395,1975.0,5.0,2
C:\Users\Chris Boddy\OneDrive\Documents\Cyber Security and Digital Forensics MSc\Applications of Artificial Intelligence in Cyber Security\Assessment\project\data\large_combined\combined\combined.wav,combined,396,1980.0,5.0,0
C:\Users\Chris Boddy\OneDrive\Documents\Cyber Security and Digital Forensics MSc\Applications of Artificial Intelligence in Cyber Security\Assessment\project\data\large_combined\combined\combined.wav,combined,397,1985.0,5.0,1
C:\Users\Chris Boddy\OneDrive\Documents\Cyber Security and Digital Forensics MSc\Applications of Artificial Intelligence in Cyber Security\Assessment\project\data\large_combined\combined\combined.wav,combined,398,1990.0,5.0,2
C:\Users\Chris Boddy\OneDrive\Documents\Cyber Security and Digital Forensics MSc\Applications of Artificial Intelligence in Cyber Security\Assessment\project\data\large_combined\combined\combined.wav,combined,399,1995.0,5.0,2
C:\Users\Chris Boddy\OneDrive\Documents\Cyber Security and Digital Forensics MSc\Applications of Artificial Intelligence in Cyber Security\Assessment\project\data\large_combined\combined\combined.wav,combined,400,2000.0,5.0,0
C:\Users\Chris Boddy\OneDrive\Documents\Cyber Security and Digital Forensics MSc\Applications of Artificial Intelligence in Cyber Security\Assessment\project\data\large_combined\combined\combined.wav,combined,401,2005.0,5.0,0
C:\Users\Chris Boddy\OneDrive\Documents\Cyber Security and Digital Forensics MSc\Applications of Artificial Intelligence in Cyber Security\Assessment\project\data\large_combined\combined\combined.wav,combined,402,2010.0,5.0,1
C:\Users\Chris Boddy\OneDrive\Documents\Cyber Security and Digital Forensics MSc\Applications of Artificial Intelligence in Cyber Security\Assessment\project\data\large_combined\combined\combined.wav,combined,403,2015.0,5.0,0
C:\Users\Chris Boddy\OneDrive\Documents\Cyber Security and Digital Forensics MSc\Applications of Artificial Intelligence in Cyber Security\Assessment\project\data\large_combined\combined\combined.wav,combined,404,2020.0,5.0,2
C:\Users\Chris Boddy\OneDrive\Documents\Cyber Security and Digital Forensics MSc\Applications of Artificial Intelligence in Cyber Security\Assessment\project\data\large_combined\combined\combined.wav,combined,405,2025.0,5.0,1
C:\Users\Chris Boddy\OneDrive\Documents\Cyber Security and Digital Forensics MSc\Applications of Artificial Intelligence in Cyber Security\Assessment\project\data\large_combined\combined\combined.wav,combined,406,2030.0,5.0,2
C:\Users\Chris Boddy\OneDrive\Documents\Cyber Security and Digital Forensics MSc\Applications of Artificial Intelligence in Cyber Security\Assessment\project\data\large_combined\combined\combined.wav,combined,407,2035.0,5.0,0
C:\Users\Chris Boddy\OneDrive\Documents\Cyber Security and Digital Forensics MSc\Applications of Artificial Intelligence in Cyber Security\Assessment\project\data\large_combined\combined\combined.wav,combined,408,2040.0,5.0,2
C:\Users\Chris Boddy\OneDrive\Documents\Cyber Security and Digital Forensics MSc\Applications of Artificial Intelligence in Cyber Security\Assessment\project\data\large_combined\combined\combined.wav,combined,409,2045.0,5.0,0
C:\Users\Chris Boddy\OneDrive\Documents\Cyber Security and Digital Forensics MSc\Applications of Artificial Intelligence in Cyber Security\Assessment\project\data\large_combined\combined\combined.wav,combined,410,2050.0,5.0,0
C:\Users\Chris Boddy\OneDrive\Documents\Cyber Security and Digital Forensics MSc\Applications of Artificial Intelligence in Cyber Security\Assessment\project\data\large_combined\combined\combined.wav,combined,411,2055.0,5.0,2
C:\Users\Chris Boddy\OneDrive\Documents\Cyber Security and Digital Forensics MSc\Applications of Artificial Intelligence in Cyber Security\Assessment\project\data\large_combined\combined\combined.wav,combined,412,2060.0,5.0,2
C:\Users\Chris Boddy\OneDrive\Documents\Cyber Security and Digital Forensics MSc\Applications of Artificial Intelligence in Cyber Security\Assessment\project\data\large_combined\combined\combined.wav,combined,413,2065.0,5.0,0
C:\Users\Chris Boddy\OneDrive\Documents\Cyber Security and Digital Forensics MSc\Applications of Artificial Intelligence in Cyber Security\Assessment\project\data\large_combined\combined\combined.wav,combined,414,2070.0,5.0,1
C:\Users\Chris Boddy\OneDrive\Documents\Cyber Security and Digital Forensics MSc\Applications of Artificial Intelligence in Cyber Security\Assessment\project\data\large_combined\combined\combined.wav,combined,415,2075.0,5.0,0
C:\Users\Chris Boddy\OneDrive\Documents\Cyber Security and Digital Forensics MSc\Applications of Artificial Intelligence in Cyber Security\Assessment\project\data\large_combined\combined\combined.wav,combined,416,2080.0,5.0,2
C:\Users\Chris Boddy\OneDrive\Documents\Cyber Security and Digital Forensics MSc\Applications of Artificial Intelligence in Cyber Security\Assessment\project\data\large_combined\combined\combined.wav,combined,417,2085.0,5.0,0
C:\Users\Chris Boddy\OneDrive\Documents\Cyber Security and Digital Forensics MSc\Applications of Artificial Intelligence in Cyber Security\Assessment\project\data\large_combined\combined\combined.wav,combined,418,2090.0,5.0,1
C:\Users\Chris Boddy\OneDrive\Documents\Cyber Security and Digital Forensics MSc\Applications of Artificial Intelligence in Cyber Security\Assessment\project\data\large_combined\combined\combined.wav,combined,419,2095.0,5.0,2
C:\Users\Chris Boddy\OneDrive\Documents\Cyber Security and Digital Forensics MSc\Applications of Artificial Intelligence in Cyber Security\Assessment\project\data\large_combined\combined\combined.wav,combined,420,2100.0,5.0,1
C:\Users\Chris Boddy\OneDrive\Documents\Cyber Security and Digital Forensics MSc\Applications of Artificial Intelligence in Cyber Security\Assessment\project\data\large_combined\combined\combined.wav,combined,421,2105.0,5.0,2
C:\Users\Chris Boddy\OneDrive\Documents\Cyber Security and Digital Forensics MSc\Applications of Artificial Intelligence in Cyber Security\Assessment\project\data\large_combined\combined\combined.wav,combined,422,2110.0,5.0,0
C:\Users\Chris Boddy\OneDrive\Documents\Cyber Security and Digital Forensics MSc\Applications of Artificial Intelligence in Cyber Security\Assessment\project\data\large_combined\combined\combined.wav,combined,423,2115.0,5.0,2
C:\Users\Chris Boddy\OneDrive\Documents\Cyber Security and Digital Forensics MSc\Applications of Artificial Intelligence in Cyber Security\Assessment\project\data\large_combined\combined\combined.wav,combined,424,2120.0,5.0,1
C:\Users\Chris Boddy\OneDrive\Documents\Cyber Security and Digital Forensics MSc\Applications of Artificial Intelligence in Cyber Security\Assessment\project\data\large_combined\combined\combined.wav,combined,425,2125.0,5.0,0
C:\Users\Chris Boddy\OneDrive\Documents\Cyber Security and Digital Forensics MSc\Applications of Artificial Intelligence in Cyber Security\Assessment\project\data\large_combined\combined\combined.wav,combined,426,2130.0,5.0,1
C:\Users\Chris Boddy\OneDrive\Documents\Cyber Security and Digital Forensics MSc\Applications of Artificial Intelligence in Cyber Security\Assessment\project\data\large_combined\combined\combined.wav,combined,427,2135.0,5.0,1
C:\Users\Chris Boddy\OneDrive\Documents\Cyber Security and Digital Forensics MSc\Applications of Artificial Intelligence in Cyber Security\Assessment\project\data\large_combined\combined\combined.wav,combined,428,2140.0,5.0,2
C:\Users\Chris Boddy\OneDrive\Documents\Cyber Security and Digital Forensics MSc\Applications of Artificial Intelligence in Cyber Security\Assessment\project\data\large_combined\combined\combined.wav,combined,429,2145.0,5.0,1
C:\Users\Chris Boddy\OneDrive\Documents\Cyber Security and Digital Forensics MSc\Applications of Artificial Intelligence in Cyber Security\Assessment\project\data\large_combined\combined\combined.wav,combined,430,2150.0,5.0,1
C:\Users\Chris Boddy\OneDrive\Documents\Cyber Security and Digital Forensics MSc\Applications of Artificial Intelligence in Cyber Security\Assessment\project\data\large_combined\combined\combined.wav,combined,431,2155.0,5.0,0
C:\Users\Chris Boddy\OneDrive\Documents\Cyber Security and Digital Forensics MSc\Applications of Artificial Intelligence in Cyber Security\Assessment\project\data\large_combined\combined\combined.wav,combined,432,2160.0,5.0,1
C:\Users\Chris Boddy\OneDrive\Documents\Cyber Security and Digital Forensics MSc\Applications of Artificial Intelligence in Cyber Security\Assessment\project\data\large_combined\combined\combined.wav,combined,433,2165.0,5.0,2
C:\Users\Chris Boddy\OneDrive\Documents\Cyber Security and Digital Forensics MSc\Applications of Artificial Intelligence in Cyber Security\Assessment\project\data\large_combined\combined\combined.wav,combined,434,2170.0,5.0,0
C:\Users\Chris Boddy\OneDrive\Documents\Cyber Security and Digital Forensics MSc\Applications of Artificial Intelligence in Cyber Security\Assessment\project\data\large_combined\combined\combined.wav,combined,435,2175.0,5.0,0
C:\Users\Chris Boddy\OneDrive\Documents\Cyber Security and Digital Forensics MSc\Applications of Artificial Intelligence in Cyber Security\Assessment\project\data\large_combined\combined\combined.wav,combined,436,2180.0,5.0,2
C:\Users\Chris Boddy\OneDrive\Documents\Cyber Security and Digital Forensics MSc\Applications of Artificial Intelligence in Cyber Security\Assessment\project\data\large_combined\combined\combined.wav,combined,437,2185.0,5.0,0
C:\Users\Chris Boddy\OneDrive\Documents\Cyber Security and Digital Forensics MSc\Applications of Artificial Intelligence in Cyber Security\Assessment\project\data\large_combined\combined\combined.wav,combined,438,2190.0,5.0,1
C:\Users\Chris Boddy\OneDrive\Documents\Cyber Security and Digital Forensics MSc\Applications of Artificial Intelligence in Cyber Security\Assessment\project\data\large_combined\combined\combined.wav,combined,439,2195.0,5.0,2
C:\Users\Chris Boddy\OneDrive\Documents\Cyber Security and Digital Forensics MSc\Applications of Artificial Intelligence in Cyber Security\Assessment\project\data\large_combined\combined\combined.wav,combined,440,2200.0,5.0,0
C:\Users\Chris Boddy\OneDrive\Documents\Cyber Security and Digital Forensics MSc\Applications of Artificial Intelligence in Cyber Security\Assessment\project\data\large_combined\combined\combined.wav,combined,441,2205.0,5.0,1
C:\Users\Chris Boddy\OneDrive\Documents\Cyber Security and Digital Forensics MSc\Applications of Artificial Intelligence in Cyber Security\Assessment\project\data\large_combined\combined\combined.wav,combined,442,2210.0,5.0,0
C:\Users\Chris Boddy\OneDrive\Documents\Cyber Security and Digital Forensics MSc\Applications of Artificial Intelligence in Cyber Security\Assessment\project\data\large_combined\combined\combined.wav,combined,443,2215.0,5.0,1
C:\Users\Chris Boddy\OneDrive\Documents\Cyber Security and Digital Forensics MSc\Applications of Artificial Intelligence in Cyber Security\Assessment\project\data\large_combined\combined\combined.wav,combined,444,2220.0,5.0,2
C:\Users\Chris Boddy\OneDrive\Documents\Cyber Security and Digital Forensics MSc\Applications of Artificial Intelligence in Cyber Security\Assessment\project\data\large_combined\combined\combined.wav,combined,445,2225.0,5.0,0
C:\Users\Chris Boddy\OneDrive\Documents\Cyber Security and Digital Forensics MSc\Applications of Artificial Intelligence in Cyber Security\Assessment\project\data\large_combined\combined\combined.wav,combined,446,2230.0,5.0,1
C:\Users\Chris Boddy\OneDrive\Documents\Cyber Security and Digital Forensics MSc\Applications of Artificial Intelligence in Cyber Security\Assessment\project\data\large_combined\combined\combined.wav,combined,447,2235.0,5.0,2
C:\Users\Chris Boddy\OneDrive\Documents\Cyber Security and Digital Forensics MSc\Applications of Artificial Intelligence in Cyber Security\Assessment\project\data\large_combined\combined\combined.wav,combined,448,2240.0,5.0,1
C:\Users\Chris Boddy\OneDrive\Documents\Cyber Security and Digital Forensics MSc\Applications of Artificial Intelligence in Cyber Security\Assessment\project\data\large_combined\combined\combined.wav,combined,449,2245.0,5.0,1
C:\Users\Chris Boddy\OneDrive\Documents\Cyber Security and Digital Forensics MSc\Applications of Artificial Intelligence in Cyber Security\Assessment\project\data\large_combined\combined\combined.wav,combined,450,2250.0,5.0,0
C:\Users\Chris Boddy\OneDrive\Documents\Cyber Security and Digital Forensics MSc\Applications of Artificial Intelligence in Cyber Security\Assessment\project\data\large_combined\combined\combined.wav,combined,451,2255.0,5.0,0
C:\Users\Chris Boddy\OneDrive\Documents\Cyber Security and Digital Forensics MSc\Applications of Artificial Intelligence in Cyber Security\Assessment\project\data\large_combined\combined\combined.wav,combined,452,2260.0,5.0,1
C:\Users\Chris Boddy\OneDrive\Documents\Cyber Security and Digital Forensics MSc\Applications of Artificial Intelligence in Cyber Security\Assessment\project\data\large_combined\combined\combined.wav,combined,453,2265.0,5.0,2
C:\Users\Chris Boddy\OneDrive\Documents\Cyber Security and Digital Forensics MSc\Applications of Artificial Intelligence in Cyber Security\Assessment\project\data\large_combined\combined\combined.wav,combined,454,2270.0,5.0,1
C:\Users\Chris Boddy\OneDrive\Documents\Cyber Security and Digital Forensics MSc\Applications of Artificial Intelligence in Cyber Security\Assessment\project\data\large_combined\combined\combined.wav,combined,455,2275.0,5.0,0
C:\Users\Chris Boddy\OneDrive\Documents\Cyber Security and Digital Forensics MSc\Applications of Artificial Intelligence in Cyber Security\Assessment\project\data\large_combined\combined\combined.wav,combined,456,2280.0,5.0,2
C:\Users\Chris Boddy\OneDrive\Documents\Cyber Security and Digital Forensics MSc\Applications of Artificial Intelligence in Cyber Security\Assessment\project\data\large_combined\combined\combined.wav,combined,457,2285.0,5.0,1
C:\Users\Chris Boddy\OneDrive\Documents\Cyber Security and Digital Forensics MSc\Applications of Artificial Intelligence in Cyber Security\Assessment\project\data\large_combined\combined\combined.wav,combined,458,2290.0,5.0,1
C:\Users\Chris Boddy\OneDrive\Documents\Cyber Security and Digital Forensics MSc\Applications of Artificial Intelligence in Cyber Security\Assessment\project\data\large_combined\combined\combined.wav,combined,459,2295.0,5.0,0
C:\Users\Chris Boddy\OneDrive\Documents\Cyber Security and Digital Forensics MSc\Applications of Artificial Intelligence in Cyber Security\Assessment\project\data\large_combined\combined\combined.wav,combined,460,2300.0,5.0,2
C:\Users\Chris Boddy\OneDrive\Documents\Cyber Security and Digital Forensics MSc\Applications of Artificial Intelligence in Cyber Security\Assessment\project\data\large_combined\combined\combined.wav,combined,461,2305.0,5.0,0
C:\Users\Chris Boddy\OneDrive\Documents\Cyber Security and Digital Forensics MSc\Applications of Artificial Intelligence in Cyber Security\Assessment\project\data\large_combined\combined\combined.wav,combined,462,2310.0,5.0,1
C:\Users\Chris Boddy\OneDrive\Documents\Cyber Security and Digital Forensics MSc\Applications of Artificial Intelligence in Cyber Security\Assessment\project\data\large_combined\combined\combined.wav,combined,463,2315.0,5.0,0
C:\Users\Chris Boddy\OneDrive\Documents\Cyber Security and Digital Forensics MSc\Applications of Artificial Intelligence in Cyber Security\Assessment\project\data\large_combined\combined\combined.wav,combined,464,2320.0,5.0,2
C:\Users\Chris Boddy\OneDrive\Documents\Cyber Security and Digital Forensics MSc\Applications of Artificial Intelligence in Cyber Security\Assessment\project\data\large_combined\combined\combined.wav,combined,465,2325.0,5.0,1
C:\Users\Chris Boddy\OneDrive\Documents\Cyber Security and Digital Forensics MSc\Applications of Artificial Intelligence in Cyber Security\Assessment\project\data\large_combined\combined\combined.wav,combined,466,2330.0,5.0,1
C:\Users\Chris Boddy\OneDrive\Documents\Cyber Security and Digital Forensics MSc\Applications of Artificial Intelligence in Cyber Security\Assessment\project\data\large_combined\combined\combined.wav,combined,467,2335.0,5.0,0
C:\Users\Chris Boddy\OneDrive\Documents\Cyber Security and Digital Forensics MSc\Applications of Artificial Intelligence in Cyber Security\Assessment\project\data\large_combined\combined\combined.wav,combined,468,2340.0,5.0,2
C:\Users\Chris Boddy\OneDrive\Documents\Cyber Security and Digital Forensics MSc\Applications of Artificial Intelligence in Cyber Security\Assessment\project\data\large_combined\combined\combined.wav,combined,469,2345.0,5.0,2
C:\Users\Chris Boddy\OneDrive\Documents\Cyber Security and Digital Forensics MSc\Applications of Artificial Intelligence in Cyber Security\Assessment\project\data\large_combined\combined\combined.wav,combined,470,2350.0,5.0,1
C:\Users\Chris Boddy\OneDrive\Documents\Cyber Security and Digital Forensics MSc\Applications of Artificial Intelligence in Cyber Security\Assessment\project\data\large_combined\combined\combined.wav,combined,471,2355.0,5.0,2
C:\Users\Chris Boddy\OneDrive\Documents\Cyber Security and Digital Forensics MSc\Applications of Artificial Intelligence in Cyber Security\Assessment\project\data\large_combined\combined\combined.wav,combined,472,2360.0,5.0,2
C:\Users\Chris Boddy\OneDrive\Documents\Cyber Security and Digital Forensics MSc\Applications of Artificial Intelligence in Cyber Security\Assessment\project\data\large_combined\combined\combined.wav,combined,473,2365.0,5.0,0
C:\Users\Chris Boddy\OneDrive\Documents\Cyber Security and Digital Forensics MSc\Applications of Artificial Intelligence in Cyber Security\Assessment\project\data\large_combined\combined\combined.wav,combined,474,2370.0,5.0,1
C:\Users\Chris Boddy\OneDrive\Documents\Cyber Security and Digital Forensics MSc\Applications of Artificial Intelligence in Cyber Security\Assessment\project\data\large_combined\combined\combined.wav,combined,475,2375.0,5.0,0
C:\Users\Chris Boddy\OneDrive\Documents\Cyber Security and Digital Forensics MSc\Applications of Artificial Intelligence in Cyber Security\Assessment\project\data\large_combined\combined\combined.wav,combined,476,2380.0,5.0,1
C:\Users\Chris Boddy\OneDrive\Documents\Cyber Security and Digital Forensics MSc\Applications of Artificial Intelligence in Cyber Security\Assessment\project\data\large_combined\combined\combined.wav,combined,477,2385.0,5.0,1
C:\Users\Chris Boddy\OneDrive\Documents\Cyber Security and Digital Forensics MSc\Applications of Artificial Intelligence in Cyber Security\Assessment\project\data\large_combined\combined\combined.wav,combined,478,2390.0,5.0,0
C:\Users\Chris Boddy\OneDrive\Documents\Cyber Security and Digital Forensics MSc\Applications of Artificial Intelligence in Cyber Security\Assessment\project\data\large_combined\combined\combined.wav,combined,479,2395.0,5.0,2
C:\Users\Chris Boddy\OneDrive\Documents\Cyber Security and Digital Forensics MSc\Applications of Artificial Intelligence in Cyber Security\Assessment\project\data\large_combined\combined\combined.wav,combined,480,2400.0,5.0,2
C:\Users\Chris Boddy\OneDrive\Documents\Cyber Security and Digital Forensics MSc\Applications of Artificial Intelligence in Cyber Security\Assessment\project\data\large_combined\combined\combined.wav,combined,481,2405.0,5.0,2
C:\Users\Chris Boddy\OneDrive\Documents\Cyber Security and Digital Forensics MSc\Applications of Artificial Intelligence in Cyber Security\Assessment\project\data\large_combined\combined\combined.wav,combined,482,2410.0,5.0,1
C:\Users\Chris Boddy\OneDrive\Documents\Cyber Security and Digital Forensics MSc\Applications of Artificial Intelligence in Cyber Security\Assessment\project\data\large_combined\combined\combined.wav,combined,483,2415.0,5.0,1
C:\Users\Chris Boddy\OneDrive\Documents\Cyber Security and Digital Forensics MSc\Applications of Artificial Intelligence in Cyber Security\Assessment\project\data\large_combined\combined\combined.wav,combined,484,2420.0,5.0,2
C:\Users\Chris Boddy\OneDrive\Documents\Cyber Security and Digital Forensics MSc\Applications of Artificial Intelligence in Cyber Security\Assessment\project\data\large_combined\combined\combined.wav,combined,485,2425.0,5.0,0
C:\Users\Chris Boddy\OneDrive\Documents\Cyber Security and Digital Forensics MSc\Applications of Artificial Intelligence in Cyber Security\Assessment\project\data\large_combined\combined\combined.wav,combined,486,2430.0,5.0,1
C:\Users\Chris Boddy\OneDrive\Documents\Cyber Security and Digital Forensics MSc\Applications of Artificial Intelligence in Cyber Security\Assessment\project\data\large_combined\combined\combined.wav,combined,487,2435.0,5.0,1
C:\Users\Chris Boddy\OneDrive\Documents\Cyber Security and Digital Forensics MSc\Applications of Artificial Intelligence in Cyber Security\Assessment\project\data\large_combined\combined\combined.wav,combined,488,2440.0,5.0,2
C:\Users\Chris Boddy\OneDrive\Documents\Cyber Security and Digital Forensics MSc\Applications of Artificial Intelligence in Cyber Security\Assessment\project\data\large_combined\combined\combined.wav,combined,489,2445.0,5.0,1
C:\Users\Chris Boddy\OneDrive\Documents\Cyber Security and Digital Forensics MSc\Applications of Artificial Intelligence in Cyber Security\Assessment\project\data\large_combined\combined\combined.wav,combined,490,2450.0,5.0,0
C:\Users\Chris Boddy\OneDrive\Documents\Cyber Security and Digital Forensics MSc\Applications of Artificial Intelligence in Cyber Security\Assessment\project\data\large_combined\combined\combined.wav,combined,491,2455.0,5.0,1
C:\Users\Chris Boddy\OneDrive\Documents\Cyber Security and Digital Forensics MSc\Applications of Artificial Intelligence in Cyber Security\Assessment\project\data\large_combined\combined\combined.wav,combined,492,2460.0,5.0,0
C:\Users\Chris Boddy\OneDrive\Documents\Cyber Security and Digital Forensics MSc\Applications of Artificial Intelligence in Cyber Security\Assessment\project\data\large_combined\combined\combined.wav,combined,493,2465.0,5.0,2
C:\Users\Chris Boddy\OneDrive\Documents\Cyber Security and Digital Forensics MSc\Applications of Artificial Intelligence in Cyber Security\Assessment\project\data\large_combined\combined\combined.wav,combined,494,2470.0,5.0,1
C:\Users\Chris Boddy\OneDrive\Documents\Cyber Security and Digital Forensics MSc\Applications of Artificial Intelligence in Cyber Security\Assessment\project\data\large_combined\combined\combined.wav,combined,495,2475.0,5.0,0
C:\Users\Chris Boddy\OneDrive\Documents\Cyber Security and Digital Forensics MSc\Applications of Artificial Intelligence in Cyber Security\Assessment\project\data\large_combined\combined\combined.wav,combined,496,2480.0,5.0,1
C:\Users\Chris Boddy\OneDrive\Documents\Cyber Security and Digital Forensics MSc\Applications of Artificial Intelligence in Cyber Security\Assessment\project\data\large_combined\combined\combined.wav,combined,497,2485.0,5.0,2
C:\Users\Chris Boddy\OneDrive\Documents\Cyber Security and Digital Forensics MSc\Applications of Artificial Intelligence in Cyber Security\Assessment\project\data\large_combined\combined\combined.wav,combined,498,2490.0,5.0,0
C:\Users\Chris Boddy\OneDrive\Documents\Cyber Security and Digital Forensics MSc\Applications of Artificial Intelligence in Cyber Security\Assessment\project\data\large_combined\combined\combined.wav,combined,499,2495.0,5.0,0
C:\Users\Chris Boddy\OneDrive\Documents\Cyber Security and Digital Forensics MSc\Applications of Artificial Intelligence in Cyber Security\Assessment\project\data\large_combined\combined\combined.wav,combined,500,2500.0,5.0,1
C:\Users\Chris Boddy\OneDrive\Documents\Cyber Security and Digital Forensics MSc\Applications of Artificial Intelligence in Cyber Security\Assessment\project\data\large_combined\combined\combined.wav,combined,501,2505.0,5.0,2
C:\Users\Chris Boddy\OneDrive\Documents\Cyber Security and Digital Forensics MSc\Applications of Artificial Intelligence in Cyber Security\Assessment\project\data\large_combined\combined\combined.wav,combined,502,2510.0,5.0,0
C:\Users\Chris Boddy\OneDrive\Documents\Cyber Security and Digital Forensics MSc\Applications of Artificial Intelligence in Cyber Security\Assessment\project\data\large_combined\combined\combined.wav,combined,503,2515.0,5.0,1
C:\Users\Chris Boddy\OneDrive\Documents\Cyber Security and Digital Forensics MSc\Applications of Artificial Intelligence in Cyber Security\Assessment\project\data\large_combined\combined\combined.wav,combined,504,2520.0,5.0,0
C:\Users\Chris Boddy\OneDrive\Documents\Cyber Security and Digital Forensics MSc\Applications of Artificial Intelligence in Cyber Security\Assessment\project\data\large_combined\combined\combined.wav,combined,505,2525.0,5.0,1
C:\Users\Chris Boddy\OneDrive\Documents\Cyber Security and Digital Forensics MSc\Applications of Artificial Intelligence in Cyber Security\Assessment\project\data\large_combined\combined\combined.wav,combined,506,2530.0,5.0,2
C:\Users\Chris Boddy\OneDrive\Documents\Cyber Security and Digital Forensics MSc\Applications of Artificial Intelligence in Cyber Security\Assessment\project\data\large_combined\combined\combined.wav,combined,507,2535.0,5.0,1
C:\Users\Chris Boddy\OneDrive\Documents\Cyber Security and Digital Forensics MSc\Applications of Artificial Intelligence in Cyber Security\Assessment\project\data\large_combined\combined\combined.wav,combined,508,2540.0,5.0,1
C:\Users\Chris Boddy\OneDrive\Documents\Cyber Security and Digital Forensics MSc\Applications of Artificial Intelligence in Cyber Security\Assessment\project\data\large_combined\combined\combined.wav,combined,509,2545.0,5.0,0
C:\Users\Chris Boddy\OneDrive\Documents\Cyber Security and Digital Forensics MSc\Applications of Artificial Intelligence in Cyber Security\Assessment\project\data\large_combined\combined\combined.wav,combined,510,2550.0,5.0,1
C:\Users\Chris Boddy\OneDrive\Documents\Cyber Security and Digital Forensics MSc\Applications of Artificial Intelligence in Cyber Security\Assessment\project\data\large_combined\combined\combined.wav,combined,511,2555.0,5.0,0
C:\Users\Chris Boddy\OneDrive\Documents\Cyber Security and Digital Forensics MSc\Applications of Artificial Intelligence in Cyber Security\Assessment\project\data\large_combined\combined\combined.wav,combined,512,2560.0,5.0,1
C:\Users\Chris Boddy\OneDrive\Documents\Cyber Security and Digital Forensics MSc\Applications of Artificial Intelligence in Cyber Security\Assessment\project\data\large_combined\combined\combined.wav,combined,513,2565.0,5.0,0
C:\Users\Chris Boddy\OneDrive\Documents\Cyber Security and Digital Forensics MSc\Applications of Artificial Intelligence in Cyber Security\Assessment\project\data\large_combined\combined\combined.wav,combined,514,2570.0,5.0,0
C:\Users\Chris Boddy\OneDrive\Documents\Cyber Security and Digital Forensics MSc\Applications of Artificial Intelligence in Cyber Security\Assessment\project\data\large_combined\combined\combined.wav,combined,515,2575.0,5.0,1
C:\Users\Chris Boddy\OneDrive\Documents\Cyber Security and Digital Forensics MSc\Applications of Artificial Intelligence in Cyber Security\Assessment\project\data\large_combined\combined\combined.wav,combined,516,2580.0,5.0,2
C:\Users\Chris Boddy\OneDrive\Documents\Cyber Security and Digital Forensics MSc\Applications of Artificial Intelligence in Cyber Security\Assessment\project\data\large_combined\combined\combined.wav,combined,517,2585.0,5.0,1
C:\Users\Chris Boddy\OneDrive\Documents\Cyber Security and Digital Forensics MSc\Applications of Artificial Intelligence in Cyber Security\Assessment\project\data\large_combined\combined\combined.wav,combined,518,2590.0,5.0,0
C:\Users\Chris Boddy\OneDrive\Documents\Cyber Security and Digital Forensics MSc\Applications of Artificial Intelligence in Cyber Security\Assessment\project\data\large_combined\combined\combined.wav,combined,519,2595.0,5.0,0
C:\Users\Chris Boddy\OneDrive\Documents\Cyber Security and Digital Forensics MSc\Applications of Artificial Intelligence in Cyber Security\Assessment\project\data\large_combined\combined\combined.wav,combined,520,2600.0,5.0,2
C:\Users\Chris Boddy\OneDrive\Documents\Cyber Security and Digital Forensics MSc\Applications of Artificial Intelligence in Cyber Security\Assessment\project\data\large_combined\combined\combined.wav,combined,521,2605.0,5.0,1
C:\Users\Chris Boddy\OneDrive\Documents\Cyber Security and Digital Forensics MSc\Applications of Artificial Intelligence in Cyber Security\Assessment\project\data\large_combined\combined\combined.wav,combined,522,2610.0,5.0,1
C:\Users\Chris Boddy\OneDrive\Documents\Cyber Security and Digital Forensics MSc\Applications of Artificial Intelligence in Cyber Security\Assessment\project\data\large_combined\combined\combined.wav,combined,523,2615.0,5.0,0
C:\Users\Chris Boddy\OneDrive\Documents\Cyber Security and Digital Forensics MSc\Applications of Artificial Intelligence in Cyber Security\Assessment\project\data\large_combined\combined\combined.wav,combined,524,2620.0,5.0,0
C:\Users\Chris Boddy\OneDrive\Documents\Cyber Security and Digital Forensics MSc\Applications of Artificial Intelligence in Cyber Security\Assessment\project\data\large_combined\combined\combined.wav,combined,525,2625.0,5.0,2
C:\Users\Chris Boddy\OneDrive\Documents\Cyber Security and Digital Forensics MSc\Applications of Artificial Intelligence in Cyber Security\Assessment\project\data\large_combined\combined\combined.wav,combined,526,2630.0,5.0,1
C:\Users\Chris Boddy\OneDrive\Documents\Cyber Security and Digital Forensics MSc\Applications of Artificial Intelligence in Cyber Security\Assessment\project\data\large_combined\combined\combined.wav,combined,527,2635.0,5.0,0
C:\Users\Chris Boddy\OneDrive\Documents\Cyber Security and Digital Forensics MSc\Applications of Artificial Intelligence in Cyber Security\Assessment\project\data\large_combined\combined\combined.wav,combined,528,2640.0,5.0,2
C:\Users\Chris Boddy\OneDrive\Documents\Cyber Security and Digital Forensics MSc\Applications of Artificial Intelligence in Cyber Security\Assessment\project\data\large_combined\combined\combined.wav,combined,529,2645.0,5.0,2
C:\Users\Chris Boddy\OneDrive\Documents\Cyber Security and Digital Forensics MSc\Applications of Artificial Intelligence in Cyber Security\Assessment\project\data\large_combined\combined\combined.wav,combined,530,2650.0,5.0,2
C:\Users\Chris Boddy\OneDrive\Documents\Cyber Security and Digital Forensics MSc\Applications of Artificial Intelligence in Cyber Security\Assessment\project\data\large_combined\combined\combined.wav,combined,531,2655.0,5.0,0
C:\Users\Chris Boddy\OneDrive\Documents\Cyber Security and Digital Forensics MSc\Applications of Artificial Intelligence in Cyber Security\Assessment\project\data\large_combined\combined\combined.wav,combined,532,2660.0,5.0,0
C:\Users\Chris Boddy\OneDrive\Documents\Cyber Security and Digital Forensics MSc\Applications of Artificial Intelligence in Cyber Security\Assessment\project\data\large_combined\combined\combined.wav,combined,533,2665.0,5.0,1
C:\Users\Chris Boddy\OneDrive\Documents\Cyber Security and Digital Forensics MSc\Applications of Artificial Intelligence in Cyber Security\Assessment\project\data\large_combined\combined\combined.wav,combined,534,2670.0,5.0,0
C:\Users\Chris Boddy\OneDrive\Documents\Cyber Security and Digital Forensics MSc\Applications of Artificial Intelligence in Cyber Security\Assessment\project\data\large_combined\combined\combined.wav,combined,535,2675.0,5.0,0
C:\Users\Chris Boddy\OneDrive\Documents\Cyber Security and Digital Forensics MSc\Applications of Artificial Intelligence in Cyber Security\Assessment\project\data\large_combined\combined\combined.wav,combined,536,2680.0,5.0,2
C:\Users\Chris Boddy\OneDrive\Documents\Cyber Security and Digital Forensics MSc\Applications of Artificial Intelligence in Cyber Security\Assessment\project\data\large_combined\combined\combined.wav,combined,537,2685.0,5.0,0
C:\Users\Chris Boddy\OneDrive\Documents\Cyber Security and Digital Forensics MSc\Applications of Artificial Intelligence in Cyber Security\Assessment\project\data\large_combined\combined\combined.wav,combined,538,2690.0,5.0,2
C:\Users\Chris Boddy\OneDrive\Documents\Cyber Security and Digital Forensics MSc\Applications of Artificial Intelligence in Cyber Security\Assessment\project\data\large_combined\combined\combined.wav,combined,539,2695.0,5.0,1
C:\Users\Chris Boddy\OneDrive\Documents\Cyber Security and Digital Forensics MSc\Applications of Artificial Intelligence in Cyber Security\Assessment\project\data\large_combined\combined\combined.wav,combined,540,2700.0,5.0,2
C:\Users\Chris Boddy\OneDrive\Documents\Cyber Security and Digital Forensics MSc\Applications of Artificial Intelligence in Cyber Security\Assessment\project\data\large_combined\combined\combined.wav,combined,541,2705.0,5.0,0
C:\Users\Chris Boddy\OneDrive\Documents\Cyber Security and Digital Forensics MSc\Applications of Artificial Intelligence in Cyber Security\Assessment\project\data\large_combined\combined\combined.wav,combined,542,2710.0,5.0,0
C:\Users\Chris Boddy\OneDrive\Documents\Cyber Security and Digital Forensics MSc\Applications of Artificial Intelligence in Cyber Security\Assessment\project\data\large_combined\combined\combined.wav,combined,543,2715.0,5.0,2
C:\Users\Chris Boddy\OneDrive\Documents\Cyber Security and Digital Forensics MSc\Applications of Artificial Intelligence in Cyber Security\Assessment\project\data\large_combined\combined\combined.wav,combined,544,2720.0,5.0,1
C:\Users\Chris Boddy\OneDrive\Documents\Cyber Security and Digital Forensics MSc\Applications of Artificial Intelligence in Cyber Security\Assessment\project\data\large_combined\combined\combined.wav,combined,545,2725.0,5.0,0
C:\Users\Chris Boddy\OneDrive\Documents\Cyber Security and Digital Forensics MSc\Applications of Artificial Intelligence in Cyber Security\Assessment\project\data\large_combined\combined\combined.wav,combined,546,2730.0,5.0,0
C:\Users\Chris Boddy\OneDrive\Documents\Cyber Security and Digital Forensics MSc\Applications of Artificial Intelligence in Cyber Security\Assessment\project\data\large_combined\combined\combined.wav,combined,547,2735.0,5.0,0
C:\Users\Chris Boddy\OneDrive\Documents\Cyber Security and Digital Forensics MSc\Applications of Artificial Intelligence in Cyber Security\Assessment\project\data\large_combined\combined\combined.wav,combined,548,2740.0,5.0,2
C:\Users\Chris Boddy\OneDrive\Documents\Cyber Security and Digital Forensics MSc\Applications of Artificial Intelligence in Cyber Security\Assessment\project\data\large_combined\combined\combined.wav,combined,549,2745.0,5.0,0
C:\Users\Chris Boddy\OneDrive\Documents\Cyber Security and Digital Forensics MSc\Applications of Artificial Intelligence in Cyber Security\Assessment\project\data\large_combined\combined\combined.wav,combined,550,2750.0,5.0,1
C:\Users\Chris Boddy\OneDrive\Documents\Cyber Security and Digital Forensics MSc\Applications of Artificial Intelligence in Cyber Security\Assessment\project\data\large_combined\combined\combined.wav,combined,551,2755.0,5.0,1
C:\Users\Chris Boddy\OneDrive\Documents\Cyber Security and Digital Forensics MSc\Applications of Artificial Intelligence in Cyber Security\Assessment\project\data\large_combined\combined\combined.wav,combined,552,2760.0,5.0,0
C:\Users\Chris Boddy\OneDrive\Documents\Cyber Security and Digital Forensics MSc\Applications of Artificial Intelligence in Cyber Security\Assessment\project\data\large_combined\combined\combined.wav,combined,553,2765.0,5.0,2
C:\Users\Chris Boddy\OneDrive\Documents\Cyber Security and Digital Forensics MSc\Applications of Artificial Intelligence in Cyber Security\Assessment\project\data\large_combined\combined\combined.wav,combined,554,2770.0,5.0,1
C:\Users\Chris Boddy\OneDrive\Documents\Cyber Security and Digital Forensics MSc\Applications of Artificial Intelligence in Cyber Security\Assessment\project\data\large_combined\combined\combined.wav,combined,555,2775.0,5.0,1
C:\Users\Chris Boddy\OneDrive\Documents\Cyber Security and Digital Forensics MSc\Applications of Artificial Intelligence in Cyber Security\Assessment\project\data\large_combined\combined\combined.wav,combined,556,2780.0,5.0,0
C:\Users\Chris Boddy\OneDrive\Documents\Cyber Security and Digital Forensics MSc\Applications of Artificial Intelligence in Cyber Security\Assessment\project\data\large_combined\combined\combined.wav,combined,557,2785.0,5.0,0
C:\Users\Chris Boddy\OneDrive\Documents\Cyber Security and Digital Forensics MSc\Applications of Artificial Intelligence in Cyber Security\Assessment\project\data\large_combined\combined\combined.wav,combined,558,2790.0,5.0,1
C:\Users\Chris Boddy\OneDrive\Documents\Cyber Security and Digital Forensics MSc\Applications of Artificial Intelligence in Cyber Security\Assessment\project\data\large_combined\combined\combined.wav,combined,559,2795.0,5.0,0
C:\Users\Chris Boddy\OneDrive\Documents\Cyber Security and Digital Forensics MSc\Applications of Artificial Intelligence in Cyber Security\Assessment\project\data\large_combined\combined\combined.wav,combined,560,2800.0,5.0,2
C:\Users\Chris Boddy\OneDrive\Documents\Cyber Security and Digital Forensics MSc\Applications of Artificial Intelligence in Cyber Security\Assessment\project\data\large_combined\combined\combined.wav,combined,561,2805.0,5.0,1
C:\Users\Chris Boddy\OneDrive\Documents\Cyber Security and Digital Forensics MSc\Applications of Artificial Intelligence in Cyber Security\Assessment\project\data\large_combined\combined\combined.wav,combined,562,2810.0,5.0,0
C:\Users\Chris Boddy\OneDrive\Documents\Cyber Security and Digital Forensics MSc\Applications of Artificial Intelligence in Cyber Security\Assessment\project\data\large_combined\combined\combined.wav,combined,563,2815.0,5.0,0
C:\Users\Chris Boddy\OneDrive\Documents\Cyber Security and Digital Forensics MSc\Applications of Artificial Intelligence in Cyber Security\Assessment\project\data\large_combined\combined\combined.wav,combined,564,2820.0,5.0,1
C:\Users\Chris Boddy\OneDrive\Documents\Cyber Security and Digital Forensics MSc\Applications of Artificial Intelligence in Cyber Security\Assessment\project\data\large_combined\combined\combined.wav,combined,565,2825.0,5.0,2
C:\Users\Chris Boddy\OneDrive\Documents\Cyber Security and Digital Forensics MSc\Applications of Artificial Intelligence in Cyber Security\Assessment\project\data\large_combined\combined\combined.wav,combined,566,2830.0,5.0,0
C:\Users\Chris Boddy\OneDrive\Documents\Cyber Security and Digital Forensics MSc\Applications of Artificial Intelligence in Cyber Security\Assessment\project\data\large_combined\combined\combined.wav,combined,567,2835.0,5.0,2
C:\Users\Chris Boddy\OneDrive\Documents\Cyber Security and Digital Forensics MSc\Applications of Artificial Intelligence in Cyber Security\Assessment\project\data\large_combined\combined\combined.wav,combined,568,2840.0,5.0,0
C:\Users\Chris Boddy\OneDrive\Documents\Cyber Security and Digital Forensics MSc\Applications of Artificial Intelligence in Cyber Security\Assessment\project\data\large_combined\combined\combined.wav,combined,569,2845.0,5.0,1
C:\Users\Chris Boddy\OneDrive\Documents\Cyber Security and Digital Forensics MSc\Applications of Artificial Intelligence in Cyber Security\Assessment\project\data\large_combined\combined\combined.wav,combined,570,2850.0,5.0,0
C:\Users\Chris Boddy\OneDrive\Documents\Cyber Security and Digital Forensics MSc\Applications of Artificial Intelligence in Cyber Security\Assessment\project\data\large_combined\combined\combined.wav,combined,571,2855.0,5.0,2
C:\Users\Chris Boddy\OneDrive\Documents\Cyber Security and Digital Forensics MSc\Applications of Artificial Intelligence in Cyber Security\Assessment\project\data\large_combined\combined\combined.wav,combined,572,2860.0,5.0,0
C:\Users\Chris Boddy\OneDrive\Documents\Cyber Security and Digital Forensics MSc\Applications of Artificial Intelligence in Cyber Security\Assessment\project\data\large_combined\combined\combined.wav,combined,573,2865.0,5.0,1
C:\Users\Chris Boddy\OneDrive\Documents\Cyber Security and Digital Forensics MSc\Applications of Artificial Intelligence in Cyber Security\Assessment\project\data\large_combined\combined\combined.wav,combined,574,2870.0,5.0,2
C:\Users\Chris Boddy\OneDrive\Documents\Cyber Security and Digital Forensics MSc\Applications of Artificial Intelligence in Cyber Security\Assessment\project\data\large_combined\combined\combined.wav,combined,575,2875.0,5.0,2
C:\Users\Chris Boddy\OneDrive\Documents\Cyber Security and Digital Forensics MSc\Applications of Artificial Intelligence in Cyber Security\Assessment\project\data\large_combined\combined\combined.wav,combined,576,2880.0,5.0,2
C:\Users\Chris Boddy\OneDrive\Documents\Cyber Security and Digital Forensics MSc\Applications of Artificial Intelligence in Cyber Security\Assessment\project\data\large_combined\combined\combined.wav,combined,577,2885.0,5.0,0
C:\Users\Chris Boddy\OneDrive\Documents\Cyber Security and Digital Forensics MSc\Applications of Artificial Intelligence in Cyber Security\Assessment\project\data\large_combined\combined\combined.wav,combined,578,2890.0,5.0,1
C:\Users\Chris Boddy\OneDrive\Documents\Cyber Security and Digital Forensics MSc\Applications of Artificial Intelligence in Cyber Security\Assessment\project\data\large_combined\combined\combined.wav,combined,579,2895.0,5.0,0
C:\Users\Chris Boddy\OneDrive\Documents\Cyber Security and Digital Forensics MSc\Applications of Artificial Intelligence in Cyber Security\Assessment\project\data\large_combined\combined\combined.wav,combined,580,2900.0,5.0,1
C:\Users\Chris Boddy\OneDrive\Documents\Cyber Security and Digital Forensics MSc\Applications of Artificial Intelligence in Cyber Security\Assessment\project\data\large_combined\combined\combined.wav,combined,581,2905.0,5.0,1
C:\Users\Chris Boddy\OneDrive\Documents\Cyber Security and Digital Forensics MSc\Applications of Artificial Intelligence in Cyber Security\Assessment\project\data\large_combined\combined\combined.wav,combined,582,2910.0,5.0,2
C:\Users\Chris Boddy\OneDrive\Documents\Cyber Security and Digital Forensics MSc\Applications of Artificial Intelligence in Cyber Security\Assessment\project\data\large_combined\combined\combined.wav,combined,583,2915.0,5.0,0
C:\Users\Chris Boddy\OneDrive\Documents\Cyber Security and Digital Forensics MSc\Applications of Artificial Intelligence in Cyber Security\Assessment\project\data\large_combined\combined\combined.wav,combined,584,2920.0,5.0,1
C:\Users\Chris Boddy\OneDrive\Documents\Cyber Security and Digital Forensics MSc\Applications of Artificial Intelligence in Cyber Security\Assessment\project\data\large_combined\combined\combined.wav,combined,585,2925.0,5.0,0
C:\Users\Chris Boddy\OneDrive\Documents\Cyber Security and Digital Forensics MSc\Applications of Artificial Intelligence in Cyber Security\Assessment\project\data\large_combined\combined\combined.wav,combined,586,2930.0,5.0,2
C:\Users\Chris Boddy\OneDrive\Documents\Cyber Security and Digital Forensics MSc\Applications of Artificial Intelligence in Cyber Security\Assessment\project\data\large_combined\combined\combined.wav,combined,587,2935.0,5.0,0
C:\Users\Chris Boddy\OneDrive\Documents\Cyber Security and Digital Forensics MSc\Applications of Artificial Intelligence in Cyber Security\Assessment\project\data\large_combined\combined\combined.wav,combined,588,2940.0,5.0,2
C:\Users\Chris Boddy\OneDrive\Documents\Cyber Security and Digital Forensics MSc\Applications of Artificial Intelligence in Cyber Security\Assessment\project\data\large_combined\combined\combined.wav,combined,589,2945.0,5.0,1
C:\Users\Chris Boddy\OneDrive\Documents\Cyber Security and Digital Forensics MSc\Applications of Artificial Intelligence in Cyber Security\Assessment\project\data\large_combined\combined\combined.wav,combined,590,2950.0,5.0,0
C:\Users\Chris Boddy\OneDrive\Documents\Cyber Security and Digital Forensics MSc\Applications of Artificial Intelligence in Cyber Security\Assessment\project\data\large_combined\combined\combined.wav,combined,591,2955.0,5.0,2
C:\Users\Chris Boddy\OneDrive\Documents\Cyber Security and Digital Forensics MSc\Applications of Artificial Intelligence in Cyber Security\Assessment\project\data\large_combined\combined\combined.wav,combined,592,2960.0,5.0,0
C:\Users\Chris Boddy\OneDrive\Documents\Cyber Security and Digital Forensics MSc\Applications of Artificial Intelligence in Cyber Security\Assessment\project\data\large_combined\combined\combined.wav,combined,593,2965.0,5.0,2
C:\Users\Chris Boddy\OneDrive\Documents\Cyber Security and Digital Forensics MSc\Applications of Artificial Intelligence in Cyber Security\Assessment\project\data\large_combined\combined\combined.wav,combined,594,2970.0,5.0,1
C:\Users\Chris Boddy\OneDrive\Documents\Cyber Security and Digital Forensics MSc\Applications of Artificial Intelligence in Cyber Security\Assessment\project\data\large_combined\combined\combined.wav,combined,595,2975.0,5.0,1
C:\Users\Chris Boddy\OneDrive\Documents\Cyber Security and Digital Forensics MSc\Applications of Artificial Intelligence in Cyber Security\Assessment\project\data\large_combined\combined\combined.wav,combined,596,2980.0,5.0,2
C:\Users\Chris Boddy\OneDrive\Documents\Cyber Security and Digital Forensics MSc\Applications of Artificial Intelligence in Cyber Security\Assessment\project\data\large_combined\combined\combined.wav,combined,597,2985.0,5.0,0
C:\Users\Chris Boddy\OneDrive\Documents\Cyber Security and Digital Forensics MSc\Applications of Artificial Intelligence in Cyber Security\Assessment\project\data\large_combined\combined\combined.wav,combined,598,2990.0,5.0,2
C:\Users\Chris Boddy\OneDrive\Documents\Cyber Security and Digital Forensics MSc\Applications of Artificial Intelligence in Cyber Security\Assessment\project\data\large_combined\combined\combined.wav,combined,599,2995.0,5.0,0
C:\Users\Chris Boddy\OneDrive\Documents\Cyber Security and Digital Forensics MSc\Applications of Artificial Intelligence in Cyber Security\Assessment\project\data\large_combined\combined\combined.wav,combined,600,3000.0,5.0,1
C:\Users\Chris Boddy\OneDrive\Documents\Cyber Security and Digital Forensics MSc\Applications of Artificial Intelligence in Cyber Security\Assessment\project\data\large_combined\combined\combined.wav,combined,601,3005.0,5.0,0
C:\Users\Chris Boddy\OneDrive\Documents\Cyber Security and Digital Forensics MSc\Applications of Artificial Intelligence in Cyber Security\Assessment\project\data\large_combined\combined\combined.wav,combined,602,3010.0,5.0,0
C:\Users\Chris Boddy\OneDrive\Documents\Cyber Security and Digital Forensics MSc\Applications of Artificial Intelligence in Cyber Security\Assessment\project\data\large_combined\combined\combined.wav,combined,603,3015.0,5.0,2
C:\Users\Chris Boddy\OneDrive\Documents\Cyber Security and Digital Forensics MSc\Applications of Artificial Intelligence in Cyber Security\Assessment\project\data\large_combined\combined\combined.wav,combined,604,3020.0,5.0,1
C:\Users\Chris Boddy\OneDrive\Documents\Cyber Security and Digital Forensics MSc\Applications of Artificial Intelligence in Cyber Security\Assessment\project\data\large_combined\combined\combined.wav,combined,605,3025.0,5.0,0
C:\Users\Chris Boddy\OneDrive\Documents\Cyber Security and Digital Forensics MSc\Applications of Artificial Intelligence in Cyber Security\Assessment\project\data\large_combined\combined\combined.wav,combined,606,3030.0,5.0,2
C:\Users\Chris Boddy\OneDrive\Documents\Cyber Security and Digital Forensics MSc\Applications of Artificial Intelligence in Cyber Security\Assessment\project\data\large_combined\combined\combined.wav,combined,607,3035.0,5.0,0
C:\Users\Chris Boddy\OneDrive\Documents\Cyber Security and Digital Forensics MSc\Applications of Artificial Intelligence in Cyber Security\Assessment\project\data\large_combined\combined\combined.wav,combined,608,3040.0,5.0,1
C:\Users\Chris Boddy\OneDrive\Documents\Cyber Security and Digital Forensics MSc\Applications of Artificial Intelligence in Cyber Security\Assessment\project\data\large_combined\combined\combined.wav,combined,609,3045.0,5.0,2
C:\Users\Chris Boddy\OneDrive\Documents\Cyber Security and Digital Forensics MSc\Applications of Artificial Intelligence in Cyber Security\Assessment\project\data\large_combined\combined\combined.wav,combined,610,3050.0,5.0,2
C:\Users\Chris Boddy\OneDrive\Documents\Cyber Security and Digital Forensics MSc\Applications of Artificial Intelligence in Cyber Security\Assessment\project\data\large_combined\combined\combined.wav,combined,611,3055.0,5.0,1
C:\Users\Chris Boddy\OneDrive\Documents\Cyber Security and Digital Forensics MSc\Applications of Artificial Intelligence in Cyber Security\Assessment\project\data\large_combined\combined\combined.wav,combined,612,3060.0,5.0,1
C:\Users\Chris Boddy\OneDrive\Documents\Cyber Security and Digital Forensics MSc\Applications of Artificial Intelligence in Cyber Security\Assessment\project\data\large_combined\combined\combined.wav,combined,613,3065.0,5.0,0
C:\Users\Chris Boddy\OneDrive\Documents\Cyber Security and Digital Forensics MSc\Applications of Artificial Intelligence in Cyber Security\Assessment\project\data\large_combined\combined\combined.wav,combined,614,3070.0,5.0,1
C:\Users\Chris Boddy\OneDrive\Documents\Cyber Security and Digital Forensics MSc\Applications of Artificial Intelligence in Cyber Security\Assessment\project\data\large_combined\combined\combined.wav,combined,615,3075.0,5.0,2
C:\Users\Chris Boddy\OneDrive\Documents\Cyber Security and Digital Forensics MSc\Applications of Artificial Intelligence in Cyber Security\Assessment\project\data\large_combined\combined\combined.wav,combined,616,3080.0,5.0,2
C:\Users\Chris Boddy\OneDrive\Documents\Cyber Security and Digital Forensics MSc\Applications of Artificial Intelligence in Cyber Security\Assessment\project\data\large_combined\combined\combined.wav,combined,617,3085.0,5.0,2
C:\Users\Chris Boddy\OneDrive\Documents\Cyber Security and Digital Forensics MSc\Applications of Artificial Intelligence in Cyber Security\Assessment\project\data\large_combined\combined\combined.wav,combined,618,3090.0,5.0,1
C:\Users\Chris Boddy\OneDrive\Documents\Cyber Security and Digital Forensics MSc\Applications of Artificial Intelligence in Cyber Security\Assessment\project\data\large_combined\combined\combined.wav,combined,619,3095.0,5.0,0
C:\Users\Chris Boddy\OneDrive\Documents\Cyber Security and Digital Forensics MSc\Applications of Artificial Intelligence in Cyber Security\Assessment\project\data\large_combined\combined\combined.wav,combined,620,3100.0,5.0,1
C:\Users\Chris Boddy\OneDrive\Documents\Cyber Security and Digital Forensics MSc\Applications of Artificial Intelligence in Cyber Security\Assessment\project\data\large_combined\combined\combined.wav,combined,621,3105.0,5.0,0
C:\Users\Chris Boddy\OneDrive\Documents\Cyber Security and Digital Forensics MSc\Applications of Artificial Intelligence in Cyber Security\Assessment\project\data\large_combined\combined\combined.wav,combined,622,3110.0,5.0,0
C:\Users\Chris Boddy\OneDrive\Documents\Cyber Security and Digital Forensics MSc\Applications of Artificial Intelligence in Cyber Security\Assessment\project\data\large_combined\combined\combined.wav,combined,623,3115.0,5.0,2
C:\Users\Chris Boddy\OneDrive\Documents\Cyber Security and Digital Forensics MSc\Applications of Artificial Intelligence in Cyber Security\Assessment\project\data\large_combined\combined\combined.wav,combined,624,3120.0,5.0,1
C:\Users\Chris Boddy\OneDrive\Documents\Cyber Security and Digital Forensics MSc\Applications of Artificial Intelligence in Cyber Security\Assessment\project\data\large_combined\combined\combined.wav,combined,625,3125.0,5.0,2
C:\Users\Chris Boddy\OneDrive\Documents\Cyber Security and Digital Forensics MSc\Applications of Artificial Intelligence in Cyber Security\Assessment\project\data\large_combined\combined\combined.wav,combined,626,3130.0,5.0,1
C:\Users\Chris Boddy\OneDrive\Documents\Cyber Security and Digital Forensics MSc\Applications of Artificial Intelligence in Cyber Security\Assessment\project\data\large_combined\combined\combined.wav,combined,627,3135.0,5.0,0
C:\Users\Chris Boddy\OneDrive\Documents\Cyber Security and Digital Forensics MSc\Applications of Artificial Intelligence in Cyber Security\Assessment\project\data\large_combined\combined\combined.wav,combined,628,3140.0,5.0,2
C:\Users\Chris Boddy\OneDrive\Documents\Cyber Security and Digital Forensics MSc\Applications of Artificial Intelligence in Cyber Security\Assessment\project\data\large_combined\combined\combined.wav,combined,629,3145.0,5.0,1
C:\Users\Chris Boddy\OneDrive\Documents\Cyber Security and Digital Forensics MSc\Applications of Artificial Intelligence in Cyber Security\Assessment\project\data\large_combined\combined\combined.wav,combined,630,3150.0,5.0,1
C:\Users\Chris Boddy\OneDrive\Documents\Cyber Security and Digital Forensics MSc\Applications of Artificial Intelligence in Cyber Security\Assessment\project\data\large_combined\combined\combined.wav,combined,631,3155.0,5.0,0
C:\Users\Chris Boddy\OneDrive\Documents\Cyber Security and Digital Forensics MSc\Applications of Artificial Intelligence in Cyber Security\Assessment\project\data\large_combined\combined\combined.wav,combined,632,3160.0,5.0,2
C:\Users\Chris Boddy\OneDrive\Documents\Cyber Security and Digital Forensics MSc\Applications of Artificial Intelligence in Cyber Security\Assessment\project\data\large_combined\combined\combined.wav,combined,633,3165.0,5.0,0
C:\Users\Chris Boddy\OneDrive\Documents\Cyber Security and Digital Forensics MSc\Applications of Artificial Intelligence in Cyber Security\Assessment\project\data\large_combined\combined\combined.wav,combined,634,3170.0,5.0,2
C:\Users\Chris Boddy\OneDrive\Documents\Cyber Security and Digital Forensics MSc\Applications of Artificial Intelligence in Cyber Security\Assessment\project\data\large_combined\combined\combined.wav,combined,635,3175.0,5.0,0
C:\Users\Chris Boddy\OneDrive\Documents\Cyber Security and Digital Forensics MSc\Applications of Artificial Intelligence in Cyber Security\Assessment\project\data\large_combined\combined\combined.wav,combined,636,3180.0,5.0,1
C:\Users\Chris Boddy\OneDrive\Documents\Cyber Security and Digital Forensics MSc\Applications of Artificial Intelligence in Cyber Security\Assessment\project\data\large_combined\combined\combined.wav,combined,637,3185.0,5.0,0
C:\Users\Chris Boddy\OneDrive\Documents\Cyber Security and Digital Forensics MSc\Applications of Artificial Intelligence in Cyber Security\Assessment\project\data\large_combined\combined\combined.wav,combined,638,3190.0,5.0,1
C:\Users\Chris Boddy\OneDrive\Documents\Cyber Security and Digital Forensics MSc\Applications of Artificial Intelligence in Cyber Security\Assessment\project\data\large_combined\combined\combined.wav,combined,639,3195.0,5.0,1
C:\Users\Chris Boddy\OneDrive\Documents\Cyber Security and Digital Forensics MSc\Applications of Artificial Intelligence in Cyber Security\Assessment\project\data\large_combined\combined\combined.wav,combined,640,3200.0,5.0,2
C:\Users\Chris Boddy\OneDrive\Documents\Cyber Security and Digital Forensics MSc\Applications of Artificial Intelligence in Cyber Security\Assessment\project\data\large_combined\combined\combined.wav,combined,641,3205.0,5.0,2
C:\Users\Chris Boddy\OneDrive\Documents\Cyber Security and Digital Forensics MSc\Applications of Artificial Intelligence in Cyber Security\Assessment\project\data\large_combined\combined\combined.wav,combined,642,3210.0,5.0,0
C:\Users\Chris Boddy\OneDrive\Documents\Cyber Security and Digital Forensics MSc\Applications of Artificial Intelligence in Cyber Security\Assessment\project\data\large_combined\combined\combined.wav,combined,643,3215.0,5.0,1
C:\Users\Chris Boddy\OneDrive\Documents\Cyber Security and Digital Forensics MSc\Applications of Artificial Intelligence in Cyber Security\Assessment\project\data\large_combined\combined\combined.wav,combined,644,3220.0,5.0,1
C:\Users\Chris Boddy\OneDrive\Documents\Cyber Security and Digital Forensics MSc\Applications of Artificial Intelligence in Cyber Security\Assessment\project\data\large_combined\combined\combined.wav,combined,645,3225.0,5.0,2
C:\Users\Chris Boddy\OneDrive\Documents\Cyber Security and Digital Forensics MSc\Applications of Artificial Intelligence in Cyber Security\Assessment\project\data\large_combined\combined\combined.wav,combined,646,3230.0,5.0,0
C:\Users\Chris Boddy\OneDrive\Documents\Cyber Security and Digital Forensics MSc\Applications of Artificial Intelligence in Cyber Security\Assessment\project\data\large_combined\combined\combined.wav,combined,647,3235.0,5.0,2
C:\Users\Chris Boddy\OneDrive\Documents\Cyber Security and Digital Forensics MSc\Applications of Artificial Intelligence in Cyber Security\Assessment\project\data\large_combined\combined\combined.wav,combined,648,3240.0,5.0,1
C:\Users\Chris Boddy\OneDrive\Documents\Cyber Security and Digital Forensics MSc\Applications of Artificial Intelligence in Cyber Security\Assessment\project\data\large_combined\combined\combined.wav,combined,649,3245.0,5.0,0
C:\Users\Chris Boddy\OneDrive\Documents\Cyber Security and Digital Forensics MSc\Applications of Artificial Intelligence in Cyber Security\Assessment\project\data\large_combined\combined\combined.wav,combined,650,3250.0,5.0,2
C:\Users\Chris Boddy\OneDrive\Documents\Cyber Security and Digital Forensics MSc\Applications of Artificial Intelligence in Cyber Security\Assessment\project\data\large_combined\combined\combined.wav,combined,651,3255.0,5.0,2
C:\Users\Chris Boddy\OneDrive\Documents\Cyber Security and Digital Forensics MSc\Applications of Artificial Intelligence in Cyber Security\Assessment\project\data\large_combined\combined\combined.wav,combined,652,3260.0,5.0,2
C:\Users\Chris Boddy\OneDrive\Documents\Cyber Security and Digital Forensics MSc\Applications of Artificial Intelligence in Cyber Security\Assessment\project\data\large_combined\combined\combined.wav,combined,653,3265.0,5.0,0
C:\Users\Chris Boddy\OneDrive\Documents\Cyber Security and Digital Forensics MSc\Applications of Artificial Intelligence in Cyber Security\Assessment\project\data\large_combined\combined\combined.wav,combined,654,3270.0,5.0,1
C:\Users\Chris Boddy\OneDrive\Documents\Cyber Security and Digital Forensics MSc\Applications of Artificial Intelligence in Cyber Security\Assessment\project\data\large_combined\combined\combined.wav,combined,655,3275.0,5.0,2
C:\Users\Chris Boddy\OneDrive\Documents\Cyber Security and Digital Forensics MSc\Applications of Artificial Intelligence in Cyber Security\Assessment\project\data\large_combined\combined\combined.wav,combined,656,3280.0,5.0,0
C:\Users\Chris Boddy\OneDrive\Documents\Cyber Security and Digital Forensics MSc\Applications of Artificial Intelligence in Cyber Security\Assessment\project\data\large_combined\combined\combined.wav,combined,657,3285.0,5.0,2
C:\Users\Chris Boddy\OneDrive\Documents\Cyber Security and Digital Forensics MSc\Applications of Artificial Intelligence in Cyber Security\Assessment\project\data\large_combined\combined\combined.wav,combined,658,3290.0,5.0,1
C:\Users\Chris Boddy\OneDrive\Documents\Cyber Security and Digital Forensics MSc\Applications of Artificial Intelligence in Cyber Security\Assessment\project\data\large_combined\combined\combined.wav,combined,659,3295.0,5.0,0
C:\Users\Chris Boddy\OneDrive\Documents\Cyber Security and Digital Forensics MSc\Applications of Artificial Intelligence in Cyber Security\Assessment\project\data\large_combined\combined\combined.wav,combined,660,3300.0,5.0,2
C:\Users\Chris Boddy\OneDrive\Documents\Cyber Security and Digital Forensics MSc\Applications of Artificial Intelligence in Cyber Security\Assessment\project\data\large_combined\combined\combined.wav,combined,661,3305.0,5.0,0
C:\Users\Chris Boddy\OneDrive\Documents\Cyber Security and Digital Forensics MSc\Applications of Artificial Intelligence in Cyber Security\Assessment\project\data\large_combined\combined\combined.wav,combined,662,3310.0,5.0,1
C:\Users\Chris Boddy\OneDrive\Documents\Cyber Security and Digital Forensics MSc\Applications of Artificial Intelligence in Cyber Security\Assessment\project\data\large_combined\combined\combined.wav,combined,663,3315.0,5.0,1
C:\Users\Chris Boddy\OneDrive\Documents\Cyber Security and Digital Forensics MSc\Applications of Artificial Intelligence in Cyber Security\Assessment\project\data\large_combined\combined\combined.wav,combined,664,3320.0,5.0,0
C:\Users\Chris Boddy\OneDrive\Documents\Cyber Security and Digital Forensics MSc\Applications of Artificial Intelligence in Cyber Security\Assessment\project\data\large_combined\combined\combined.wav,combined,665,3325.0,5.0,1
C:\Users\Chris Boddy\OneDrive\Documents\Cyber Security and Digital Forensics MSc\Applications of Artificial Intelligence in Cyber Security\Assessment\project\data\large_combined\combined\combined.wav,combined,666,3330.0,5.0,2
C:\Users\Chris Boddy\OneDrive\Documents\Cyber Security and Digital Forensics MSc\Applications of Artificial Intelligence in Cyber Security\Assessment\project\data\large_combined\combined\combined.wav,combined,667,3335.0,5.0,0
C:\Users\Chris Boddy\OneDrive\Documents\Cyber Security and Digital Forensics MSc\Applications of Artificial Intelligence in Cyber Security\Assessment\project\data\large_combined\combined\combined.wav,combined,668,3340.0,5.0,2
C:\Users\Chris Boddy\OneDrive\Documents\Cyber Security and Digital Forensics MSc\Applications of Artificial Intelligence in Cyber Security\Assessment\project\data\large_combined\combined\combined.wav,combined,669,3345.0,5.0,1
C:\Users\Chris Boddy\OneDrive\Documents\Cyber Security and Digital Forensics MSc\Applications of Artificial Intelligence in Cyber Security\Assessment\project\data\large_combined\combined\combined.wav,combined,670,3350.0,5.0,2
C:\Users\Chris Boddy\OneDrive\Documents\Cyber Security and Digital Forensics MSc\Applications of Artificial Intelligence in Cyber Security\Assessment\project\data\large_combined\combined\combined.wav,combined,671,3355.0,5.0,0
C:\Users\Chris Boddy\OneDrive\Documents\Cyber Security and Digital Forensics MSc\Applications of Artificial Intelligence in Cyber Security\Assessment\project\data\large_combined\combined\combined.wav,combined,672,3360.0,5.0,2
C:\Users\Chris Boddy\OneDrive\Documents\Cyber Security and Digital Forensics MSc\Applications of Artificial Intelligence in Cyber Security\Assessment\project\data\large_combined\combined\combined.wav,combined,673,3365.0,5.0,1
C:\Users\Chris Boddy\OneDrive\Documents\Cyber Security and Digital Forensics MSc\Applications of Artificial Intelligence in Cyber Security\Assessment\project\data\large_combined\combined\combined.wav,combined,674,3370.0,5.0,2
C:\Users\Chris Boddy\OneDrive\Documents\Cyber Security and Digital Forensics MSc\Applications of Artificial Intelligence in Cyber Security\Assessment\project\data\large_combined\combined\combined.wav,combined,675,3375.0,5.0,1
C:\Users\Chris Boddy\OneDrive\Documents\Cyber Security and Digital Forensics MSc\Applications of Artificial Intelligence in Cyber Security\Assessment\project\data\large_combined\combined\combined.wav,combined,676,3380.0,5.0,2
C:\Users\Chris Boddy\OneDrive\Documents\Cyber Security and Digital Forensics MSc\Applications of Artificial Intelligence in Cyber Security\Assessment\project\data\large_combined\combined\combined.wav,combined,677,3385.0,5.0,0
C:\Users\Chris Boddy\OneDrive\Documents\Cyber Security and Digital Forensics MSc\Applications of Artificial Intelligence in Cyber Security\Assessment\project\data\large_combined\combined\combined.wav,combined,678,3390.0,5.0,2
C:\Users\Chris Boddy\OneDrive\Documents\Cyber Security and Digital Forensics MSc\Applications of Artificial Intelligence in Cyber Security\Assessment\project\data\large_combined\combined\combined.wav,combined,679,3395.0,5.0,0
C:\Users\Chris Boddy\OneDrive\Documents\Cyber Security and Digital Forensics MSc\Applications of Artificial Intelligence in Cyber Security\Assessment\project\data\large_combined\combined\combined.wav,combined,680,3400.0,5.0,1
C:\Users\Chris Boddy\OneDrive\Documents\Cyber Security and Digital Forensics MSc\Applications of Artificial Intelligence in Cyber Security\Assessment\project\data\large_combined\combined\combined.wav,combined,681,3405.0,5.0,2
C:\Users\Chris Boddy\OneDrive\Documents\Cyber Security and Digital Forensics MSc\Applications of Artificial Intelligence in Cyber Security\Assessment\project\data\large_combined\combined\combined.wav,combined,682,3410.0,5.0,0
C:\Users\Chris Boddy\OneDrive\Documents\Cyber Security and Digital Forensics MSc\Applications of Artificial Intelligence in Cyber Security\Assessment\project\data\large_combined\combined\combined.wav,combined,683,3415.0,5.0,1
C:\Users\Chris Boddy\OneDrive\Documents\Cyber Security and Digital Forensics MSc\Applications of Artificial Intelligence in Cyber Security\Assessment\project\data\large_combined\combined\combined.wav,combined,684,3420.0,5.0,1
C:\Users\Chris Boddy\OneDrive\Documents\Cyber Security and Digital Forensics MSc\Applications of Artificial Intelligence in Cyber Security\Assessment\project\data\large_combined\combined\combined.wav,combined,685,3425.0,5.0,0
C:\Users\Chris Boddy\OneDrive\Documents\Cyber Security and Digital Forensics MSc\Applications of Artificial Intelligence in Cyber Security\Assessment\project\data\large_combined\combined\combined.wav,combined,686,3430.0,5.0,2
C:\Users\Chris Boddy\OneDrive\Documents\Cyber Security and Digital Forensics MSc\Applications of Artificial Intelligence in Cyber Security\Assessment\project\data\large_combined\combined\combined.wav,combined,687,3435.0,5.0,0
C:\Users\Chris Boddy\OneDrive\Documents\Cyber Security and Digital Forensics MSc\Applications of Artificial Intelligence in Cyber Security\Assessment\project\data\large_combined\combined\combined.wav,combined,688,3440.0,5.0,2
C:\Users\Chris Boddy\OneDrive\Documents\Cyber Security and Digital Forensics MSc\Applications of Artificial Intelligence in Cyber Security\Assessment\project\data\large_combined\combined\combined.wav,combined,689,3445.0,5.0,1
C:\Users\Chris Boddy\OneDrive\Documents\Cyber Security and Digital Forensics MSc\Applications of Artificial Intelligence in Cyber Security\Assessment\project\data\large_combined\combined\combined.wav,combined,690,3450.0,5.0,1
C:\Users\Chris Boddy\OneDrive\Documents\Cyber Security and Digital Forensics MSc\Applications of Artificial Intelligence in Cyber Security\Assessment\project\data\large_combined\combined\combined.wav,combined,691,3455.0,5.0,0
C:\Users\Chris Boddy\OneDrive\Documents\Cyber Security and Digital Forensics MSc\Applications of Artificial Intelligence in Cyber Security\Assessment\project\data\large_combined\combined\combined.wav,combined,692,3460.0,5.0,2
C:\Users\Chris Boddy\OneDrive\Documents\Cyber Security and Digital Forensics MSc\Applications of Artificial Intelligence in Cyber Security\Assessment\project\data\large_combined\combined\combined.wav,combined,693,3465.0,5.0,0
C:\Users\Chris Boddy\OneDrive\Documents\Cyber Security and Digital Forensics MSc\Applications of Artificial Intelligence in Cyber Security\Assessment\project\data\large_combined\combined\combined.wav,combined,694,3470.0,5.0,1
C:\Users\Chris Boddy\OneDrive\Documents\Cyber Security and Digital Forensics MSc\Applications of Artificial Intelligence in Cyber Security\Assessment\project\data\large_combined\combined\combined.wav,combined,695,3475.0,5.0,2
C:\Users\Chris Boddy\OneDrive\Documents\Cyber Security and Digital Forensics MSc\Applications of Artificial Intelligence in Cyber Security\Assessment\project\data\large_combined\combined\combined.wav,combined,696,3480.0,5.0,2
C:\Users\Chris Boddy\OneDrive\Documents\Cyber Security and Digital Forensics MSc\Applications of Artificial Intelligence in Cyber Security\Assessment\project\data\large_combined\combined\combined.wav,combined,697,3485.0,5.0,0
C:\Users\Chris Boddy\OneDrive\Documents\Cyber Security and Digital Forensics MSc\Applications of Artificial Intelligence in Cyber Security\Assessment\project\data\large_combined\combined\combined.wav,combined,698,3490.0,5.0,2
C:\Users\Chris Boddy\OneDrive\Documents\Cyber Security and Digital Forensics MSc\Applications of Artificial Intelligence in Cyber Security\Assessment\project\data\large_combined\combined\combined.wav,combined,699,3495.0,5.0,2
C:\Users\Chris Boddy\OneDrive\Documents\Cyber Security and Digital Forensics MSc\Applications of Artificial Intelligence in Cyber Security\Assessment\project\data\large_combined\combined\combined.wav,combined,700,3500.0,5.0,0
C:\Users\Chris Boddy\OneDrive\Documents\Cyber Security and Digital Forensics MSc\Applications of Artificial Intelligence in Cyber Security\Assessment\project\data\large_combined\combined\combined.wav,combined,701,3505.0,5.0,1
C:\Users\Chris Boddy\OneDrive\Documents\Cyber Security and Digital Forensics MSc\Applications of Artificial Intelligence in Cyber Security\Assessment\project\data\large_combined\combined\combined.wav,combined,702,3510.0,5.0,0
C:\Users\Chris Boddy\OneDrive\Documents\Cyber Security and Digital Forensics MSc\Applications of Artificial Intelligence in Cyber Security\Assessment\project\data\large_combined\combined\combined.wav,combined,703,3515.0,5.0,1
C:\Users\Chris Boddy\OneDrive\Documents\Cyber Security and Digital Forensics MSc\Applications of Artificial Intelligence in Cyber Security\Assessment\project\data\large_combined\combined\combined.wav,combined,704,3520.0,5.0,2
C:\Users\Chris Boddy\OneDrive\Documents\Cyber Security and Digital Forensics MSc\Applications of Artificial Intelligence in Cyber Security\Assessment\project\data\large_combined\combined\combined.wav,combined,705,3525.0,5.0,0
C:\Users\Chris Boddy\OneDrive\Documents\Cyber Security and Digital Forensics MSc\Applications of Artificial Intelligence in Cyber Security\Assessment\project\data\large_combined\combined\combined.wav,combined,706,3530.0,5.0,0
C:\Users\Chris Boddy\OneDrive\Documents\Cyber Security and Digital Forensics MSc\Applications of Artificial Intelligence in Cyber Security\Assessment\project\data\large_combined\combined\combined.wav,combined,707,3535.0,5.0,1
C:\Users\Chris Boddy\OneDrive\Documents\Cyber Security and Digital Forensics MSc\Applications of Artificial Intelligence in Cyber Security\Assessment\project\data\large_combined\combined\combined.wav,combined,708,3540.0,5.0,0
C:\Users\Chris Boddy\OneDrive\Documents\Cyber Security and Digital Forensics MSc\Applications of Artificial Intelligence in Cyber Security\Assessment\project\data\large_combined\combined\combined.wav,combined,709,3545.0,5.0,2
C:\Users\Chris Boddy\OneDrive\Documents\Cyber Security and Digital Forensics MSc\Applications of Artificial Intelligence in Cyber Security\Assessment\project\data\large_combined\combined\combined.wav,combined,710,3550.0,5.0,0
C:\Users\Chris Boddy\OneDrive\Documents\Cyber Security and Digital Forensics MSc\Applications of Artificial Intelligence in Cyber Security\Assessment\project\data\large_combined\combined\combined.wav,combined,711,3555.0,5.0,1
C:\Users\Chris Boddy\OneDrive\Documents\Cyber Security and Digital Forensics MSc\Applications of Artificial Intelligence in Cyber Security\Assessment\project\data\large_combined\combined\combined.wav,combined,712,3560.0,5.0,2
C:\Users\Chris Boddy\OneDrive\Documents\Cyber Security and Digital Forensics MSc\Applications of Artificial Intelligence in Cyber Security\Assessment\project\data\large_combined\combined\combined.wav,combined,713,3565.0,5.0,1
C:\Users\Chris Boddy\OneDrive\Documents\Cyber Security and Digital Forensics MSc\Applications of Artificial Intelligence in Cyber Security\Assessment\project\data\large_combined\combined\combined.wav,combined,714,3570.0,5.0,1
C:\Users\Chris Boddy\OneDrive\Documents\Cyber Security and Digital Forensics MSc\Applications of Artificial Intelligence in Cyber Security\Assessment\project\data\large_combined\combined\combined.wav,combined,715,3575.0,5.0,0
C:\Users\Chris Boddy\OneDrive\Documents\Cyber Security and Digital Forensics MSc\Applications of Artificial Intelligence in Cyber Security\Assessment\project\data\large_combined\combined\combined.wav,combined,716,3580.0,5.0,2
C:\Users\Chris Boddy\OneDrive\Documents\Cyber Security and Digital Forensics MSc\Applications of Artificial Intelligence in Cyber Security\Assessment\project\data\large_combined\combined\combined.wav,combined,717,3585.0,5.0,1
C:\Users\Chris Boddy\OneDrive\Documents\Cyber Security and Digital Forensics MSc\Applications of Artificial Intelligence in Cyber Security\Assessment\project\data\large_combined\combined\combined.wav,combined,718,3590.0,5.0,0
C:\Users\Chris Boddy\OneDrive\Documents\Cyber Security and Digital Forensics MSc\Applications of Artificial Intelligence in Cyber Security\Assessment\project\data\large_combined\combined\combined.wav,combined,719,3595.0,5.0,2
C:\Users\Chris Boddy\OneDrive\Documents\Cyber Security and Digital Forensics MSc\Applications of Artificial Intelligence in Cyber Security\Assessment\project\data\large_combined\combined\combined.wav,combined,720,3600.0,5.0,2
C:\Users\Chris Boddy\OneDrive\Documents\Cyber Security and Digital Forensics MSc\Applications of Artificial Intelligence in Cyber Security\Assessment\project\data\large_combined\combined\combined.wav,combined,721,3605.0,5.0,1
C:\Users\Chris Boddy\OneDrive\Documents\Cyber Security and Digital Forensics MSc\Applications of Artificial Intelligence in Cyber Security\Assessment\project\data\large_combined\combined\combined.wav,combined,722,3610.0,5.0,1
C:\Users\Chris Boddy\OneDrive\Documents\Cyber Security and Digital Forensics MSc\Applications of Artificial Intelligence in Cyber Security\Assessment\project\data\large_combined\combined\combined.wav,combined,723,3615.0,5.0,2
C:\Users\Chris Boddy\OneDrive\Documents\Cyber Security and Digital Forensics MSc\Applications of Artificial Intelligence in Cyber Security\Assessment\project\data\large_combined\combined\combined.wav,combined,724,3620.0,5.0,0
C:\Users\Chris Boddy\OneDrive\Documents\Cyber Security and Digital Forensics MSc\Applications of Artificial Intelligence in Cyber Security\Assessment\project\data\large_combined\combined\combined.wav,combined,725,3625.0,5.0,1
C:\Users\Chris Boddy\OneDrive\Documents\Cyber Security and Digital Forensics MSc\Applications of Artificial Intelligence in Cyber Security\Assessment\project\data\large_combined\combined\combined.wav,combined,726,3630.0,5.0,0
C:\Users\Chris Boddy\OneDrive\Documents\Cyber Security and Digital Forensics MSc\Applications of Artificial Intelligence in Cyber Security\Assessment\project\data\large_combined\combined\combined.wav,combined,727,3635.0,5.0,2
C:\Users\Chris Boddy\OneDrive\Documents\Cyber Security and Digital Forensics MSc\Applications of Artificial Intelligence in Cyber Security\Assessment\project\data\large_combined\combined\combined.wav,combined,728,3640.0,5.0,1
C:\Users\Chris Boddy\OneDrive\Documents\Cyber Security and Digital Forensics MSc\Applications of Artificial Intelligence in Cyber Security\Assessment\project\data\large_combined\combined\combined.wav,combined,729,3645.0,5.0,0
C:\Users\Chris Boddy\OneDrive\Documents\Cyber Security and Digital Forensics MSc\Applications of Artificial Intelligence in Cyber Security\Assessment\project\data\large_combined\combined\combined.wav,combined,730,3650.0,5.0,2
C:\Users\Chris Boddy\OneDrive\Documents\Cyber Security and Digital Forensics MSc\Applications of Artificial Intelligence in Cyber Security\Assessment\project\data\large_combined\combined\combined.wav,combined,731,3655.0,5.0,0
C:\Users\Chris Boddy\OneDrive\Documents\Cyber Security and Digital Forensics MSc\Applications of Artificial Intelligence in Cyber Security\Assessment\project\data\large_combined\combined\combined.wav,combined,732,3660.0,5.0,2
C:\Users\Chris Boddy\OneDrive\Documents\Cyber Security and Digital Forensics MSc\Applications of Artificial Intelligence in Cyber Security\Assessment\project\data\large_combined\combined\combined.wav,combined,733,3665.0,5.0,2
C:\Users\Chris Boddy\OneDrive\Documents\Cyber Security and Digital Forensics MSc\Applications of Artificial Intelligence in Cyber Security\Assessment\project\data\large_combined\combined\combined.wav,combined,734,3670.0,5.0,1
C:\Users\Chris Boddy\OneDrive\Documents\Cyber Security and Digital Forensics MSc\Applications of Artificial Intelligence in Cyber Security\Assessment\project\data\large_combined\combined\combined.wav,combined,735,3675.0,5.0,0
C:\Users\Chris Boddy\OneDrive\Documents\Cyber Security and Digital Forensics MSc\Applications of Artificial Intelligence in Cyber Security\Assessment\project\data\large_combined\combined\combined.wav,combined,736,3680.0,5.0,0
C:\Users\Chris Boddy\OneDrive\Documents\Cyber Security and Digital Forensics MSc\Applications of Artificial Intelligence in Cyber Security\Assessment\project\data\large_combined\combined\combined.wav,combined,737,3685.0,5.0,2
C:\Users\Chris Boddy\OneDrive\Documents\Cyber Security and Digital Forensics MSc\Applications of Artificial Intelligence in Cyber Security\Assessment\project\data\large_combined\combined\combined.wav,combined,738,3690.0,5.0,0
C:\Users\Chris Boddy\OneDrive\Documents\Cyber Security and Digital Forensics MSc\Applications of Artificial Intelligence in Cyber Security\Assessment\project\data\large_combined\combined\combined.wav,combined,739,3695.0,5.0,2
C:\Users\Chris Boddy\OneDrive\Documents\Cyber Security and Digital Forensics MSc\Applications of Artificial Intelligence in Cyber Security\Assessment\project\data\large_combined\combined\combined.wav,combined,740,3700.0,5.0,1
C:\Users\Chris Boddy\OneDrive\Documents\Cyber Security and Digital Forensics MSc\Applications of Artificial Intelligence in Cyber Security\Assessment\project\data\large_combined\combined\combined.wav,combined,741,3705.0,5.0,2
C:\Users\Chris Boddy\OneDrive\Documents\Cyber Security and Digital Forensics MSc\Applications of Artificial Intelligence in Cyber Security\Assessment\project\data\large_combined\combined\combined.wav,combined,742,3710.0,5.0,0
C:\Users\Chris Boddy\OneDrive\Documents\Cyber Security and Digital Forensics MSc\Applications of Artificial Intelligence in Cyber Security\Assessment\project\data\large_combined\combined\combined.wav,combined,743,3715.0,5.0,1
C:\Users\Chris Boddy\OneDrive\Documents\Cyber Security and Digital Forensics MSc\Applications of Artificial Intelligence in Cyber Security\Assessment\project\data\large_combined\combined\combined.wav,combined,744,3720.0,5.0,0
C:\Users\Chris Boddy\OneDrive\Documents\Cyber Security and Digital Forensics MSc\Applications of Artificial Intelligence in Cyber Security\Assessment\project\data\large_combined\combined\combined.wav,combined,745,3725.0,5.0,0
C:\Users\Chris Boddy\OneDrive\Documents\Cyber Security and Digital Forensics MSc\Applications of Artificial Intelligence in Cyber Security\Assessment\project\data\large_combined\combined\combined.wav,combined,746,3730.0,5.0,2
C:\Users\Chris Boddy\OneDrive\Documents\Cyber Security and Digital Forensics MSc\Applications of Artificial Intelligence in Cyber Security\Assessment\project\data\large_combined\combined\combined.wav,combined,747,3735.0,5.0,0
C:\Users\Chris Boddy\OneDrive\Documents\Cyber Security and Digital Forensics MSc\Applications of Artificial Intelligence in Cyber Security\Assessment\project\data\large_combined\combined\combined.wav,combined,748,3740.0,5.0,0
C:\Users\Chris Boddy\OneDrive\Documents\Cyber Security and Digital Forensics MSc\Applications of Artificial Intelligence in Cyber Security\Assessment\project\data\large_combined\combined\combined.wav,combined,749,3745.0,5.0,0
C:\Users\Chris Boddy\OneDrive\Documents\Cyber Security and Digital Forensics MSc\Applications of Artificial Intelligence in Cyber Security\Assessment\project\data\large_combined\combined\combined.wav,combined,750,3750.0,5.0,1
C:\Users\Chris Boddy\OneDrive\Documents\Cyber Security and Digital Forensics MSc\Applications of Artificial Intelligence in Cyber Security\Assessment\project\data\large_combined\combined\combined.wav,combined,751,3755.0,5.0,2
C:\Users\Chris Boddy\OneDrive\Documents\Cyber Security and Digital Forensics MSc\Applications of Artificial Intelligence in Cyber Security\Assessment\project\data\large_combined\combined\combined.wav,combined,752,3760.0,5.0,0
C:\Users\Chris Boddy\OneDrive\Documents\Cyber Security and Digital Forensics MSc\Applications of Artificial Intelligence in Cyber Security\Assessment\project\data\large_combined\combined\combined.wav,combined,753,3765.0,5.0,0
C:\Users\Chris Boddy\OneDrive\Documents\Cyber Security and Digital Forensics MSc\Applications of Artificial Intelligence in Cyber Security\Assessment\project\data\large_combined\combined\combined.wav,combined,754,3770.0,5.0,1
C:\Users\Chris Boddy\OneDrive\Documents\Cyber Security and Digital Forensics MSc\Applications of Artificial Intelligence in Cyber Security\Assessment\project\data\large_combined\combined\combined.wav,combined,755,3775.0,5.0,0
C:\Users\Chris Boddy\OneDrive\Documents\Cyber Security and Digital Forensics MSc\Applications of Artificial Intelligence in Cyber Security\Assessment\project\data\large_combined\combined\combined.wav,combined,756,3780.0,5.0,2
C:\Users\Chris Boddy\OneDrive\Documents\Cyber Security and Digital Forensics MSc\Applications of Artificial Intelligence in Cyber Security\Assessment\project\data\large_combined\combined\combined.wav,combined,757,3785.0,5.0,1
C:\Users\Chris Boddy\OneDrive\Documents\Cyber Security and Digital Forensics MSc\Applications of Artificial Intelligence in Cyber Security\Assessment\project\data\large_combined\combined\combined.wav,combined,758,3790.0,5.0,0
C:\Users\Chris Boddy\OneDrive\Documents\Cyber Security and Digital Forensics MSc\Applications of Artificial Intelligence in Cyber Security\Assessment\project\data\large_combined\combined\combined.wav,combined,759,3795.0,5.0,0
C:\Users\Chris Boddy\OneDrive\Documents\Cyber Security and Digital Forensics MSc\Applications of Artificial Intelligence in Cyber Security\Assessment\project\data\large_combined\combined\combined.wav,combined,760,3800.0,5.0,1
C:\Users\Chris Boddy\OneDrive\Documents\Cyber Security and Digital Forensics MSc\Applications of Artificial Intelligence in Cyber Security\Assessment\project\data\large_combined\combined\combined.wav,combined,761,3805.0,5.0,0
C:\Users\Chris Boddy\OneDrive\Documents\Cyber Security and Digital Forensics MSc\Applications of Artificial Intelligence in Cyber Security\Assessment\project\data\large_combined\combined\combined.wav,combined,762,3810.0,5.0,2
C:\Users\Chris Boddy\OneDrive\Documents\Cyber Security and Digital Forensics MSc\Applications of Artificial Intelligence in Cyber Security\Assessment\project\data\large_combined\combined\combined.wav,combined,763,3815.0,5.0,2
C:\Users\Chris Boddy\OneDrive\Documents\Cyber Security and Digital Forensics MSc\Applications of Artificial Intelligence in Cyber Security\Assessment\project\data\large_combined\combined\combined.wav,combined,764,3820.0,5.0,0
C:\Users\Chris Boddy\OneDrive\Documents\Cyber Security and Digital Forensics MSc\Applications of Artificial Intelligence in Cyber Security\Assessment\project\data\large_combined\combined\combined.wav,combined,765,3825.0,5.0,2
C:\Users\Chris Boddy\OneDrive\Documents\Cyber Security and Digital Forensics MSc\Applications of Artificial Intelligence in Cyber Security\Assessment\project\data\large_combined\combined\combined.wav,combined,766,3830.0,5.0,1
C:\Users\Chris Boddy\OneDrive\Documents\Cyber Security and Digital Forensics MSc\Applications of Artificial Intelligence in Cyber Security\Assessment\project\data\large_combined\combined\combined.wav,combined,767,3835.0,5.0,2
C:\Users\Chris Boddy\OneDrive\Documents\Cyber Security and Digital Forensics MSc\Applications of Artificial Intelligence in Cyber Security\Assessment\project\data\large_combined\combined\combined.wav,combined,768,3840.0,5.0,1
C:\Users\Chris Boddy\OneDrive\Documents\Cyber Security and Digital Forensics MSc\Applications of Artificial Intelligence in Cyber Security\Assessment\project\data\large_combined\combined\combined.wav,combined,769,3845.0,5.0,0
C:\Users\Chris Boddy\OneDrive\Documents\Cyber Security and Digital Forensics MSc\Applications of Artificial Intelligence in Cyber Security\Assessment\project\data\large_combined\combined\combined.wav,combined,770,3850.0,5.0,1
C:\Users\Chris Boddy\OneDrive\Documents\Cyber Security and Digital Forensics MSc\Applications of Artificial Intelligence in Cyber Security\Assessment\project\data\large_combined\combined\combined.wav,combined,771,3855.0,5.0,0
C:\Users\Chris Boddy\OneDrive\Documents\Cyber Security and Digital Forensics MSc\Applications of Artificial Intelligence in Cyber Security\Assessment\project\data\large_combined\combined\combined.wav,combined,772,3860.0,5.0,1
C:\Users\Chris Boddy\OneDrive\Documents\Cyber Security and Digital Forensics MSc\Applications of Artificial Intelligence in Cyber Security\Assessment\project\data\large_combined\combined\combined.wav,combined,773,3865.0,5.0,1
C:\Users\Chris Boddy\OneDrive\Documents\Cyber Security and Digital Forensics MSc\Applications of Artificial Intelligence in Cyber Security\Assessment\project\data\large_combined\combined\combined.wav,combined,774,3870.0,5.0,0
C:\Users\Chris Boddy\OneDrive\Documents\Cyber Security and Digital Forensics MSc\Applications of Artificial Intelligence in Cyber Security\Assessment\project\data\large_combined\combined\combined.wav,combined,775,3875.0,5.0,1
C:\Users\Chris Boddy\OneDrive\Documents\Cyber Security and Digital Forensics MSc\Applications of Artificial Intelligence in Cyber Security\Assessment\project\data\large_combined\combined\combined.wav,combined,776,3880.0,5.0,0
C:\Users\Chris Boddy\OneDrive\Documents\Cyber Security and Digital Forensics MSc\Applications of Artificial Intelligence in Cyber Security\Assessment\project\data\large_combined\combined\combined.wav,combined,777,3885.0,5.0,1
C:\Users\Chris Boddy\OneDrive\Documents\Cyber Security and Digital Forensics MSc\Applications of Artificial Intelligence in Cyber Security\Assessment\project\data\large_combined\combined\combined.wav,combined,778,3890.0,5.0,2
C:\Users\Chris Boddy\OneDrive\Documents\Cyber Security and Digital Forensics MSc\Applications of Artificial Intelligence in Cyber Security\Assessment\project\data\large_combined\combined\combined.wav,combined,779,3895.0,5.0,0
C:\Users\Chris Boddy\OneDrive\Documents\Cyber Security and Digital Forensics MSc\Applications of Artificial Intelligence in Cyber Security\Assessment\project\data\large_combined\combined\combined.wav,combined,780,3900.0,5.0,1
C:\Users\Chris Boddy\OneDrive\Documents\Cyber Security and Digital Forensics MSc\Applications of Artificial Intelligence in Cyber Security\Assessment\project\data\large_combined\combined\combined.wav,combined,781,3905.0,5.0,2
C:\Users\Chris Boddy\OneDrive\Documents\Cyber Security and Digital Forensics MSc\Applications of Artificial Intelligence in Cyber Security\Assessment\project\data\large_combined\combined\combined.wav,combined,782,3910.0,5.0,1
C:\Users\Chris Boddy\OneDrive\Documents\Cyber Security and Digital Forensics MSc\Applications of Artificial Intelligence in Cyber Security\Assessment\project\data\large_combined\combined\combined.wav,combined,783,3915.0,5.0,0
C:\Users\Chris Boddy\OneDrive\Documents\Cyber Security and Digital Forensics MSc\Applications of Artificial Intelligence in Cyber Security\Assessment\project\data\large_combined\combined\combined.wav,combined,784,3920.0,5.0,2
C:\Users\Chris Boddy\OneDrive\Documents\Cyber Security and Digital Forensics MSc\Applications of Artificial Intelligence in Cyber Security\Assessment\project\data\large_combined\combined\combined.wav,combined,785,3925.0,5.0,0
C:\Users\Chris Boddy\OneDrive\Documents\Cyber Security and Digital Forensics MSc\Applications of Artificial Intelligence in Cyber Security\Assessment\project\data\large_combined\combined\combined.wav,combined,786,3930.0,5.0,2
C:\Users\Chris Boddy\OneDrive\Documents\Cyber Security and Digital Forensics MSc\Applications of Artificial Intelligence in Cyber Security\Assessment\project\data\large_combined\combined\combined.wav,combined,787,3935.0,5.0,2
C:\Users\Chris Boddy\OneDrive\Documents\Cyber Security and Digital Forensics MSc\Applications of Artificial Intelligence in Cyber Security\Assessment\project\data\large_combined\combined\combined.wav,combined,788,3940.0,5.0,0
C:\Users\Chris Boddy\OneDrive\Documents\Cyber Security and Digital Forensics MSc\Applications of Artificial Intelligence in Cyber Security\Assessment\project\data\large_combined\combined\combined.wav,combined,789,3945.0,5.0,1
C:\Users\Chris Boddy\OneDrive\Documents\Cyber Security and Digital Forensics MSc\Applications of Artificial Intelligence in Cyber Security\Assessment\project\data\large_combined\combined\combined.wav,combined,790,3950.0,5.0,2
C:\Users\Chris Boddy\OneDrive\Documents\Cyber Security and Digital Forensics MSc\Applications of Artificial Intelligence in Cyber Security\Assessment\project\data\large_combined\combined\combined.wav,combined,791,3955.0,5.0,2
C:\Users\Chris Boddy\OneDrive\Documents\Cyber Security and Digital Forensics MSc\Applications of Artificial Intelligence in Cyber Security\Assessment\project\data\large_combined\combined\combined.wav,combined,792,3960.0,5.0,1
C:\Users\Chris Boddy\OneDrive\Documents\Cyber Security and Digital Forensics MSc\Applications of Artificial Intelligence in Cyber Security\Assessment\project\data\large_combined\combined\combined.wav,combined,793,3965.0,5.0,2
C:\Users\Chris Boddy\OneDrive\Documents\Cyber Security and Digital Forensics MSc\Applications of Artificial Intelligence in Cyber Security\Assessment\project\data\large_combined\combined\combined.wav,combined,794,3970.0,5.0,0
C:\Users\Chris Boddy\OneDrive\Documents\Cyber Security and Digital Forensics MSc\Applications of Artificial Intelligence in Cyber Security\Assessment\project\data\large_combined\combined\combined.wav,combined,795,3975.0,5.0,1
C:\Users\Chris Boddy\OneDrive\Documents\Cyber Security and Digital Forensics MSc\Applications of Artificial Intelligence in Cyber Security\Assessment\project\data\large_combined\combined\combined.wav,combined,796,3980.0,5.0,0
C:\Users\Chris Boddy\OneDrive\Documents\Cyber Security and Digital Forensics MSc\Applications of Artificial Intelligence in Cyber Security\Assessment\project\data\large_combined\combined\combined.wav,combined,797,3985.0,5.0,0
C:\Users\Chris Boddy\OneDrive\Documents\Cyber Security and Digital Forensics MSc\Applications of Artificial Intelligence in Cyber Security\Assessment\project\data\large_combined\combined\combined.wav,combined,798,3990.0,5.0,1
C:\Users\Chris Boddy\OneDrive\Documents\Cyber Security and Digital Forensics MSc\Applications of Artificial Intelligence in Cyber Security\Assessment\project\data\large_combined\combined\combined.wav,combined,799,3995.0,5.0,0
C:\Users\Chris Boddy\OneDrive\Documents\Cyber Security and Digital Forensics MSc\Applications of Artificial Intelligence in Cyber Security\Assessment\project\data\large_combined\combined\combined.wav,combined,800,4000.0,5.0,1
C:\Users\Chris Boddy\OneDrive\Documents\Cyber Security and Digital Forensics MSc\Applications of Artificial Intelligence in Cyber Security\Assessment\project\data\large_combined\combined\combined.wav,combined,801,4005.0,5.0,2
C:\Users\Chris Boddy\OneDrive\Documents\Cyber Security and Digital Forensics MSc\Applications of Artificial Intelligence in Cyber Security\Assessment\project\data\large_combined\combined\combined.wav,combined,802,4010.0,5.0,1
C:\Users\Chris Boddy\OneDrive\Documents\Cyber Security and Digital Forensics MSc\Applications of Artificial Intelligence in Cyber Security\Assessment\project\data\large_combined\combined\combined.wav,combined,803,4015.0,5.0,0
C:\Users\Chris Boddy\OneDrive\Documents\Cyber Security and Digital Forensics MSc\Applications of Artificial Intelligence in Cyber Security\Assessment\project\data\large_combined\combined\combined.wav,combined,804,4020.0,5.0,0
C:\Users\Chris Boddy\OneDrive\Documents\Cyber Security and Digital Forensics MSc\Applications of Artificial Intelligence in Cyber Security\Assessment\project\data\large_combined\combined\combined.wav,combined,805,4025.0,5.0,2
C:\Users\Chris Boddy\OneDrive\Documents\Cyber Security and Digital Forensics MSc\Applications of Artificial Intelligence in Cyber Security\Assessment\project\data\large_combined\combined\combined.wav,combined,806,4030.0,5.0,0
C:\Users\Chris Boddy\OneDrive\Documents\Cyber Security and Digital Forensics MSc\Applications of Artificial Intelligence in Cyber Security\Assessment\project\data\large_combined\combined\combined.wav,combined,807,4035.0,5.0,2
C:\Users\Chris Boddy\OneDrive\Documents\Cyber Security and Digital Forensics MSc\Applications of Artificial Intelligence in Cyber Security\Assessment\project\data\large_combined\combined\combined.wav,combined,808,4040.0,5.0,1
C:\Users\Chris Boddy\OneDrive\Documents\Cyber Security and Digital Forensics MSc\Applications of Artificial Intelligence in Cyber Security\Assessment\project\data\large_combined\combined\combined.wav,combined,809,4045.0,5.0,0
C:\Users\Chris Boddy\OneDrive\Documents\Cyber Security and Digital Forensics MSc\Applications of Artificial Intelligence in Cyber Security\Assessment\project\data\large_combined\combined\combined.wav,combined,810,4050.0,5.0,1
C:\Users\Chris Boddy\OneDrive\Documents\Cyber Security and Digital Forensics MSc\Applications of Artificial Intelligence in Cyber Security\Assessment\project\data\large_combined\combined\combined.wav,combined,811,4055.0,5.0,1
C:\Users\Chris Boddy\OneDrive\Documents\Cyber Security and Digital Forensics MSc\Applications of Artificial Intelligence in Cyber Security\Assessment\project\data\large_combined\combined\combined.wav,combined,812,4060.0,5.0,0
C:\Users\Chris Boddy\OneDrive\Documents\Cyber Security and Digital Forensics MSc\Applications of Artificial Intelligence in Cyber Security\Assessment\project\data\large_combined\combined\combined.wav,combined,813,4065.0,5.0,0
C:\Users\Chris Boddy\OneDrive\Documents\Cyber Security and Digital Forensics MSc\Applications of Artificial Intelligence in Cyber Security\Assessment\project\data\large_combined\combined\combined.wav,combined,814,4070.0,5.0,2
C:\Users\Chris Boddy\OneDrive\Documents\Cyber Security and Digital Forensics MSc\Applications of Artificial Intelligence in Cyber Security\Assessment\project\data\large_combined\combined\combined.wav,combined,815,4075.0,5.0,1
C:\Users\Chris Boddy\OneDrive\Documents\Cyber Security and Digital Forensics MSc\Applications of Artificial Intelligence in Cyber Security\Assessment\project\data\large_combined\combined\combined.wav,combined,816,4080.0,5.0,2
C:\Users\Chris Boddy\OneDrive\Documents\Cyber Security and Digital Forensics MSc\Applications of Artificial Intelligence in Cyber Security\Assessment\project\data\large_combined\combined\combined.wav,combined,817,4085.0,5.0,1
C:\Users\Chris Boddy\OneDrive\Documents\Cyber Security and Digital Forensics MSc\Applications of Artificial Intelligence in Cyber Security\Assessment\project\data\large_combined\combined\combined.wav,combined,818,4090.0,5.0,2
C:\Users\Chris Boddy\OneDrive\Documents\Cyber Security and Digital Forensics MSc\Applications of Artificial Intelligence in Cyber Security\Assessment\project\data\large_combined\combined\combined.wav,combined,819,4095.0,5.0,0
C:\Users\Chris Boddy\OneDrive\Documents\Cyber Security and Digital Forensics MSc\Applications of Artificial Intelligence in Cyber Security\Assessment\project\data\large_combined\combined\combined.wav,combined,820,4100.0,5.0,1
C:\Users\Chris Boddy\OneDrive\Documents\Cyber Security and Digital Forensics MSc\Applications of Artificial Intelligence in Cyber Security\Assessment\project\data\large_combined\combined\combined.wav,combined,821,4105.0,5.0,0
C:\Users\Chris Boddy\OneDrive\Documents\Cyber Security and Digital Forensics MSc\Applications of Artificial Intelligence in Cyber Security\Assessment\project\data\large_combined\combined\combined.wav,combined,822,4110.0,5.0,1
C:\Users\Chris Boddy\OneDrive\Documents\Cyber Security and Digital Forensics MSc\Applications of Artificial Intelligence in Cyber Security\Assessment\project\data\large_combined\combined\combined.wav,combined,823,4115.0,5.0,1
C:\Users\Chris Boddy\OneDrive\Documents\Cyber Security and Digital Forensics MSc\Applications of Artificial Intelligence in Cyber Security\Assessment\project\data\large_combined\combined\combined.wav,combined,824,4120.0,5.0,0
C:\Users\Chris Boddy\OneDrive\Documents\Cyber Security and Digital Forensics MSc\Applications of Artificial Intelligence in Cyber Security\Assessment\project\data\large_combined\combined\combined.wav,combined,825,4125.0,5.0,0
C:\Users\Chris Boddy\OneDrive\Documents\Cyber Security and Digital Forensics MSc\Applications of Artificial Intelligence in Cyber Security\Assessment\project\data\large_combined\combined\combined.wav,combined,826,4130.0,5.0,2
C:\Users\Chris Boddy\OneDrive\Documents\Cyber Security and Digital Forensics MSc\Applications of Artificial Intelligence in Cyber Security\Assessment\project\data\large_combined\combined\combined.wav,combined,827,4135.0,5.0,0
C:\Users\Chris Boddy\OneDrive\Documents\Cyber Security and Digital Forensics MSc\Applications of Artificial Intelligence in Cyber Security\Assessment\project\data\large_combined\combined\combined.wav,combined,828,4140.0,5.0,1
C:\Users\Chris Boddy\OneDrive\Documents\Cyber Security and Digital Forensics MSc\Applications of Artificial Intelligence in Cyber Security\Assessment\project\data\large_combined\combined\combined.wav,combined,829,4145.0,5.0,1
C:\Users\Chris Boddy\OneDrive\Documents\Cyber Security and Digital Forensics MSc\Applications of Artificial Intelligence in Cyber Security\Assessment\project\data\large_combined\combined\combined.wav,combined,830,4150.0,5.0,2
C:\Users\Chris Boddy\OneDrive\Documents\Cyber Security and Digital Forensics MSc\Applications of Artificial Intelligence in Cyber Security\Assessment\project\data\large_combined\combined\combined.wav,combined,831,4155.0,5.0,1
C:\Users\Chris Boddy\OneDrive\Documents\Cyber Security and Digital Forensics MSc\Applications of Artificial Intelligence in Cyber Security\Assessment\project\data\large_combined\combined\combined.wav,combined,832,4160.0,5.0,2
C:\Users\Chris Boddy\OneDrive\Documents\Cyber Security and Digital Forensics MSc\Applications of Artificial Intelligence in Cyber Security\Assessment\project\data\large_combined\combined\combined.wav,combined,833,4165.0,5.0,1
C:\Users\Chris Boddy\OneDrive\Documents\Cyber Security and Digital Forensics MSc\Applications of Artificial Intelligence in Cyber Security\Assessment\project\data\large_combined\combined\combined.wav,combined,834,4170.0,5.0,1
C:\Users\Chris Boddy\OneDrive\Documents\Cyber Security and Digital Forensics MSc\Applications of Artificial Intelligence in Cyber Security\Assessment\project\data\large_combined\combined\combined.wav,combined,835,4175.0,5.0,1
C:\Users\Chris Boddy\OneDrive\Documents\Cyber Security and Digital Forensics MSc\Applications of Artificial Intelligence in Cyber Security\Assessment\project\data\large_combined\combined\combined.wav,combined,836,4180.0,5.0,2
C:\Users\Chris Boddy\OneDrive\Documents\Cyber Security and Digital Forensics MSc\Applications of Artificial Intelligence in Cyber Security\Assessment\project\data\large_combined\combined\combined.wav,combined,837,4185.0,5.0,0
C:\Users\Chris Boddy\OneDrive\Documents\Cyber Security and Digital Forensics MSc\Applications of Artificial Intelligence in Cyber Security\Assessment\project\data\large_combined\combined\combined.wav,combined,838,4190.0,5.0,2
C:\Users\Chris Boddy\OneDrive\Documents\Cyber Security and Digital Forensics MSc\Applications of Artificial Intelligence in Cyber Security\Assessment\project\data\large_combined\combined\combined.wav,combined,839,4195.0,5.0,1
C:\Users\Chris Boddy\OneDrive\Documents\Cyber Security and Digital Forensics MSc\Applications of Artificial Intelligence in Cyber Security\Assessment\project\data\large_combined\combined\combined.wav,combined,840,4200.0,5.0,0
C:\Users\Chris Boddy\OneDrive\Documents\Cyber Security and Digital Forensics MSc\Applications of Artificial Intelligence in Cyber Security\Assessment\project\data\large_combined\combined\combined.wav,combined,841,4205.0,5.0,2
C:\Users\Chris Boddy\OneDrive\Documents\Cyber Security and Digital Forensics MSc\Applications of Artificial Intelligence in Cyber Security\Assessment\project\data\large_combined\combined\combined.wav,combined,842,4210.0,5.0,0
C:\Users\Chris Boddy\OneDrive\Documents\Cyber Security and Digital Forensics MSc\Applications of Artificial Intelligence in Cyber Security\Assessment\project\data\large_combined\combined\combined.wav,combined,843,4215.0,5.0,1
C:\Users\Chris Boddy\OneDrive\Documents\Cyber Security and Digital Forensics MSc\Applications of Artificial Intelligence in Cyber Security\Assessment\project\data\large_combined\combined\combined.wav,combined,844,4220.0,5.0,0
C:\Users\Chris Boddy\OneDrive\Documents\Cyber Security and Digital Forensics MSc\Applications of Artificial Intelligence in Cyber Security\Assessment\project\data\large_combined\combined\combined.wav,combined,845,4225.0,5.0,1
C:\Users\Chris Boddy\OneDrive\Documents\Cyber Security and Digital Forensics MSc\Applications of Artificial Intelligence in Cyber Security\Assessment\project\data\large_combined\combined\combined.wav,combined,846,4230.0,5.0,0
C:\Users\Chris Boddy\OneDrive\Documents\Cyber Security and Digital Forensics MSc\Applications of Artificial Intelligence in Cyber Security\Assessment\project\data\large_combined\combined\combined.wav,combined,847,4235.0,5.0,1
C:\Users\Chris Boddy\OneDrive\Documents\Cyber Security and Digital Forensics MSc\Applications of Artificial Intelligence in Cyber Security\Assessment\project\data\large_combined\combined\combined.wav,combined,848,4240.0,5.0,0
C:\Users\Chris Boddy\OneDrive\Documents\Cyber Security and Digital Forensics MSc\Applications of Artificial Intelligence in Cyber Security\Assessment\project\data\large_combined\combined\combined.wav,combined,849,4245.0,5.0,0
C:\Users\Chris Boddy\OneDrive\Documents\Cyber Security and Digital Forensics MSc\Applications of Artificial Intelligence in Cyber Security\Assessment\project\data\large_combined\combined\combined.wav,combined,850,4250.0,5.0,1
C:\Users\Chris Boddy\OneDrive\Documents\Cyber Security and Digital Forensics MSc\Applications of Artificial Intelligence in Cyber Security\Assessment\project\data\large_combined\combined\combined.wav,combined,851,4255.0,5.0,2
C:\Users\Chris Boddy\OneDrive\Documents\Cyber Security and Digital Forensics MSc\Applications of Artificial Intelligence in Cyber Security\Assessment\project\data\large_combined\combined\combined.wav,combined,852,4260.0,5.0,0
C:\Users\Chris Boddy\OneDrive\Documents\Cyber Security and Digital Forensics MSc\Applications of Artificial Intelligence in Cyber Security\Assessment\project\data\large_combined\combined\combined.wav,combined,853,4265.0,5.0,0
C:\Users\Chris Boddy\OneDrive\Documents\Cyber Security and Digital Forensics MSc\Applications of Artificial Intelligence in Cyber Security\Assessment\project\data\large_combined\combined\combined.wav,combined,854,4270.0,5.0,1
C:\Users\Chris Boddy\OneDrive\Documents\Cyber Security and Digital Forensics MSc\Applications of Artificial Intelligence in Cyber Security\Assessment\project\data\large_combined\combined\combined.wav,combined,855,4275.0,5.0,2
C:\Users\Chris Boddy\OneDrive\Documents\Cyber Security and Digital Forensics MSc\Applications of Artificial Intelligence in Cyber Security\Assessment\project\data\large_combined\combined\combined.wav,combined,856,4280.0,5.0,0
C:\Users\Chris Boddy\OneDrive\Documents\Cyber Security and Digital Forensics MSc\Applications of Artificial Intelligence in Cyber Security\Assessment\project\data\large_combined\combined\combined.wav,combined,857,4285.0,5.0,2
C:\Users\Chris Boddy\OneDrive\Documents\Cyber Security and Digital Forensics MSc\Applications of Artificial Intelligence in Cyber Security\Assessment\project\data\large_combined\combined\combined.wav,combined,858,4290.0,5.0,0
C:\Users\Chris Boddy\OneDrive\Documents\Cyber Security and Digital Forensics MSc\Applications of Artificial Intelligence in Cyber Security\Assessment\project\data\large_combined\combined\combined.wav,combined,859,4295.0,5.0,0
C:\Users\Chris Boddy\OneDrive\Documents\Cyber Security and Digital Forensics MSc\Applications of Artificial Intelligence in Cyber Security\Assessment\project\data\large_combined\combined\combined.wav,combined,860,4300.0,5.0,2
C:\Users\Chris Boddy\OneDrive\Documents\Cyber Security and Digital Forensics MSc\Applications of Artificial Intelligence in Cyber Security\Assessment\project\data\large_combined\combined\combined.wav,combined,861,4305.0,5.0,0
C:\Users\Chris Boddy\OneDrive\Documents\Cyber Security and Digital Forensics MSc\Applications of Artificial Intelligence in Cyber Security\Assessment\project\data\large_combined\combined\combined.wav,combined,862,4310.0,5.0,2
C:\Users\Chris Boddy\OneDrive\Documents\Cyber Security and Digital Forensics MSc\Applications of Artificial Intelligence in Cyber Security\Assessment\project\data\large_combined\combined\combined.wav,combined,863,4315.0,5.0,1
C:\Users\Chris Boddy\OneDrive\Documents\Cyber Security and Digital Forensics MSc\Applications of Artificial Intelligence in Cyber Security\Assessment\project\data\large_combined\combined\combined.wav,combined,864,4320.0,5.0,0
C:\Users\Chris Boddy\OneDrive\Documents\Cyber Security and Digital Forensics MSc\Applications of Artificial Intelligence in Cyber Security\Assessment\project\data\large_combined\combined\combined.wav,combined,865,4325.0,5.0,1
C:\Users\Chris Boddy\OneDrive\Documents\Cyber Security and Digital Forensics MSc\Applications of Artificial Intelligence in Cyber Security\Assessment\project\data\large_combined\combined\combined.wav,combined,866,4330.0,5.0,0
C:\Users\Chris Boddy\OneDrive\Documents\Cyber Security and Digital Forensics MSc\Applications of Artificial Intelligence in Cyber Security\Assessment\project\data\large_combined\combined\combined.wav,combined,867,4335.0,5.0,1
C:\Users\Chris Boddy\OneDrive\Documents\Cyber Security and Digital Forensics MSc\Applications of Artificial Intelligence in Cyber Security\Assessment\project\data\large_combined\combined\combined.wav,combined,868,4340.0,5.0,0
C:\Users\Chris Boddy\OneDrive\Documents\Cyber Security and Digital Forensics MSc\Applications of Artificial Intelligence in Cyber Security\Assessment\project\data\large_combined\combined\combined.wav,combined,869,4345.0,5.0,0
C:\Users\Chris Boddy\OneDrive\Documents\Cyber Security and Digital Forensics MSc\Applications of Artificial Intelligence in Cyber Security\Assessment\project\data\large_combined\combined\combined.wav,combined,870,4350.0,5.0,0
C:\Users\Chris Boddy\OneDrive\Documents\Cyber Security and Digital Forensics MSc\Applications of Artificial Intelligence in Cyber Security\Assessment\project\data\large_combined\combined\combined.wav,combined,871,4355.0,5.0,2
C:\Users\Chris Boddy\OneDrive\Documents\Cyber Security and Digital Forensics MSc\Applications of Artificial Intelligence in Cyber Security\Assessment\project\data\large_combined\combined\combined.wav,combined,872,4360.0,5.0,1
C:\Users\Chris Boddy\OneDrive\Documents\Cyber Security and Digital Forensics MSc\Applications of Artificial Intelligence in Cyber Security\Assessment\project\data\large_combined\combined\combined.wav,combined,873,4365.0,5.0,2
C:\Users\Chris Boddy\OneDrive\Documents\Cyber Security and Digital Forensics MSc\Applications of Artificial Intelligence in Cyber Security\Assessment\project\data\large_combined\combined\combined.wav,combined,874,4370.0,5.0,0
C:\Users\Chris Boddy\OneDrive\Documents\Cyber Security and Digital Forensics MSc\Applications of Artificial Intelligence in Cyber Security\Assessment\project\data\large_combined\combined\combined.wav,combined,875,4375.0,5.0,1
C:\Users\Chris Boddy\OneDrive\Documents\Cyber Security and Digital Forensics MSc\Applications of Artificial Intelligence in Cyber Security\Assessment\project\data\large_combined\combined\combined.wav,combined,876,4380.0,5.0,0
C:\Users\Chris Boddy\OneDrive\Documents\Cyber Security and Digital Forensics MSc\Applications of Artificial Intelligence in Cyber Security\Assessment\project\data\large_combined\combined\combined.wav,combined,877,4385.0,5.0,1
C:\Users\Chris Boddy\OneDrive\Documents\Cyber Security and Digital Forensics MSc\Applications of Artificial Intelligence in Cyber Security\Assessment\project\data\large_combined\combined\combined.wav,combined,878,4390.0,5.0,0
C:\Users\Chris Boddy\OneDrive\Documents\Cyber Security and Digital Forensics MSc\Applications of Artificial Intelligence in Cyber Security\Assessment\project\data\large_combined\combined\combined.wav,combined,879,4395.0,5.0,1
C:\Users\Chris Boddy\OneDrive\Documents\Cyber Security and Digital Forensics MSc\Applications of Artificial Intelligence in Cyber Security\Assessment\project\data\large_combined\combined\combined.wav,combined,880,4400.0,5.0,0
C:\Users\Chris Boddy\OneDrive\Documents\Cyber Security and Digital Forensics MSc\Applications of Artificial Intelligence in Cyber Security\Assessment\project\data\large_combined\combined\combined.wav,combined,881,4405.0,5.0,1
C:\Users\Chris Boddy\OneDrive\Documents\Cyber Security and Digital Forensics MSc\Applications of Artificial Intelligence in Cyber Security\Assessment\project\data\large_combined\combined\combined.wav,combined,882,4410.0,5.0,0
C:\Users\Chris Boddy\OneDrive\Documents\Cyber Security and Digital Forensics MSc\Applications of Artificial Intelligence in Cyber Security\Assessment\project\data\large_combined\combined\combined.wav,combined,883,4415.0,5.0,1
C:\Users\Chris Boddy\OneDrive\Documents\Cyber Security and Digital Forensics MSc\Applications of Artificial Intelligence in Cyber Security\Assessment\project\data\large_combined\combined\combined.wav,combined,884,4420.0,5.0,2
C:\Users\Chris Boddy\OneDrive\Documents\Cyber Security and Digital Forensics MSc\Applications of Artificial Intelligence in Cyber Security\Assessment\project\data\large_combined\combined\combined.wav,combined,885,4425.0,5.0,0
C:\Users\Chris Boddy\OneDrive\Documents\Cyber Security and Digital Forensics MSc\Applications of Artificial Intelligence in Cyber Security\Assessment\project\data\large_combined\combined\combined.wav,combined,886,4430.0,5.0,2
C:\Users\Chris Boddy\OneDrive\Documents\Cyber Security and Digital Forensics MSc\Applications of Artificial Intelligence in Cyber Security\Assessment\project\data\large_combined\combined\combined.wav,combined,887,4435.0,5.0,0
C:\Users\Chris Boddy\OneDrive\Documents\Cyber Security and Digital Forensics MSc\Applications of Artificial Intelligence in Cyber Security\Assessment\project\data\large_combined\combined\combined.wav,combined,888,4440.0,5.0,0
C:\Users\Chris Boddy\OneDrive\Documents\Cyber Security and Digital Forensics MSc\Applications of Artificial Intelligence in Cyber Security\Assessment\project\data\large_combined\combined\combined.wav,combined,889,4445.0,5.0,2
C:\Users\Chris Boddy\OneDrive\Documents\Cyber Security and Digital Forensics MSc\Applications of Artificial Intelligence in Cyber Security\Assessment\project\data\large_combined\combined\combined.wav,combined,890,4450.0,5.0,1
C:\Users\Chris Boddy\OneDrive\Documents\Cyber Security and Digital Forensics MSc\Applications of Artificial Intelligence in Cyber Security\Assessment\project\data\large_combined\combined\combined.wav,combined,891,4455.0,5.0,0
C:\Users\Chris Boddy\OneDrive\Documents\Cyber Security and Digital Forensics MSc\Applications of Artificial Intelligence in Cyber Security\Assessment\project\data\large_combined\combined\combined.wav,combined,892,4460.0,5.0,1
C:\Users\Chris Boddy\OneDrive\Documents\Cyber Security and Digital Forensics MSc\Applications of Artificial Intelligence in Cyber Security\Assessment\project\data\large_combined\combined\combined.wav,combined,893,4465.0,5.0,2
C:\Users\Chris Boddy\OneDrive\Documents\Cyber Security and Digital Forensics MSc\Applications of Artificial Intelligence in Cyber Security\Assessment\project\data\large_combined\combined\combined.wav,combined,894,4470.0,5.0,0
C:\Users\Chris Boddy\OneDrive\Documents\Cyber Security and Digital Forensics MSc\Applications of Artificial Intelligence in Cyber Security\Assessment\project\data\large_combined\combined\combined.wav,combined,895,4475.0,5.0,0
C:\Users\Chris Boddy\OneDrive\Documents\Cyber Security and Digital Forensics MSc\Applications of Artificial Intelligence in Cyber Security\Assessment\project\data\large_combined\combined\combined.wav,combined,896,4480.0,5.0,1
C:\Users\Chris Boddy\OneDrive\Documents\Cyber Security and Digital Forensics MSc\Applications of Artificial Intelligence in Cyber Security\Assessment\project\data\large_combined\combined\combined.wav,combined,897,4485.0,5.0,0
C:\Users\Chris Boddy\OneDrive\Documents\Cyber Security and Digital Forensics MSc\Applications of Artificial Intelligence in Cyber Security\Assessment\project\data\large_combined\combined\combined.wav,combined,898,4490.0,5.0,2
C:\Users\Chris Boddy\OneDrive\Documents\Cyber Security and Digital Forensics MSc\Applications of Artificial Intelligence in Cyber Security\Assessment\project\data\large_combined\combined\combined.wav,combined,899,4495.0,5.0,0
C:\Users\Chris Boddy\OneDrive\Documents\Cyber Security and Digital Forensics MSc\Applications of Artificial Intelligence in Cyber Security\Assessment\project\data\large_combined\combined\combined.wav,combined,900,4500.0,5.0,2
C:\Users\Chris Boddy\OneDrive\Documents\Cyber Security and Digital Forensics MSc\Applications of Artificial Intelligence in Cyber Security\Assessment\project\data\large_combined\combined\combined.wav,combined,901,4505.0,5.0,0
C:\Users\Chris Boddy\OneDrive\Documents\Cyber Security and Digital Forensics MSc\Applications of Artificial Intelligence in Cyber Security\Assessment\project\data\large_combined\combined\combined.wav,combined,902,4510.0,5.0,2
C:\Users\Chris Boddy\OneDrive\Documents\Cyber Security and Digital Forensics MSc\Applications of Artificial Intelligence in Cyber Security\Assessment\project\data\large_combined\combined\combined.wav,combined,903,4515.0,5.0,1
C:\Users\Chris Boddy\OneDrive\Documents\Cyber Security and Digital Forensics MSc\Applications of Artificial Intelligence in Cyber Security\Assessment\project\data\large_combined\combined\combined.wav,combined,904,4520.0,5.0,0
C:\Users\Chris Boddy\OneDrive\Documents\Cyber Security and Digital Forensics MSc\Applications of Artificial Intelligence in Cyber Security\Assessment\project\data\large_combined\combined\combined.wav,combined,905,4525.0,5.0,2
C:\Users\Chris Boddy\OneDrive\Documents\Cyber Security and Digital Forensics MSc\Applications of Artificial Intelligence in Cyber Security\Assessment\project\data\large_combined\combined\combined.wav,combined,906,4530.0,5.0,1
C:\Users\Chris Boddy\OneDrive\Documents\Cyber Security and Digital Forensics MSc\Applications of Artificial Intelligence in Cyber Security\Assessment\project\data\large_combined\combined\combined.wav,combined,907,4535.0,5.0,0
C:\Users\Chris Boddy\OneDrive\Documents\Cyber Security and Digital Forensics MSc\Applications of Artificial Intelligence in Cyber Security\Assessment\project\data\large_combined\combined\combined.wav,combined,908,4540.0,5.0,1
C:\Users\Chris Boddy\OneDrive\Documents\Cyber Security and Digital Forensics MSc\Applications of Artificial Intelligence in Cyber Security\Assessment\project\data\large_combined\combined\combined.wav,combined,909,4545.0,5.0,0
C:\Users\Chris Boddy\OneDrive\Documents\Cyber Security and Digital Forensics MSc\Applications of Artificial Intelligence in Cyber Security\Assessment\project\data\large_combined\combined\combined.wav,combined,910,4550.0,5.0,1
C:\Users\Chris Boddy\OneDrive\Documents\Cyber Security and Digital Forensics MSc\Applications of Artificial Intelligence in Cyber Security\Assessment\project\data\large_combined\combined\combined.wav,combined,911,4555.0,5.0,0
C:\Users\Chris Boddy\OneDrive\Documents\Cyber Security and Digital Forensics MSc\Applications of Artificial Intelligence in Cyber Security\Assessment\project\data\large_combined\combined\combined.wav,combined,912,4560.0,5.0,1
C:\Users\Chris Boddy\OneDrive\Documents\Cyber Security and Digital Forensics MSc\Applications of Artificial Intelligence in Cyber Security\Assessment\project\data\large_combined\combined\combined.wav,combined,913,4565.0,5.0,0
C:\Users\Chris Boddy\OneDrive\Documents\Cyber Security and Digital Forensics MSc\Applications of Artificial Intelligence in Cyber Security\Assessment\project\data\large_combined\combined\combined.wav,combined,914,4570.0,5.0,1
C:\Users\Chris Boddy\OneDrive\Documents\Cyber Security and Digital Forensics MSc\Applications of Artificial Intelligence in Cyber Security\Assessment\project\data\large_combined\combined\combined.wav,combined,915,4575.0,5.0,2
C:\Users\Chris Boddy\OneDrive\Documents\Cyber Security and Digital Forensics MSc\Applications of Artificial Intelligence in Cyber Security\Assessment\project\data\large_combined\combined\combined.wav,combined,916,4580.0,5.0,1
C:\Users\Chris Boddy\OneDrive\Documents\Cyber Security and Digital Forensics MSc\Applications of Artificial Intelligence in Cyber Security\Assessment\project\data\large_combined\combined\combined.wav,combined,917,4585.0,5.0,0
C:\Users\Chris Boddy\OneDrive\Documents\Cyber Security and Digital Forensics MSc\Applications of Artificial Intelligence in Cyber Security\Assessment\project\data\large_combined\combined\combined.wav,combined,918,4590.0,5.0,1
C:\Users\Chris Boddy\OneDrive\Documents\Cyber Security and Digital Forensics MSc\Applications of Artificial Intelligence in Cyber Security\Assessment\project\data\large_combined\combined\combined.wav,combined,919,4595.0,5.0,0
C:\Users\Chris Boddy\OneDrive\Documents\Cyber Security and Digital Forensics MSc\Applications of Artificial Intelligence in Cyber Security\Assessment\project\data\large_combined\combined\combined.wav,combined,920,4600.0,5.0,2
C:\Users\Chris Boddy\OneDrive\Documents\Cyber Security and Digital Forensics MSc\Applications of Artificial Intelligence in Cyber Security\Assessment\project\data\large_combined\combined\combined.wav,combined,921,4605.0,5.0,1
C:\Users\Chris Boddy\OneDrive\Documents\Cyber Security and Digital Forensics MSc\Applications of Artificial Intelligence in Cyber Security\Assessment\project\data\large_combined\combined\combined.wav,combined,922,4610.0,5.0,1
C:\Users\Chris Boddy\OneDrive\Documents\Cyber Security and Digital Forensics MSc\Applications of Artificial Intelligence in Cyber Security\Assessment\project\data\large_combined\combined\combined.wav,combined,923,4615.0,5.0,2
C:\Users\Chris Boddy\OneDrive\Documents\Cyber Security and Digital Forensics MSc\Applications of Artificial Intelligence in Cyber Security\Assessment\project\data\large_combined\combined\combined.wav,combined,924,4620.0,5.0,1
C:\Users\Chris Boddy\OneDrive\Documents\Cyber Security and Digital Forensics MSc\Applications of Artificial Intelligence in Cyber Security\Assessment\project\data\large_combined\combined\combined.wav,combined,925,4625.0,5.0,0
C:\Users\Chris Boddy\OneDrive\Documents\Cyber Security and Digital Forensics MSc\Applications of Artificial Intelligence in Cyber Security\Assessment\project\data\large_combined\combined\combined.wav,combined,926,4630.0,5.0,0
C:\Users\Chris Boddy\OneDrive\Documents\Cyber Security and Digital Forensics MSc\Applications of Artificial Intelligence in Cyber Security\Assessment\project\data\large_combined\combined\combined.wav,combined,927,4635.0,5.0,2
C:\Users\Chris Boddy\OneDrive\Documents\Cyber Security and Digital Forensics MSc\Applications of Artificial Intelligence in Cyber Security\Assessment\project\data\large_combined\combined\combined.wav,combined,928,4640.0,5.0,1
C:\Users\Chris Boddy\OneDrive\Documents\Cyber Security and Digital Forensics MSc\Applications of Artificial Intelligence in Cyber Security\Assessment\project\data\large_combined\combined\combined.wav,combined,929,4645.0,5.0,0
C:\Users\Chris Boddy\OneDrive\Documents\Cyber Security and Digital Forensics MSc\Applications of Artificial Intelligence in Cyber Security\Assessment\project\data\large_combined\combined\combined.wav,combined,930,4650.0,5.0,0
C:\Users\Chris Boddy\OneDrive\Documents\Cyber Security and Digital Forensics MSc\Applications of Artificial Intelligence in Cyber Security\Assessment\project\data\large_combined\combined\combined.wav,combined,931,4655.0,5.0,1
C:\Users\Chris Boddy\OneDrive\Documents\Cyber Security and Digital Forensics MSc\Applications of Artificial Intelligence in Cyber Security\Assessment\project\data\large_combined\combined\combined.wav,combined,932,4660.0,5.0,2
C:\Users\Chris Boddy\OneDrive\Documents\Cyber Security and Digital Forensics MSc\Applications of Artificial Intelligence in Cyber Security\Assessment\project\data\large_combined\combined\combined.wav,combined,933,4665.0,5.0,2
C:\Users\Chris Boddy\OneDrive\Documents\Cyber Security and Digital Forensics MSc\Applications of Artificial Intelligence in Cyber Security\Assessment\project\data\large_combined\combined\combined.wav,combined,934,4670.0,5.0,0
C:\Users\Chris Boddy\OneDrive\Documents\Cyber Security and Digital Forensics MSc\Applications of Artificial Intelligence in Cyber Security\Assessment\project\data\large_combined\combined\combined.wav,combined,935,4675.0,5.0,0
C:\Users\Chris Boddy\OneDrive\Documents\Cyber Security and Digital Forensics MSc\Applications of Artificial Intelligence in Cyber Security\Assessment\project\data\large_combined\combined\combined.wav,combined,936,4680.0,5.0,2
C:\Users\Chris Boddy\OneDrive\Documents\Cyber Security and Digital Forensics MSc\Applications of Artificial Intelligence in Cyber Security\Assessment\project\data\large_combined\combined\combined.wav,combined,937,4685.0,5.0,0
C:\Users\Chris Boddy\OneDrive\Documents\Cyber Security and Digital Forensics MSc\Applications of Artificial Intelligence in Cyber Security\Assessment\project\data\large_combined\combined\combined.wav,combined,938,4690.0,5.0,2
C:\Users\Chris Boddy\OneDrive\Documents\Cyber Security and Digital Forensics MSc\Applications of Artificial Intelligence in Cyber Security\Assessment\project\data\large_combined\combined\combined.wav,combined,939,4695.0,5.0,0
C:\Users\Chris Boddy\OneDrive\Documents\Cyber Security and Digital Forensics MSc\Applications of Artificial Intelligence in Cyber Security\Assessment\project\data\large_combined\combined\combined.wav,combined,940,4700.0,5.0,2
C:\Users\Chris Boddy\OneDrive\Documents\Cyber Security and Digital Forensics MSc\Applications of Artificial Intelligence in Cyber Security\Assessment\project\data\large_combined\combined\combined.wav,combined,941,4705.0,5.0,0
C:\Users\Chris Boddy\OneDrive\Documents\Cyber Security and Digital Forensics MSc\Applications of Artificial Intelligence in Cyber Security\Assessment\project\data\large_combined\combined\combined.wav,combined,942,4710.0,5.0,1
C:\Users\Chris Boddy\OneDrive\Documents\Cyber Security and Digital Forensics MSc\Applications of Artificial Intelligence in Cyber Security\Assessment\project\data\large_combined\combined\combined.wav,combined,943,4715.0,5.0,2
C:\Users\Chris Boddy\OneDrive\Documents\Cyber Security and Digital Forensics MSc\Applications of Artificial Intelligence in Cyber Security\Assessment\project\data\large_combined\combined\combined.wav,combined,944,4720.0,5.0,0
C:\Users\Chris Boddy\OneDrive\Documents\Cyber Security and Digital Forensics MSc\Applications of Artificial Intelligence in Cyber Security\Assessment\project\data\large_combined\combined\combined.wav,combined,945,4725.0,5.0,1
C:\Users\Chris Boddy\OneDrive\Documents\Cyber Security and Digital Forensics MSc\Applications of Artificial Intelligence in Cyber Security\Assessment\project\data\large_combined\combined\combined.wav,combined,946,4730.0,5.0,2
C:\Users\Chris Boddy\OneDrive\Documents\Cyber Security and Digital Forensics MSc\Applications of Artificial Intelligence in Cyber Security\Assessment\project\data\large_combined\combined\combined.wav,combined,947,4735.0,5.0,1
C:\Users\Chris Boddy\OneDrive\Documents\Cyber Security and Digital Forensics MSc\Applications of Artificial Intelligence in Cyber Security\Assessment\project\data\large_combined\combined\combined.wav,combined,948,4740.0,5.0,2
C:\Users\Chris Boddy\OneDrive\Documents\Cyber Security and Digital Forensics MSc\Applications of Artificial Intelligence in Cyber Security\Assessment\project\data\large_combined\combined\combined.wav,combined,949,4745.0,5.0,0
C:\Users\Chris Boddy\OneDrive\Documents\Cyber Security and Digital Forensics MSc\Applications of Artificial Intelligence in Cyber Security\Assessment\project\data\large_combined\combined\combined.wav,combined,950,4750.0,5.0,2
C:\Users\Chris Boddy\OneDrive\Documents\Cyber Security and Digital Forensics MSc\Applications of Artificial Intelligence in Cyber Security\Assessment\project\data\large_combined\combined\combined.wav,combined,951,4755.0,5.0,0
C:\Users\Chris Boddy\OneDrive\Documents\Cyber Security and Digital Forensics MSc\Applications of Artificial Intelligence in Cyber Security\Assessment\project\data\large_combined\combined\combined.wav,combined,952,4760.0,5.0,2
C:\Users\Chris Boddy\OneDrive\Documents\Cyber Security and Digital Forensics MSc\Applications of Artificial Intelligence in Cyber Security\Assessment\project\data\large_combined\combined\combined.wav,combined,953,4765.0,5.0,0
C:\Users\Chris Boddy\OneDrive\Documents\Cyber Security and Digital Forensics MSc\Applications of Artificial Intelligence in Cyber Security\Assessment\project\data\large_combined\combined\combined.wav,combined,954,4770.0,5.0,0
C:\Users\Chris Boddy\OneDrive\Documents\Cyber Security and Digital Forensics MSc\Applications of Artificial Intelligence in Cyber Security\Assessment\project\data\large_combined\combined\combined.wav,combined,955,4775.0,5.0,2
C:\Users\Chris Boddy\OneDrive\Documents\Cyber Security and Digital Forensics MSc\Applications of Artificial Intelligence in Cyber Security\Assessment\project\data\large_combined\combined\combined.wav,combined,956,4780.0,5.0,1
C:\Users\Chris Boddy\OneDrive\Documents\Cyber Security and Digital Forensics MSc\Applications of Artificial Intelligence in Cyber Security\Assessment\project\data\large_combined\combined\combined.wav,combined,957,4785.0,5.0,1
C:\Users\Chris Boddy\OneDrive\Documents\Cyber Security and Digital Forensics MSc\Applications of Artificial Intelligence in Cyber Security\Assessment\project\data\large_combined\combined\combined.wav,combined,958,4790.0,5.0,0
C:\Users\Chris Boddy\OneDrive\Documents\Cyber Security and Digital Forensics MSc\Applications of Artificial Intelligence in Cyber Security\Assessment\project\data\large_combined\combined\combined.wav,combined,959,4795.0,5.0,2
C:\Users\Chris Boddy\OneDrive\Documents\Cyber Security and Digital Forensics MSc\Applications of Artificial Intelligence in Cyber Security\Assessment\project\data\large_combined\combined\combined.wav,combined,960,4800.0,5.0,1
C:\Users\Chris Boddy\OneDrive\Documents\Cyber Security and Digital Forensics MSc\Applications of Artificial Intelligence in Cyber Security\Assessment\project\data\large_combined\combined\combined.wav,combined,961,4805.0,5.0,2
C:\Users\Chris Boddy\OneDrive\Documents\Cyber Security and Digital Forensics MSc\Applications of Artificial Intelligence in Cyber Security\Assessment\project\data\large_combined\combined\combined.wav,combined,962,4810.0,5.0,0
C:\Users\Chris Boddy\OneDrive\Documents\Cyber Security and Digital Forensics MSc\Applications of Artificial Intelligence in Cyber Security\Assessment\project\data\large_combined\combined\combined.wav,combined,963,4815.0,5.0,1
C:\Users\Chris Boddy\OneDrive\Documents\Cyber Security and Digital Forensics MSc\Applications of Artificial Intelligence in Cyber Security\Assessment\project\data\large_combined\combined\combined.wav,combined,964,4820.0,5.0,0
C:\Users\Chris Boddy\OneDrive\Documents\Cyber Security and Digital Forensics MSc\Applications of Artificial Intelligence in Cyber Security\Assessment\project\data\large_combined\combined\combined.wav,combined,965,4825.0,5.0,1
C:\Users\Chris Boddy\OneDrive\Documents\Cyber Security and Digital Forensics MSc\Applications of Artificial Intelligence in Cyber Security\Assessment\project\data\large_combined\combined\combined.wav,combined,966,4830.0,5.0,0
C:\Users\Chris Boddy\OneDrive\Documents\Cyber Security and Digital Forensics MSc\Applications of Artificial Intelligence in Cyber Security\Assessment\project\data\large_combined\combined\combined.wav,combined,967,4835.0,5.0,0
C:\Users\Chris Boddy\OneDrive\Documents\Cyber Security and Digital Forensics MSc\Applications of Artificial Intelligence in Cyber Security\Assessment\project\data\large_combined\combined\combined.wav,combined,968,4840.0,5.0,0
C:\Users\Chris Boddy\OneDrive\Documents\Cyber Security and Digital Forensics MSc\Applications of Artificial Intelligence in Cyber Security\Assessment\project\data\large_combined\combined\combined.wav,combined,969,4845.0,5.0,0
C:\Users\Chris Boddy\OneDrive\Documents\Cyber Security and Digital Forensics MSc\Applications of Artificial Intelligence in Cyber Security\Assessment\project\data\large_combined\combined\combined.wav,combined,970,4850.0,5.0,0
C:\Users\Chris Boddy\OneDrive\Documents\Cyber Security and Digital Forensics MSc\Applications of Artificial Intelligence in Cyber Security\Assessment\project\data\large_combined\combined\combined.wav,combined,971,4855.0,5.0,2
C:\Users\Chris Boddy\OneDrive\Documents\Cyber Security and Digital Forensics MSc\Applications of Artificial Intelligence in Cyber Security\Assessment\project\data\large_combined\combined\combined.wav,combined,972,4860.0,5.0,0
C:\Users\Chris Boddy\OneDrive\Documents\Cyber Security and Digital Forensics MSc\Applications of Artificial Intelligence in Cyber Security\Assessment\project\data\large_combined\combined\combined.wav,combined,973,4865.0,5.0,1
C:\Users\Chris Boddy\OneDrive\Documents\Cyber Security and Digital Forensics MSc\Applications of Artificial Intelligence in Cyber Security\Assessment\project\data\large_combined\combined\combined.wav,combined,974,4870.0,5.0,2
C:\Users\Chris Boddy\OneDrive\Documents\Cyber Security and Digital Forensics MSc\Applications of Artificial Intelligence in Cyber Security\Assessment\project\data\large_combined\combined\combined.wav,combined,975,4875.0,5.0,1
C:\Users\Chris Boddy\OneDrive\Documents\Cyber Security and Digital Forensics MSc\Applications of Artificial Intelligence in Cyber Security\Assessment\project\data\large_combined\combined\combined.wav,combined,976,4880.0,5.0,2
C:\Users\Chris Boddy\OneDrive\Documents\Cyber Security and Digital Forensics MSc\Applications of Artificial Intelligence in Cyber Security\Assessment\project\data\large_combined\combined\combined.wav,combined,977,4885.0,5.0,0
C:\Users\Chris Boddy\OneDrive\Documents\Cyber Security and Digital Forensics MSc\Applications of Artificial Intelligence in Cyber Security\Assessment\project\data\large_combined\combined\combined.wav,combined,978,4890.0,5.0,0
C:\Users\Chris Boddy\OneDrive\Documents\Cyber Security and Digital Forensics MSc\Applications of Artificial Intelligence in Cyber Security\Assessment\project\data\large_combined\combined\combined.wav,combined,979,4895.0,5.0,2
C:\Users\Chris Boddy\OneDrive\Documents\Cyber Security and Digital Forensics MSc\Applications of Artificial Intelligence in Cyber Security\Assessment\project\data\large_combined\combined\combined.wav,combined,980,4900.0,5.0,0
C:\Users\Chris Boddy\OneDrive\Documents\Cyber Security and Digital Forensics MSc\Applications of Artificial Intelligence in Cyber Security\Assessment\project\data\large_combined\combined\combined.wav,combined,981,4905.0,5.0,1
C:\Users\Chris Boddy\OneDrive\Documents\Cyber Security and Digital Forensics MSc\Applications of Artificial Intelligence in Cyber Security\Assessment\project\data\large_combined\combined\combined.wav,combined,982,4910.0,5.0,0
C:\Users\Chris Boddy\OneDrive\Documents\Cyber Security and Digital Forensics MSc\Applications of Artificial Intelligence in Cyber Security\Assessment\project\data\large_combined\combined\combined.wav,combined,983,4915.0,5.0,2
C:\Users\Chris Boddy\OneDrive\Documents\Cyber Security and Digital Forensics MSc\Applications of Artificial Intelligence in Cyber Security\Assessment\project\data\large_combined\combined\combined.wav,combined,984,4920.0,5.0,2
C:\Users\Chris Boddy\OneDrive\Documents\Cyber Security and Digital Forensics MSc\Applications of Artificial Intelligence in Cyber Security\Assessment\project\data\large_combined\combined\combined.wav,combined,985,4925.0,5.0,0
C:\Users\Chris Boddy\OneDrive\Documents\Cyber Security and Digital Forensics MSc\Applications of Artificial Intelligence in Cyber Security\Assessment\project\data\large_combined\combined\combined.wav,combined,986,4930.0,5.0,2
C:\Users\Chris Boddy\OneDrive\Documents\Cyber Security and Digital Forensics MSc\Applications of Artificial Intelligence in Cyber Security\Assessment\project\data\large_combined\combined\combined.wav,combined,987,4935.0,5.0,2
C:\Users\Chris Boddy\OneDrive\Documents\Cyber Security and Digital Forensics MSc\Applications of Artificial Intelligence in Cyber Security\Assessment\project\data\large_combined\combined\combined.wav,combined,988,4940.0,5.0,1
C:\Users\Chris Boddy\OneDrive\Documents\Cyber Security and Digital Forensics MSc\Applications of Artificial Intelligence in Cyber Security\Assessment\project\data\large_combined\combined\combined.wav,combined,989,4945.0,5.0,0
C:\Users\Chris Boddy\OneDrive\Documents\Cyber Security and Digital Forensics MSc\Applications of Artificial Intelligence in Cyber Security\Assessment\project\data\large_combined\combined\combined.wav,combined,990,4950.0,5.0,2
C:\Users\Chris Boddy\OneDrive\Documents\Cyber Security and Digital Forensics MSc\Applications of Artificial Intelligence in Cyber Security\Assessment\project\data\large_combined\combined\combined.wav,combined,991,4955.0,5.0,1
C:\Users\Chris Boddy\OneDrive\Documents\Cyber Security and Digital Forensics MSc\Applications of Artificial Intelligence in Cyber Security\Assessment\project\data\large_combined\combined\combined.wav,combined,992,4960.0,5.0,2
C:\Users\Chris Boddy\OneDrive\Documents\Cyber Security and Digital Forensics MSc\Applications of Artificial Intelligence in Cyber Security\Assessment\project\data\large_combined\combined\combined.wav,combined,993,4965.0,5.0,2
C:\Users\Chris Boddy\OneDrive\Documents\Cyber Security and Digital Forensics MSc\Applications of Artificial Intelligence in Cyber Security\Assessment\project\data\large_combined\combined\combined.wav,combined,994,4970.0,5.0,0
C:\Users\Chris Boddy\OneDrive\Documents\Cyber Security and Digital Forensics MSc\Applications of Artificial Intelligence in Cyber Security\Assessment\project\data\large_combined\combined\combined.wav,combined,995,4975.0,5.0,1
C:\Users\Chris Boddy\OneDrive\Documents\Cyber Security and Digital Forensics MSc\Applications of Artificial Intelligence in Cyber Security\Assessment\project\data\large_combined\combined\combined.wav,combined,996,4980.0,5.0,0
C:\Users\Chris Boddy\OneDrive\Documents\Cyber Security and Digital Forensics MSc\Applications of Artificial Intelligence in Cyber Security\Assessment\project\data\large_combined\combined\combined.wav,combined,997,4985.0,5.0,1
C:\Users\Chris Boddy\OneDrive\Documents\Cyber Security and Digital Forensics MSc\Applications of Artificial Intelligence in Cyber Security\Assessment\project\data\large_combined\combined\combined.wav,combined,998,4990.0,5.0,0
C:\Users\Chris Boddy\OneDrive\Documents\Cyber Security and Digital Forensics MSc\Applications of Artificial Intelligence in Cyber Security\Assessment\project\data\large_combined\combined\combined.wav,combined,999,4995.0,5.0,2
C:\Users\Chris Boddy\OneDrive\Documents\Cyber Security and Digital Forensics MSc\Applications of Artificial Intelligence in Cyber Security\Assessment\project\data\large_combined\combined\combined.wav,combined,1000,5000.0,5.0,0
C:\Users\Chris Boddy\OneDrive\Documents\Cyber Security and Digital Forensics MSc\Applications of Artificial Intelligence in Cyber Security\Assessment\project\data\large_combined\combined\combined.wav,combined,1001,5005.0,5.0,2
C:\Users\Chris Boddy\OneDrive\Documents\Cyber Security and Digital Forensics MSc\Applications of Artificial Intelligence in Cyber Security\Assessment\project\data\large_combined\combined\combined.wav,combined,1002,5010.0,5.0,1
C:\Users\Chris Boddy\OneDrive\Documents\Cyber Security and Digital Forensics MSc\Applications of Artificial Intelligence in Cyber Security\Assessment\project\data\large_combined\combined\combined.wav,combined,1003,5015.0,5.0,2
C:\Users\Chris Boddy\OneDrive\Documents\Cyber Security and Digital Forensics MSc\Applications of Artificial Intelligence in Cyber Security\Assessment\project\data\large_combined\combined\combined.wav,combined,1004,5020.0,5.0,0
C:\Users\Chris Boddy\OneDrive\Documents\Cyber Security and Digital Forensics MSc\Applications of Artificial Intelligence in Cyber Security\Assessment\project\data\large_combined\combined\combined.wav,combined,1005,5025.0,5.0,2
C:\Users\Chris Boddy\OneDrive\Documents\Cyber Security and Digital Forensics MSc\Applications of Artificial Intelligence in Cyber Security\Assessment\project\data\large_combined\combined\combined.wav,combined,1006,5030.0,5.0,1
C:\Users\Chris Boddy\OneDrive\Documents\Cyber Security and Digital Forensics MSc\Applications of Artificial Intelligence in Cyber Security\Assessment\project\data\large_combined\combined\combined.wav,combined,1007,5035.0,5.0,2
C:\Users\Chris Boddy\OneDrive\Documents\Cyber Security and Digital Forensics MSc\Applications of Artificial Intelligence in Cyber Security\Assessment\project\data\large_combined\combined\combined.wav,combined,1008,5040.0,5.0,0
C:\Users\Chris Boddy\OneDrive\Documents\Cyber Security and Digital Forensics MSc\Applications of Artificial Intelligence in Cyber Security\Assessment\project\data\large_combined\combined\combined.wav,combined,1009,5045.0,5.0,2
C:\Users\Chris Boddy\OneDrive\Documents\Cyber Security and Digital Forensics MSc\Applications of Artificial Intelligence in Cyber Security\Assessment\project\data\large_combined\combined\combined.wav,combined,1010,5050.0,5.0,0
C:\Users\Chris Boddy\OneDrive\Documents\Cyber Security and Digital Forensics MSc\Applications of Artificial Intelligence in Cyber Security\Assessment\project\data\large_combined\combined\combined.wav,combined,1011,5055.0,5.0,0
C:\Users\Chris Boddy\OneDrive\Documents\Cyber Security and Digital Forensics MSc\Applications of Artificial Intelligence in Cyber Security\Assessment\project\data\large_combined\combined\combined.wav,combined,1012,5060.0,5.0,2
C:\Users\Chris Boddy\OneDrive\Documents\Cyber Security and Digital Forensics MSc\Applications of Artificial Intelligence in Cyber Security\Assessment\project\data\large_combined\combined\combined.wav,combined,1013,5065.0,5.0,2
C:\Users\Chris Boddy\OneDrive\Documents\Cyber Security and Digital Forensics MSc\Applications of Artificial Intelligence in Cyber Security\Assessment\project\data\large_combined\combined\combined.wav,combined,1014,5070.0,5.0,0
C:\Users\Chris Boddy\OneDrive\Documents\Cyber Security and Digital Forensics MSc\Applications of Artificial Intelligence in Cyber Security\Assessment\project\data\large_combined\combined\combined.wav,combined,1015,5075.0,5.0,1
C:\Users\Chris Boddy\OneDrive\Documents\Cyber Security and Digital Forensics MSc\Applications of Artificial Intelligence in Cyber Security\Assessment\project\data\large_combined\combined\combined.wav,combined,1016,5080.0,5.0,1
C:\Users\Chris Boddy\OneDrive\Documents\Cyber Security and Digital Forensics MSc\Applications of Artificial Intelligence in Cyber Security\Assessment\project\data\large_combined\combined\combined.wav,combined,1017,5085.0,5.0,0
C:\Users\Chris Boddy\OneDrive\Documents\Cyber Security and Digital Forensics MSc\Applications of Artificial Intelligence in Cyber Security\Assessment\project\data\large_combined\combined\combined.wav,combined,1018,5090.0,5.0,2
C:\Users\Chris Boddy\OneDrive\Documents\Cyber Security and Digital Forensics MSc\Applications of Artificial Intelligence in Cyber Security\Assessment\project\data\large_combined\combined\combined.wav,combined,1019,5095.0,5.0,0
C:\Users\Chris Boddy\OneDrive\Documents\Cyber Security and Digital Forensics MSc\Applications of Artificial Intelligence in Cyber Security\Assessment\project\data\large_combined\combined\combined.wav,combined,1020,5100.0,5.0,1
C:\Users\Chris Boddy\OneDrive\Documents\Cyber Security and Digital Forensics MSc\Applications of Artificial Intelligence in Cyber Security\Assessment\project\data\large_combined\combined\combined.wav,combined,1021,5105.0,5.0,2
C:\Users\Chris Boddy\OneDrive\Documents\Cyber Security and Digital Forensics MSc\Applications of Artificial Intelligence in Cyber Security\Assessment\project\data\large_combined\combined\combined.wav,combined,1022,5110.0,5.0,0
C:\Users\Chris Boddy\OneDrive\Documents\Cyber Security and Digital Forensics MSc\Applications of Artificial Intelligence in Cyber Security\Assessment\project\data\large_combined\combined\combined.wav,combined,1023,5115.0,5.0,0
C:\Users\Chris Boddy\OneDrive\Documents\Cyber Security and Digital Forensics MSc\Applications of Artificial Intelligence in Cyber Security\Assessment\project\data\large_combined\combined\combined.wav,combined,1024,5120.0,5.0,2
C:\Users\Chris Boddy\OneDrive\Documents\Cyber Security and Digital Forensics MSc\Applications of Artificial Intelligence in Cyber Security\Assessment\project\data\large_combined\combined\combined.wav,combined,1025,5125.0,5.0,1
C:\Users\Chris Boddy\OneDrive\Documents\Cyber Security and Digital Forensics MSc\Applications of Artificial Intelligence in Cyber Security\Assessment\project\data\large_combined\combined\combined.wav,combined,1026,5130.0,5.0,2
C:\Users\Chris Boddy\OneDrive\Documents\Cyber Security and Digital Forensics MSc\Applications of Artificial Intelligence in Cyber Security\Assessment\project\data\large_combined\combined\combined.wav,combined,1027,5135.0,5.0,0
C:\Users\Chris Boddy\OneDrive\Documents\Cyber Security and Digital Forensics MSc\Applications of Artificial Intelligence in Cyber Security\Assessment\project\data\large_combined\combined\combined.wav,combined,1028,5140.0,5.0,0
C:\Users\Chris Boddy\OneDrive\Documents\Cyber Security and Digital Forensics MSc\Applications of Artificial Intelligence in Cyber Security\Assessment\project\data\large_combined\combined\combined.wav,combined,1029,5145.0,5.0,1
C:\Users\Chris Boddy\OneDrive\Documents\Cyber Security and Digital Forensics MSc\Applications of Artificial Intelligence in Cyber Security\Assessment\project\data\large_combined\combined\combined.wav,combined,1030,5150.0,5.0,2
C:\Users\Chris Boddy\OneDrive\Documents\Cyber Security and Digital Forensics MSc\Applications of Artificial Intelligence in Cyber Security\Assessment\project\data\large_combined\combined\combined.wav,combined,1031,5155.0,5.0,1
C:\Users\Chris Boddy\OneDrive\Documents\Cyber Security and Digital Forensics MSc\Applications of Artificial Intelligence in Cyber Security\Assessment\project\data\large_combined\combined\combined.wav,combined,1032,5160.0,5.0,1
C:\Users\Chris Boddy\OneDrive\Documents\Cyber Security and Digital Forensics MSc\Applications of Artificial Intelligence in Cyber Security\Assessment\project\data\large_combined\combined\combined.wav,combined,1033,5165.0,5.0,0
C:\Users\Chris Boddy\OneDrive\Documents\Cyber Security and Digital Forensics MSc\Applications of Artificial Intelligence in Cyber Security\Assessment\project\data\large_combined\combined\combined.wav,combined,1034,5170.0,5.0,1
C:\Users\Chris Boddy\OneDrive\Documents\Cyber Security and Digital Forensics MSc\Applications of Artificial Intelligence in Cyber Security\Assessment\project\data\large_combined\combined\combined.wav,combined,1035,5175.0,5.0,2
C:\Users\Chris Boddy\OneDrive\Documents\Cyber Security and Digital Forensics MSc\Applications of Artificial Intelligence in Cyber Security\Assessment\project\data\large_combined\combined\combined.wav,combined,1036,5180.0,5.0,2
C:\Users\Chris Boddy\OneDrive\Documents\Cyber Security and Digital Forensics MSc\Applications of Artificial Intelligence in Cyber Security\Assessment\project\data\large_combined\combined\combined.wav,combined,1037,5185.0,5.0,0
C:\Users\Chris Boddy\OneDrive\Documents\Cyber Security and Digital Forensics MSc\Applications of Artificial Intelligence in Cyber Security\Assessment\project\data\large_combined\combined\combined.wav,combined,1038,5190.0,5.0,2
C:\Users\Chris Boddy\OneDrive\Documents\Cyber Security and Digital Forensics MSc\Applications of Artificial Intelligence in Cyber Security\Assessment\project\data\large_combined\combined\combined.wav,combined,1039,5195.0,5.0,1
C:\Users\Chris Boddy\OneDrive\Documents\Cyber Security and Digital Forensics MSc\Applications of Artificial Intelligence in Cyber Security\Assessment\project\data\large_combined\combined\combined.wav,combined,1040,5200.0,5.0,1
C:\Users\Chris Boddy\OneDrive\Documents\Cyber Security and Digital Forensics MSc\Applications of Artificial Intelligence in Cyber Security\Assessment\project\data\large_combined\combined\combined.wav,combined,1041,5205.0,5.0,0
C:\Users\Chris Boddy\OneDrive\Documents\Cyber Security and Digital Forensics MSc\Applications of Artificial Intelligence in Cyber Security\Assessment\project\data\large_combined\combined\combined.wav,combined,1042,5210.0,5.0,0
C:\Users\Chris Boddy\OneDrive\Documents\Cyber Security and Digital Forensics MSc\Applications of Artificial Intelligence in Cyber Security\Assessment\project\data\large_combined\combined\combined.wav,combined,1043,5215.0,5.0,1
C:\Users\Chris Boddy\OneDrive\Documents\Cyber Security and Digital Forensics MSc\Applications of Artificial Intelligence in Cyber Security\Assessment\project\data\large_combined\combined\combined.wav,combined,1044,5220.0,5.0,1
C:\Users\Chris Boddy\OneDrive\Documents\Cyber Security and Digital Forensics MSc\Applications of Artificial Intelligence in Cyber Security\Assessment\project\data\large_combined\combined\combined.wav,combined,1045,5225.0,5.0,0
C:\Users\Chris Boddy\OneDrive\Documents\Cyber Security and Digital Forensics MSc\Applications of Artificial Intelligence in Cyber Security\Assessment\project\data\large_combined\combined\combined.wav,combined,1046,5230.0,5.0,2
C:\Users\Chris Boddy\OneDrive\Documents\Cyber Security and Digital Forensics MSc\Applications of Artificial Intelligence in Cyber Security\Assessment\project\data\large_combined\combined\combined.wav,combined,1047,5235.0,5.0,0
C:\Users\Chris Boddy\OneDrive\Documents\Cyber Security and Digital Forensics MSc\Applications of Artificial Intelligence in Cyber Security\Assessment\project\data\large_combined\combined\combined.wav,combined,1048,5240.0,5.0,2
C:\Users\Chris Boddy\OneDrive\Documents\Cyber Security and Digital Forensics MSc\Applications of Artificial Intelligence in Cyber Security\Assessment\project\data\large_combined\combined\combined.wav,combined,1049,5245.0,5.0,1
C:\Users\Chris Boddy\OneDrive\Documents\Cyber Security and Digital Forensics MSc\Applications of Artificial Intelligence in Cyber Security\Assessment\project\data\large_combined\combined\combined.wav,combined,1050,5250.0,5.0,0
C:\Users\Chris Boddy\OneDrive\Documents\Cyber Security and Digital Forensics MSc\Applications of Artificial Intelligence in Cyber Security\Assessment\project\data\large_combined\combined\combined.wav,combined,1051,5255.0,5.0,2
C:\Users\Chris Boddy\OneDrive\Documents\Cyber Security and Digital Forensics MSc\Applications of Artificial Intelligence in Cyber Security\Assessment\project\data\large_combined\combined\combined.wav,combined,1052,5260.0,5.0,2
C:\Users\Chris Boddy\OneDrive\Documents\Cyber Security and Digital Forensics MSc\Applications of Artificial Intelligence in Cyber Security\Assessment\project\data\large_combined\combined\combined.wav,combined,1053,5265.0,5.0,1
C:\Users\Chris Boddy\OneDrive\Documents\Cyber Security and Digital Forensics MSc\Applications of Artificial Intelligence in Cyber Security\Assessment\project\data\large_combined\combined\combined.wav,combined,1054,5270.0,5.0,0
C:\Users\Chris Boddy\OneDrive\Documents\Cyber Security and Digital Forensics MSc\Applications of Artificial Intelligence in Cyber Security\Assessment\project\data\large_combined\combined\combined.wav,combined,1055,5275.0,5.0,2
C:\Users\Chris Boddy\OneDrive\Documents\Cyber Security and Digital Forensics MSc\Applications of Artificial Intelligence in Cyber Security\Assessment\project\data\large_combined\combined\combined.wav,combined,1056,5280.0,5.0,1
C:\Users\Chris Boddy\OneDrive\Documents\Cyber Security and Digital Forensics MSc\Applications of Artificial Intelligence in Cyber Security\Assessment\project\data\large_combined\combined\combined.wav,combined,1057,5285.0,5.0,0
C:\Users\Chris Boddy\OneDrive\Documents\Cyber Security and Digital Forensics MSc\Applications of Artificial Intelligence in Cyber Security\Assessment\project\data\large_combined\combined\combined.wav,combined,1058,5290.0,5.0,0
C:\Users\Chris Boddy\OneDrive\Documents\Cyber Security and Digital Forensics MSc\Applications of Artificial Intelligence in Cyber Security\Assessment\project\data\large_combined\combined\combined.wav,combined,1059,5295.0,5.0,2
C:\Users\Chris Boddy\OneDrive\Documents\Cyber Security and Digital Forensics MSc\Applications of Artificial Intelligence in Cyber Security\Assessment\project\data\large_combined\combined\combined.wav,combined,1060,5300.0,5.0,1
C:\Users\Chris Boddy\OneDrive\Documents\Cyber Security and Digital Forensics MSc\Applications of Artificial Intelligence in Cyber Security\Assessment\project\data\large_combined\combined\combined.wav,combined,1061,5305.0,5.0,0
C:\Users\Chris Boddy\OneDrive\Documents\Cyber Security and Digital Forensics MSc\Applications of Artificial Intelligence in Cyber Security\Assessment\project\data\large_combined\combined\combined.wav,combined,1062,5310.0,5.0,1
C:\Users\Chris Boddy\OneDrive\Documents\Cyber Security and Digital Forensics MSc\Applications of Artificial Intelligence in Cyber Security\Assessment\project\data\large_combined\combined\combined.wav,combined,1063,5315.0,5.0,0
C:\Users\Chris Boddy\OneDrive\Documents\Cyber Security and Digital Forensics MSc\Applications of Artificial Intelligence in Cyber Security\Assessment\project\data\large_combined\combined\combined.wav,combined,1064,5320.0,5.0,2
C:\Users\Chris Boddy\OneDrive\Documents\Cyber Security and Digital Forensics MSc\Applications of Artificial Intelligence in Cyber Security\Assessment\project\data\large_combined\combined\combined.wav,combined,1065,5325.0,5.0,0
C:\Users\Chris Boddy\OneDrive\Documents\Cyber Security and Digital Forensics MSc\Applications of Artificial Intelligence in Cyber Security\Assessment\project\data\large_combined\combined\combined.wav,combined,1066,5330.0,5.0,2
C:\Users\Chris Boddy\OneDrive\Documents\Cyber Security and Digital Forensics MSc\Applications of Artificial Intelligence in Cyber Security\Assessment\project\data\large_combined\combined\combined.wav,combined,1067,5335.0,5.0,2
C:\Users\Chris Boddy\OneDrive\Documents\Cyber Security and Digital Forensics MSc\Applications of Artificial Intelligence in Cyber Security\Assessment\project\data\large_combined\combined\combined.wav,combined,1068,5340.0,5.0,0
C:\Users\Chris Boddy\OneDrive\Documents\Cyber Security and Digital Forensics MSc\Applications of Artificial Intelligence in Cyber Security\Assessment\project\data\large_combined\combined\combined.wav,combined,1069,5345.0,5.0,1
C:\Users\Chris Boddy\OneDrive\Documents\Cyber Security and Digital Forensics MSc\Applications of Artificial Intelligence in Cyber Security\Assessment\project\data\large_combined\combined\combined.wav,combined,1070,5350.0,5.0,2
C:\Users\Chris Boddy\OneDrive\Documents\Cyber Security and Digital Forensics MSc\Applications of Artificial Intelligence in Cyber Security\Assessment\project\data\large_combined\combined\combined.wav,combined,1071,5355.0,5.0,1
C:\Users\Chris Boddy\OneDrive\Documents\Cyber Security and Digital Forensics MSc\Applications of Artificial Intelligence in Cyber Security\Assessment\project\data\large_combined\combined\combined.wav,combined,1072,5360.0,5.0,2
C:\Users\Chris Boddy\OneDrive\Documents\Cyber Security and Digital Forensics MSc\Applications of Artificial Intelligence in Cyber Security\Assessment\project\data\large_combined\combined\combined.wav,combined,1073,5365.0,5.0,2
C:\Users\Chris Boddy\OneDrive\Documents\Cyber Security and Digital Forensics MSc\Applications of Artificial Intelligence in Cyber Security\Assessment\project\data\large_combined\combined\combined.wav,combined,1074,5370.0,5.0,0
C:\Users\Chris Boddy\OneDrive\Documents\Cyber Security and Digital Forensics MSc\Applications of Artificial Intelligence in Cyber Security\Assessment\project\data\large_combined\combined\combined.wav,combined,1075,5375.0,5.0,1
C:\Users\Chris Boddy\OneDrive\Documents\Cyber Security and Digital Forensics MSc\Applications of Artificial Intelligence in Cyber Security\Assessment\project\data\large_combined\combined\combined.wav,combined,1076,5380.0,5.0,2
C:\Users\Chris Boddy\OneDrive\Documents\Cyber Security and Digital Forensics MSc\Applications of Artificial Intelligence in Cyber Security\Assessment\project\data\large_combined\combined\combined.wav,combined,1077,5385.0,5.0,0
C:\Users\Chris Boddy\OneDrive\Documents\Cyber Security and Digital Forensics MSc\Applications of Artificial Intelligence in Cyber Security\Assessment\project\data\large_combined\combined\combined.wav,combined,1078,5390.0,5.0,2
C:\Users\Chris Boddy\OneDrive\Documents\Cyber Security and Digital Forensics MSc\Applications of Artificial Intelligence in Cyber Security\Assessment\project\data\large_combined\combined\combined.wav,combined,1079,5395.0,5.0,1
C:\Users\Chris Boddy\OneDrive\Documents\Cyber Security and Digital Forensics MSc\Applications of Artificial Intelligence in Cyber Security\Assessment\project\data\large_combined\combined\combined.wav,combined,1080,5400.0,5.0,2
C:\Users\Chris Boddy\OneDrive\Documents\Cyber Security and Digital Forensics MSc\Applications of Artificial Intelligence in Cyber Security\Assessment\project\data\large_combined\combined\combined.wav,combined,1081,5405.0,5.0,2
C:\Users\Chris Boddy\OneDrive\Documents\Cyber Security and Digital Forensics MSc\Applications of Artificial Intelligence in Cyber Security\Assessment\project\data\large_combined\combined\combined.wav,combined,1082,5410.0,5.0,1
C:\Users\Chris Boddy\OneDrive\Documents\Cyber Security and Digital Forensics MSc\Applications of Artificial Intelligence in Cyber Security\Assessment\project\data\large_combined\combined\combined.wav,combined,1083,5415.0,5.0,0
C:\Users\Chris Boddy\OneDrive\Documents\Cyber Security and Digital Forensics MSc\Applications of Artificial Intelligence in Cyber Security\Assessment\project\data\large_combined\combined\combined.wav,combined,1084,5420.0,5.0,2
C:\Users\Chris Boddy\OneDrive\Documents\Cyber Security and Digital Forensics MSc\Applications of Artificial Intelligence in Cyber Security\Assessment\project\data\large_combined\combined\combined.wav,combined,1085,5425.0,5.0,0
C:\Users\Chris Boddy\OneDrive\Documents\Cyber Security and Digital Forensics MSc\Applications of Artificial Intelligence in Cyber Security\Assessment\project\data\large_combined\combined\combined.wav,combined,1086,5430.0,5.0,2
C:\Users\Chris Boddy\OneDrive\Documents\Cyber Security and Digital Forensics MSc\Applications of Artificial Intelligence in Cyber Security\Assessment\project\data\large_combined\combined\combined.wav,combined,1087,5435.0,5.0,1
C:\Users\Chris Boddy\OneDrive\Documents\Cyber Security and Digital Forensics MSc\Applications of Artificial Intelligence in Cyber Security\Assessment\project\data\large_combined\combined\combined.wav,combined,1088,5440.0,5.0,2
C:\Users\Chris Boddy\OneDrive\Documents\Cyber Security and Digital Forensics MSc\Applications of Artificial Intelligence in Cyber Security\Assessment\project\data\large_combined\combined\combined.wav,combined,1089,5445.0,5.0,1
C:\Users\Chris Boddy\OneDrive\Documents\Cyber Security and Digital Forensics MSc\Applications of Artificial Intelligence in Cyber Security\Assessment\project\data\large_combined\combined\combined.wav,combined,1090,5450.0,5.0,2
C:\Users\Chris Boddy\OneDrive\Documents\Cyber Security and Digital Forensics MSc\Applications of Artificial Intelligence in Cyber Security\Assessment\project\data\large_combined\combined\combined.wav,combined,1091,5455.0,5.0,0
C:\Users\Chris Boddy\OneDrive\Documents\Cyber Security and Digital Forensics MSc\Applications of Artificial Intelligence in Cyber Security\Assessment\project\data\large_combined\combined\combined.wav,combined,1092,5460.0,5.0,0
C:\Users\Chris Boddy\OneDrive\Documents\Cyber Security and Digital Forensics MSc\Applications of Artificial Intelligence in Cyber Security\Assessment\project\data\large_combined\combined\combined.wav,combined,1093,5465.0,5.0,2
C:\Users\Chris Boddy\OneDrive\Documents\Cyber Security and Digital Forensics MSc\Applications of Artificial Intelligence in Cyber Security\Assessment\project\data\large_combined\combined\combined.wav,combined,1094,5470.0,5.0,0
C:\Users\Chris Boddy\OneDrive\Documents\Cyber Security and Digital Forensics MSc\Applications of Artificial Intelligence in Cyber Security\Assessment\project\data\large_combined\combined\combined.wav,combined,1095,5475.0,5.0,0
C:\Users\Chris Boddy\OneDrive\Documents\Cyber Security and Digital Forensics MSc\Applications of Artificial Intelligence in Cyber Security\Assessment\project\data\large_combined\combined\combined.wav,combined,1096,5480.0,5.0,1
C:\Users\Chris Boddy\OneDrive\Documents\Cyber Security and Digital Forensics MSc\Applications of Artificial Intelligence in Cyber Security\Assessment\project\data\large_combined\combined\combined.wav,combined,1097,5485.0,5.0,0
C:\Users\Chris Boddy\OneDrive\Documents\Cyber Security and Digital Forensics MSc\Applications of Artificial Intelligence in Cyber Security\Assessment\project\data\large_combined\combined\combined.wav,combined,1098,5490.0,5.0,0
C:\Users\Chris Boddy\OneDrive\Documents\Cyber Security and Digital Forensics MSc\Applications of Artificial Intelligence in Cyber Security\Assessment\project\data\large_combined\combined\combined.wav,combined,1099,5495.0,5.0,2
C:\Users\Chris Boddy\OneDrive\Documents\Cyber Security and Digital Forensics MSc\Applications of Artificial Intelligence in Cyber Security\Assessment\project\data\large_combined\combined\combined.wav,combined,1100,5500.0,5.0,1
C:\Users\Chris Boddy\OneDrive\Documents\Cyber Security and Digital Forensics MSc\Applications of Artificial Intelligence in Cyber Security\Assessment\project\data\large_combined\combined\combined.wav,combined,1101,5505.0,5.0,0
C:\Users\Chris Boddy\OneDrive\Documents\Cyber Security and Digital Forensics MSc\Applications of Artificial Intelligence in Cyber Security\Assessment\project\data\large_combined\combined\combined.wav,combined,1102,5510.0,5.0,1
C:\Users\Chris Boddy\OneDrive\Documents\Cyber Security and Digital Forensics MSc\Applications of Artificial Intelligence in Cyber Security\Assessment\project\data\large_combined\combined\combined.wav,combined,1103,5515.0,5.0,0
C:\Users\Chris Boddy\OneDrive\Documents\Cyber Security and Digital Forensics MSc\Applications of Artificial Intelligence in Cyber Security\Assessment\project\data\large_combined\combined\combined.wav,combined,1104,5520.0,5.0,0
C:\Users\Chris Boddy\OneDrive\Documents\Cyber Security and Digital Forensics MSc\Applications of Artificial Intelligence in Cyber Security\Assessment\project\data\large_combined\combined\combined.wav,combined,1105,5525.0,5.0,1
C:\Users\Chris Boddy\OneDrive\Documents\Cyber Security and Digital Forensics MSc\Applications of Artificial Intelligence in Cyber Security\Assessment\project\data\large_combined\combined\combined.wav,combined,1106,5530.0,5.0,1
C:\Users\Chris Boddy\OneDrive\Documents\Cyber Security and Digital Forensics MSc\Applications of Artificial Intelligence in Cyber Security\Assessment\project\data\large_combined\combined\combined.wav,combined,1107,5535.0,5.0,0
C:\Users\Chris Boddy\OneDrive\Documents\Cyber Security and Digital Forensics MSc\Applications of Artificial Intelligence in Cyber Security\Assessment\project\data\large_combined\combined\combined.wav,combined,1108,5540.0,5.0,0
C:\Users\Chris Boddy\OneDrive\Documents\Cyber Security and Digital Forensics MSc\Applications of Artificial Intelligence in Cyber Security\Assessment\project\data\large_combined\combined\combined.wav,combined,1109,5545.0,5.0,2
C:\Users\Chris Boddy\OneDrive\Documents\Cyber Security and Digital Forensics MSc\Applications of Artificial Intelligence in Cyber Security\Assessment\project\data\large_combined\combined\combined.wav,combined,1110,5550.0,5.0,1
C:\Users\Chris Boddy\OneDrive\Documents\Cyber Security and Digital Forensics MSc\Applications of Artificial Intelligence in Cyber Security\Assessment\project\data\large_combined\combined\combined.wav,combined,1111,5555.0,5.0,0
C:\Users\Chris Boddy\OneDrive\Documents\Cyber Security and Digital Forensics MSc\Applications of Artificial Intelligence in Cyber Security\Assessment\project\data\large_combined\combined\combined.wav,combined,1112,5560.0,5.0,2
C:\Users\Chris Boddy\OneDrive\Documents\Cyber Security and Digital Forensics MSc\Applications of Artificial Intelligence in Cyber Security\Assessment\project\data\large_combined\combined\combined.wav,combined,1113,5565.0,5.0,2
C:\Users\Chris Boddy\OneDrive\Documents\Cyber Security and Digital Forensics MSc\Applications of Artificial Intelligence in Cyber Security\Assessment\project\data\large_combined\combined\combined.wav,combined,1114,5570.0,5.0,1
C:\Users\Chris Boddy\OneDrive\Documents\Cyber Security and Digital Forensics MSc\Applications of Artificial Intelligence in Cyber Security\Assessment\project\data\large_combined\combined\combined.wav,combined,1115,5575.0,5.0,0
C:\Users\Chris Boddy\OneDrive\Documents\Cyber Security and Digital Forensics MSc\Applications of Artificial Intelligence in Cyber Security\Assessment\project\data\large_combined\combined\combined.wav,combined,1116,5580.0,5.0,1
C:\Users\Chris Boddy\OneDrive\Documents\Cyber Security and Digital Forensics MSc\Applications of Artificial Intelligence in Cyber Security\Assessment\project\data\large_combined\combined\combined.wav,combined,1117,5585.0,5.0,0
C:\Users\Chris Boddy\OneDrive\Documents\Cyber Security and Digital Forensics MSc\Applications of Artificial Intelligence in Cyber Security\Assessment\project\data\large_combined\combined\combined.wav,combined,1118,5590.0,5.0,1
C:\Users\Chris Boddy\OneDrive\Documents\Cyber Security and Digital Forensics MSc\Applications of Artificial Intelligence in Cyber Security\Assessment\project\data\large_combined\combined\combined.wav,combined,1119,5595.0,5.0,2
C:\Users\Chris Boddy\OneDrive\Documents\Cyber Security and Digital Forensics MSc\Applications of Artificial Intelligence in Cyber Security\Assessment\project\data\large_combined\combined\combined.wav,combined,1120,5600.0,5.0,1
C:\Users\Chris Boddy\OneDrive\Documents\Cyber Security and Digital Forensics MSc\Applications of Artificial Intelligence in Cyber Security\Assessment\project\data\large_combined\combined\combined.wav,combined,1121,5605.0,5.0,2
C:\Users\Chris Boddy\OneDrive\Documents\Cyber Security and Digital Forensics MSc\Applications of Artificial Intelligence in Cyber Security\Assessment\project\data\large_combined\combined\combined.wav,combined,1122,5610.0,5.0,2
C:\Users\Chris Boddy\OneDrive\Documents\Cyber Security and Digital Forensics MSc\Applications of Artificial Intelligence in Cyber Security\Assessment\project\data\large_combined\combined\combined.wav,combined,1123,5615.0,5.0,1
C:\Users\Chris Boddy\OneDrive\Documents\Cyber Security and Digital Forensics MSc\Applications of Artificial Intelligence in Cyber Security\Assessment\project\data\large_combined\combined\combined.wav,combined,1124,5620.0,5.0,1
C:\Users\Chris Boddy\OneDrive\Documents\Cyber Security and Digital Forensics MSc\Applications of Artificial Intelligence in Cyber Security\Assessment\project\data\large_combined\combined\combined.wav,combined,1125,5625.0,5.0,0
C:\Users\Chris Boddy\OneDrive\Documents\Cyber Security and Digital Forensics MSc\Applications of Artificial Intelligence in Cyber Security\Assessment\project\data\large_combined\combined\combined.wav,combined,1126,5630.0,5.0,2
C:\Users\Chris Boddy\OneDrive\Documents\Cyber Security and Digital Forensics MSc\Applications of Artificial Intelligence in Cyber Security\Assessment\project\data\large_combined\combined\combined.wav,combined,1127,5635.0,5.0,1
C:\Users\Chris Boddy\OneDrive\Documents\Cyber Security and Digital Forensics MSc\Applications of Artificial Intelligence in Cyber Security\Assessment\project\data\large_combined\combined\combined.wav,combined,1128,5640.0,5.0,0
C:\Users\Chris Boddy\OneDrive\Documents\Cyber Security and Digital Forensics MSc\Applications of Artificial Intelligence in Cyber Security\Assessment\project\data\large_combined\combined\combined.wav,combined,1129,5645.0,5.0,2
C:\Users\Chris Boddy\OneDrive\Documents\Cyber Security and Digital Forensics MSc\Applications of Artificial Intelligence in Cyber Security\Assessment\project\data\large_combined\combined\combined.wav,combined,1130,5650.0,5.0,0
C:\Users\Chris Boddy\OneDrive\Documents\Cyber Security and Digital Forensics MSc\Applications of Artificial Intelligence in Cyber Security\Assessment\project\data\large_combined\combined\combined.wav,combined,1131,5655.0,5.0,0
C:\Users\Chris Boddy\OneDrive\Documents\Cyber Security and Digital Forensics MSc\Applications of Artificial Intelligence in Cyber Security\Assessment\project\data\large_combined\combined\combined.wav,combined,1132,5660.0,5.0,1
C:\Users\Chris Boddy\OneDrive\Documents\Cyber Security and Digital Forensics MSc\Applications of Artificial Intelligence in Cyber Security\Assessment\project\data\large_combined\combined\combined.wav,combined,1133,5665.0,5.0,2
C:\Users\Chris Boddy\OneDrive\Documents\Cyber Security and Digital Forensics MSc\Applications of Artificial Intelligence in Cyber Security\Assessment\project\data\large_combined\combined\combined.wav,combined,1134,5670.0,5.0,1
C:\Users\Chris Boddy\OneDrive\Documents\Cyber Security and Digital Forensics MSc\Applications of Artificial Intelligence in Cyber Security\Assessment\project\data\large_combined\combined\combined.wav,combined,1135,5675.0,5.0,1
C:\Users\Chris Boddy\OneDrive\Documents\Cyber Security and Digital Forensics MSc\Applications of Artificial Intelligence in Cyber Security\Assessment\project\data\large_combined\combined\combined.wav,combined,1136,5680.0,5.0,1
C:\Users\Chris Boddy\OneDrive\Documents\Cyber Security and Digital Forensics MSc\Applications of Artificial Intelligence in Cyber Security\Assessment\project\data\large_combined\combined\combined.wav,combined,1137,5685.0,5.0,2
C:\Users\Chris Boddy\OneDrive\Documents\Cyber Security and Digital Forensics MSc\Applications of Artificial Intelligence in Cyber Security\Assessment\project\data\large_combined\combined\combined.wav,combined,1138,5690.0,5.0,0
C:\Users\Chris Boddy\OneDrive\Documents\Cyber Security and Digital Forensics MSc\Applications of Artificial Intelligence in Cyber Security\Assessment\project\data\large_combined\combined\combined.wav,combined,1139,5695.0,5.0,2
C:\Users\Chris Boddy\OneDrive\Documents\Cyber Security and Digital Forensics MSc\Applications of Artificial Intelligence in Cyber Security\Assessment\project\data\large_combined\combined\combined.wav,combined,1140,5700.0,5.0,0
C:\Users\Chris Boddy\OneDrive\Documents\Cyber Security and Digital Forensics MSc\Applications of Artificial Intelligence in Cyber Security\Assessment\project\data\large_combined\combined\combined.wav,combined,1141,5705.0,5.0,1
C:\Users\Chris Boddy\OneDrive\Documents\Cyber Security and Digital Forensics MSc\Applications of Artificial Intelligence in Cyber Security\Assessment\project\data\large_combined\combined\combined.wav,combined,1142,5710.0,5.0,2
C:\Users\Chris Boddy\OneDrive\Documents\Cyber Security and Digital Forensics MSc\Applications of Artificial Intelligence in Cyber Security\Assessment\project\data\large_combined\combined\combined.wav,combined,1143,5715.0,5.0,0
C:\Users\Chris Boddy\OneDrive\Documents\Cyber Security and Digital Forensics MSc\Applications of Artificial Intelligence in Cyber Security\Assessment\project\data\large_combined\combined\combined.wav,combined,1144,5720.0,5.0,2
C:\Users\Chris Boddy\OneDrive\Documents\Cyber Security and Digital Forensics MSc\Applications of Artificial Intelligence in Cyber Security\Assessment\project\data\large_combined\combined\combined.wav,combined,1145,5725.0,5.0,0
C:\Users\Chris Boddy\OneDrive\Documents\Cyber Security and Digital Forensics MSc\Applications of Artificial Intelligence in Cyber Security\Assessment\project\data\large_combined\combined\combined.wav,combined,1146,5730.0,5.0,1
C:\Users\Chris Boddy\OneDrive\Documents\Cyber Security and Digital Forensics MSc\Applications of Artificial Intelligence in Cyber Security\Assessment\project\data\large_combined\combined\combined.wav,combined,1147,5735.0,5.0,2
C:\Users\Chris Boddy\OneDrive\Documents\Cyber Security and Digital Forensics MSc\Applications of Artificial Intelligence in Cyber Security\Assessment\project\data\large_combined\combined\combined.wav,combined,1148,5740.0,5.0,1
C:\Users\Chris Boddy\OneDrive\Documents\Cyber Security and Digital Forensics MSc\Applications of Artificial Intelligence in Cyber Security\Assessment\project\data\large_combined\combined\combined.wav,combined,1149,5745.0,5.0,2
C:\Users\Chris Boddy\OneDrive\Documents\Cyber Security and Digital Forensics MSc\Applications of Artificial Intelligence in Cyber Security\Assessment\project\data\large_combined\combined\combined.wav,combined,1150,5750.0,5.0,2
C:\Users\Chris Boddy\OneDrive\Documents\Cyber Security and Digital Forensics MSc\Applications of Artificial Intelligence in Cyber Security\Assessment\project\data\large_combined\combined\combined.wav,combined,1151,5755.0,5.0,1
C:\Users\Chris Boddy\OneDrive\Documents\Cyber Security and Digital Forensics MSc\Applications of Artificial Intelligence in Cyber Security\Assessment\project\data\large_combined\combined\combined.wav,combined,1152,5760.0,5.0,0
C:\Users\Chris Boddy\OneDrive\Documents\Cyber Security and Digital Forensics MSc\Applications of Artificial Intelligence in Cyber Security\Assessment\project\data\large_combined\combined\combined.wav,combined,1153,5765.0,5.0,1
C:\Users\Chris Boddy\OneDrive\Documents\Cyber Security and Digital Forensics MSc\Applications of Artificial Intelligence in Cyber Security\Assessment\project\data\large_combined\combined\combined.wav,combined,1154,5770.0,5.0,0
C:\Users\Chris Boddy\OneDrive\Documents\Cyber Security and Digital Forensics MSc\Applications of Artificial Intelligence in Cyber Security\Assessment\project\data\large_combined\combined\combined.wav,combined,1155,5775.0,5.0,1
C:\Users\Chris Boddy\OneDrive\Documents\Cyber Security and Digital Forensics MSc\Applications of Artificial Intelligence in Cyber Security\Assessment\project\data\large_combined\combined\combined.wav,combined,1156,5780.0,5.0,0
C:\Users\Chris Boddy\OneDrive\Documents\Cyber Security and Digital Forensics MSc\Applications of Artificial Intelligence in Cyber Security\Assessment\project\data\large_combined\combined\combined.wav,combined,1157,5785.0,5.0,2
C:\Users\Chris Boddy\OneDrive\Documents\Cyber Security and Digital Forensics MSc\Applications of Artificial Intelligence in Cyber Security\Assessment\project\data\large_combined\combined\combined.wav,combined,1158,5790.0,5.0,0
C:\Users\Chris Boddy\OneDrive\Documents\Cyber Security and Digital Forensics MSc\Applications of Artificial Intelligence in Cyber Security\Assessment\project\data\large_combined\combined\combined.wav,combined,1159,5795.0,5.0,1
C:\Users\Chris Boddy\OneDrive\Documents\Cyber Security and Digital Forensics MSc\Applications of Artificial Intelligence in Cyber Security\Assessment\project\data\large_combined\combined\combined.wav,combined,1160,5800.0,5.0,1
C:\Users\Chris Boddy\OneDrive\Documents\Cyber Security and Digital Forensics MSc\Applications of Artificial Intelligence in Cyber Security\Assessment\project\data\large_combined\combined\combined.wav,combined,1161,5805.0,5.0,0
C:\Users\Chris Boddy\OneDrive\Documents\Cyber Security and Digital Forensics MSc\Applications of Artificial Intelligence in Cyber Security\Assessment\project\data\large_combined\combined\combined.wav,combined,1162,5810.0,5.0,2
C:\Users\Chris Boddy\OneDrive\Documents\Cyber Security and Digital Forensics MSc\Applications of Artificial Intelligence in Cyber Security\Assessment\project\data\large_combined\combined\combined.wav,combined,1163,5815.0,5.0,0
C:\Users\Chris Boddy\OneDrive\Documents\Cyber Security and Digital Forensics MSc\Applications of Artificial Intelligence in Cyber Security\Assessment\project\data\large_combined\combined\combined.wav,combined,1164,5820.0,5.0,1
C:\Users\Chris Boddy\OneDrive\Documents\Cyber Security and Digital Forensics MSc\Applications of Artificial Intelligence in Cyber Security\Assessment\project\data\large_combined\combined\combined.wav,combined,1165,5825.0,5.0,0
C:\Users\Chris Boddy\OneDrive\Documents\Cyber Security and Digital Forensics MSc\Applications of Artificial Intelligence in Cyber Security\Assessment\project\data\large_combined\combined\combined.wav,combined,1166,5830.0,5.0,1
C:\Users\Chris Boddy\OneDrive\Documents\Cyber Security and Digital Forensics MSc\Applications of Artificial Intelligence in Cyber Security\Assessment\project\data\large_combined\combined\combined.wav,combined,1167,5835.0,5.0,2
C:\Users\Chris Boddy\OneDrive\Documents\Cyber Security and Digital Forensics MSc\Applications of Artificial Intelligence in Cyber Security\Assessment\project\data\large_combined\combined\combined.wav,combined,1168,5840.0,5.0,1
C:\Users\Chris Boddy\OneDrive\Documents\Cyber Security and Digital Forensics MSc\Applications of Artificial Intelligence in Cyber Security\Assessment\project\data\large_combined\combined\combined.wav,combined,1169,5845.0,5.0,2
C:\Users\Chris Boddy\OneDrive\Documents\Cyber Security and Digital Forensics MSc\Applications of Artificial Intelligence in Cyber Security\Assessment\project\data\large_combined\combined\combined.wav,combined,1170,5850.0,5.0,0
C:\Users\Chris Boddy\OneDrive\Documents\Cyber Security and Digital Forensics MSc\Applications of Artificial Intelligence in Cyber Security\Assessment\project\data\large_combined\combined\combined.wav,combined,1171,5855.0,5.0,0
C:\Users\Chris Boddy\OneDrive\Documents\Cyber Security and Digital Forensics MSc\Applications of Artificial Intelligence in Cyber Security\Assessment\project\data\large_combined\combined\combined.wav,combined,1172,5860.0,5.0,1
C:\Users\Chris Boddy\OneDrive\Documents\Cyber Security and Digital Forensics MSc\Applications of Artificial Intelligence in Cyber Security\Assessment\project\data\large_combined\combined\combined.wav,combined,1173,5865.0,5.0,2
C:\Users\Chris Boddy\OneDrive\Documents\Cyber Security and Digital Forensics MSc\Applications of Artificial Intelligence in Cyber Security\Assessment\project\data\large_combined\combined\combined.wav,combined,1174,5870.0,5.0,0
C:\Users\Chris Boddy\OneDrive\Documents\Cyber Security and Digital Forensics MSc\Applications of Artificial Intelligence in Cyber Security\Assessment\project\data\large_combined\combined\combined.wav,combined,1175,5875.0,5.0,0
C:\Users\Chris Boddy\OneDrive\Documents\Cyber Security and Digital Forensics MSc\Applications of Artificial Intelligence in Cyber Security\Assessment\project\data\large_combined\combined\combined.wav,combined,1176,5880.0,5.0,1
C:\Users\Chris Boddy\OneDrive\Documents\Cyber Security and Digital Forensics MSc\Applications of Artificial Intelligence in Cyber Security\Assessment\project\data\large_combined\combined\combined.wav,combined,1177,5885.0,5.0,2
C:\Users\Chris Boddy\OneDrive\Documents\Cyber Security and Digital Forensics MSc\Applications of Artificial Intelligence in Cyber Security\Assessment\project\data\large_combined\combined\combined.wav,combined,1178,5890.0,5.0,0
C:\Users\Chris Boddy\OneDrive\Documents\Cyber Security and Digital Forensics MSc\Applications of Artificial Intelligence in Cyber Security\Assessment\project\data\large_combined\combined\combined.wav,combined,1179,5895.0,5.0,2
C:\Users\Chris Boddy\OneDrive\Documents\Cyber Security and Digital Forensics MSc\Applications of Artificial Intelligence in Cyber Security\Assessment\project\data\large_combined\combined\combined.wav,combined,1180,5900.0,5.0,1
C:\Users\Chris Boddy\OneDrive\Documents\Cyber Security and Digital Forensics MSc\Applications of Artificial Intelligence in Cyber Security\Assessment\project\data\large_combined\combined\combined.wav,combined,1181,5905.0,5.0,0
C:\Users\Chris Boddy\OneDrive\Documents\Cyber Security and Digital Forensics MSc\Applications of Artificial Intelligence in Cyber Security\Assessment\project\data\large_combined\combined\combined.wav,combined,1182,5910.0,5.0,1
C:\Users\Chris Boddy\OneDrive\Documents\Cyber Security and Digital Forensics MSc\Applications of Artificial Intelligence in Cyber Security\Assessment\project\data\large_combined\combined\combined.wav,combined,1183,5915.0,5.0,2
C:\Users\Chris Boddy\OneDrive\Documents\Cyber Security and Digital Forensics MSc\Applications of Artificial Intelligence in Cyber Security\Assessment\project\data\large_combined\combined\combined.wav,combined,1184,5920.0,5.0,2
C:\Users\Chris Boddy\OneDrive\Documents\Cyber Security and Digital Forensics MSc\Applications of Artificial Intelligence in Cyber Security\Assessment\project\data\large_combined\combined\combined.wav,combined,1185,5925.0,5.0,1
C:\Users\Chris Boddy\OneDrive\Documents\Cyber Security and Digital Forensics MSc\Applications of Artificial Intelligence in Cyber Security\Assessment\project\data\large_combined\combined\combined.wav,combined,1186,5930.0,5.0,2
C:\Users\Chris Boddy\OneDrive\Documents\Cyber Security and Digital Forensics MSc\Applications of Artificial Intelligence in Cyber Security\Assessment\project\data\large_combined\combined\combined.wav,combined,1187,5935.0,5.0,0
C:\Users\Chris Boddy\OneDrive\Documents\Cyber Security and Digital Forensics MSc\Applications of Artificial Intelligence in Cyber Security\Assessment\project\data\large_combined\combined\combined.wav,combined,1188,5940.0,5.0,1
C:\Users\Chris Boddy\OneDrive\Documents\Cyber Security and Digital Forensics MSc\Applications of Artificial Intelligence in Cyber Security\Assessment\project\data\large_combined\combined\combined.wav,combined,1189,5945.0,5.0,2
C:\Users\Chris Boddy\OneDrive\Documents\Cyber Security and Digital Forensics MSc\Applications of Artificial Intelligence in Cyber Security\Assessment\project\data\large_combined\combined\combined.wav,combined,1190,5950.0,5.0,0
C:\Users\Chris Boddy\OneDrive\Documents\Cyber Security and Digital Forensics MSc\Applications of Artificial Intelligence in Cyber Security\Assessment\project\data\large_combined\combined\combined.wav,combined,1191,5955.0,5.0,1
C:\Users\Chris Boddy\OneDrive\Documents\Cyber Security and Digital Forensics MSc\Applications of Artificial Intelligence in Cyber Security\Assessment\project\data\large_combined\combined\combined.wav,combined,1192,5960.0,5.0,0
C:\Users\Chris Boddy\OneDrive\Documents\Cyber Security and Digital Forensics MSc\Applications of Artificial Intelligence in Cyber Security\Assessment\project\data\large_combined\combined\combined.wav,combined,1193,5965.0,5.0,1
C:\Users\Chris Boddy\OneDrive\Documents\Cyber Security and Digital Forensics MSc\Applications of Artificial Intelligence in Cyber Security\Assessment\project\data\large_combined\combined\combined.wav,combined,1194,5970.0,5.0,0
C:\Users\Chris Boddy\OneDrive\Documents\Cyber Security and Digital Forensics MSc\Applications of Artificial Intelligence in Cyber Security\Assessment\project\data\large_combined\combined\combined.wav,combined,1195,5975.0,5.0,2
C:\Users\Chris Boddy\OneDrive\Documents\Cyber Security and Digital Forensics MSc\Applications of Artificial Intelligence in Cyber Security\Assessment\project\data\large_combined\combined\combined.wav,combined,1196,5980.0,5.0,2
C:\Users\Chris Boddy\OneDrive\Documents\Cyber Security and Digital Forensics MSc\Applications of Artificial Intelligence in Cyber Security\Assessment\project\data\large_combined\combined\combined.wav,combined,1197,5985.0,5.0,1
C:\Users\Chris Boddy\OneDrive\Documents\Cyber Security and Digital Forensics MSc\Applications of Artificial Intelligence in Cyber Security\Assessment\project\data\large_combined\combined\combined.wav,combined,1198,5990.0,5.0,1
C:\Users\Chris Boddy\OneDrive\Documents\Cyber Security and Digital Forensics MSc\Applications of Artificial Intelligence in Cyber Security\Assessment\project\data\large_combined\combined\combined.wav,combined,1199,5995.0,5.0,0
C:\Users\Chris Boddy\OneDrive\Documents\Cyber Security and Digital Forensics MSc\Applications of Artificial Intelligence in Cyber Security\Assessment\project\data\large_combined\combined\combined.wav,combined,1200,6000.0,5.0,0
C:\Users\Chris Boddy\OneDrive\Documents\Cyber Security and Digital Forensics MSc\Applications of Artificial Intelligence in Cyber Security\Assessment\project\data\large_combined\combined\combined.wav,combined,1201,6005.0,5.0,0
C:\Users\Chris Boddy\OneDrive\Documents\Cyber Security and Digital Forensics MSc\Applications of Artificial Intelligence in Cyber Security\Assessment\project\data\large_combined\combined\combined.wav,combined,1202,6010.0,5.0,1
C:\Users\Chris Boddy\OneDrive\Documents\Cyber Security and Digital Forensics MSc\Applications of Artificial Intelligence in Cyber Security\Assessment\project\data\large_combined\combined\combined.wav,combined,1203,6015.0,5.0,1
C:\Users\Chris Boddy\OneDrive\Documents\Cyber Security and Digital Forensics MSc\Applications of Artificial Intelligence in Cyber Security\Assessment\project\data\large_combined\combined\combined.wav,combined,1204,6020.0,5.0,0
C:\Users\Chris Boddy\OneDrive\Documents\Cyber Security and Digital Forensics MSc\Applications of Artificial Intelligence in Cyber Security\Assessment\project\data\large_combined\combined\combined.wav,combined,1205,6025.0,5.0,1
C:\Users\Chris Boddy\OneDrive\Documents\Cyber Security and Digital Forensics MSc\Applications of Artificial Intelligence in Cyber Security\Assessment\project\data\large_combined\combined\combined.wav,combined,1206,6030.0,5.0,2
C:\Users\Chris Boddy\OneDrive\Documents\Cyber Security and Digital Forensics MSc\Applications of Artificial Intelligence in Cyber Security\Assessment\project\data\large_combined\combined\combined.wav,combined,1207,6035.0,5.0,1
C:\Users\Chris Boddy\OneDrive\Documents\Cyber Security and Digital Forensics MSc\Applications of Artificial Intelligence in Cyber Security\Assessment\project\data\large_combined\combined\combined.wav,combined,1208,6040.0,5.0,0
C:\Users\Chris Boddy\OneDrive\Documents\Cyber Security and Digital Forensics MSc\Applications of Artificial Intelligence in Cyber Security\Assessment\project\data\large_combined\combined\combined.wav,combined,1209,6045.0,5.0,2
C:\Users\Chris Boddy\OneDrive\Documents\Cyber Security and Digital Forensics MSc\Applications of Artificial Intelligence in Cyber Security\Assessment\project\data\large_combined\combined\combined.wav,combined,1210,6050.0,5.0,1
C:\Users\Chris Boddy\OneDrive\Documents\Cyber Security and Digital Forensics MSc\Applications of Artificial Intelligence in Cyber Security\Assessment\project\data\large_combined\combined\combined.wav,combined,1211,6055.0,5.0,2
C:\Users\Chris Boddy\OneDrive\Documents\Cyber Security and Digital Forensics MSc\Applications of Artificial Intelligence in Cyber Security\Assessment\project\data\large_combined\combined\combined.wav,combined,1212,6060.0,5.0,2
C:\Users\Chris Boddy\OneDrive\Documents\Cyber Security and Digital Forensics MSc\Applications of Artificial Intelligence in Cyber Security\Assessment\project\data\large_combined\combined\combined.wav,combined,1213,6065.0,5.0,0
C:\Users\Chris Boddy\OneDrive\Documents\Cyber Security and Digital Forensics MSc\Applications of Artificial Intelligence in Cyber Security\Assessment\project\data\large_combined\combined\combined.wav,combined,1214,6070.0,5.0,1
C:\Users\Chris Boddy\OneDrive\Documents\Cyber Security and Digital Forensics MSc\Applications of Artificial Intelligence in Cyber Security\Assessment\project\data\large_combined\combined\combined.wav,combined,1215,6075.0,5.0,0
C:\Users\Chris Boddy\OneDrive\Documents\Cyber Security and Digital Forensics MSc\Applications of Artificial Intelligence in Cyber Security\Assessment\project\data\large_combined\combined\combined.wav,combined,1216,6080.0,5.0,1
C:\Users\Chris Boddy\OneDrive\Documents\Cyber Security and Digital Forensics MSc\Applications of Artificial Intelligence in Cyber Security\Assessment\project\data\large_combined\combined\combined.wav,combined,1217,6085.0,5.0,0
C:\Users\Chris Boddy\OneDrive\Documents\Cyber Security and Digital Forensics MSc\Applications of Artificial Intelligence in Cyber Security\Assessment\project\data\large_combined\combined\combined.wav,combined,1218,6090.0,5.0,2
C:\Users\Chris Boddy\OneDrive\Documents\Cyber Security and Digital Forensics MSc\Applications of Artificial Intelligence in Cyber Security\Assessment\project\data\large_combined\combined\combined.wav,combined,1219,6095.0,5.0,1
C:\Users\Chris Boddy\OneDrive\Documents\Cyber Security and Digital Forensics MSc\Applications of Artificial Intelligence in Cyber Security\Assessment\project\data\large_combined\combined\combined.wav,combined,1220,6100.0,5.0,2
C:\Users\Chris Boddy\OneDrive\Documents\Cyber Security and Digital Forensics MSc\Applications of Artificial Intelligence in Cyber Security\Assessment\project\data\large_combined\combined\combined.wav,combined,1221,6105.0,5.0,0
C:\Users\Chris Boddy\OneDrive\Documents\Cyber Security and Digital Forensics MSc\Applications of Artificial Intelligence in Cyber Security\Assessment\project\data\large_combined\combined\combined.wav,combined,1222,6110.0,5.0,0
C:\Users\Chris Boddy\OneDrive\Documents\Cyber Security and Digital Forensics MSc\Applications of Artificial Intelligence in Cyber Security\Assessment\project\data\large_combined\combined\combined.wav,combined,1223,6115.0,5.0,1
C:\Users\Chris Boddy\OneDrive\Documents\Cyber Security and Digital Forensics MSc\Applications of Artificial Intelligence in Cyber Security\Assessment\project\data\large_combined\combined\combined.wav,combined,1224,6120.0,5.0,0
C:\Users\Chris Boddy\OneDrive\Documents\Cyber Security and Digital Forensics MSc\Applications of Artificial Intelligence in Cyber Security\Assessment\project\data\large_combined\combined\combined.wav,combined,1225,6125.0,5.0,1
C:\Users\Chris Boddy\OneDrive\Documents\Cyber Security and Digital Forensics MSc\Applications of Artificial Intelligence in Cyber Security\Assessment\project\data\large_combined\combined\combined.wav,combined,1226,6130.0,5.0,0
C:\Users\Chris Boddy\OneDrive\Documents\Cyber Security and Digital Forensics MSc\Applications of Artificial Intelligence in Cyber Security\Assessment\project\data\large_combined\combined\combined.wav,combined,1227,6135.0,5.0,2
C:\Users\Chris Boddy\OneDrive\Documents\Cyber Security and Digital Forensics MSc\Applications of Artificial Intelligence in Cyber Security\Assessment\project\data\large_combined\combined\combined.wav,combined,1228,6140.0,5.0,1
C:\Users\Chris Boddy\OneDrive\Documents\Cyber Security and Digital Forensics MSc\Applications of Artificial Intelligence in Cyber Security\Assessment\project\data\large_combined\combined\combined.wav,combined,1229,6145.0,5.0,0
C:\Users\Chris Boddy\OneDrive\Documents\Cyber Security and Digital Forensics MSc\Applications of Artificial Intelligence in Cyber Security\Assessment\project\data\large_combined\combined\combined.wav,combined,1230,6150.0,5.0,2
C:\Users\Chris Boddy\OneDrive\Documents\Cyber Security and Digital Forensics MSc\Applications of Artificial Intelligence in Cyber Security\Assessment\project\data\large_combined\combined\combined.wav,combined,1231,6155.0,5.0,0
C:\Users\Chris Boddy\OneDrive\Documents\Cyber Security and Digital Forensics MSc\Applications of Artificial Intelligence in Cyber Security\Assessment\project\data\large_combined\combined\combined.wav,combined,1232,6160.0,5.0,1
C:\Users\Chris Boddy\OneDrive\Documents\Cyber Security and Digital Forensics MSc\Applications of Artificial Intelligence in Cyber Security\Assessment\project\data\large_combined\combined\combined.wav,combined,1233,6165.0,5.0,0
C:\Users\Chris Boddy\OneDrive\Documents\Cyber Security and Digital Forensics MSc\Applications of Artificial Intelligence in Cyber Security\Assessment\project\data\large_combined\combined\combined.wav,combined,1234,6170.0,5.0,0
C:\Users\Chris Boddy\OneDrive\Documents\Cyber Security and Digital Forensics MSc\Applications of Artificial Intelligence in Cyber Security\Assessment\project\data\large_combined\combined\combined.wav,combined,1235,6175.0,5.0,0
C:\Users\Chris Boddy\OneDrive\Documents\Cyber Security and Digital Forensics MSc\Applications of Artificial Intelligence in Cyber Security\Assessment\project\data\large_combined\combined\combined.wav,combined,1236,6180.0,5.0,1
C:\Users\Chris Boddy\OneDrive\Documents\Cyber Security and Digital Forensics MSc\Applications of Artificial Intelligence in Cyber Security\Assessment\project\data\large_combined\combined\combined.wav,combined,1237,6185.0,5.0,1
C:\Users\Chris Boddy\OneDrive\Documents\Cyber Security and Digital Forensics MSc\Applications of Artificial Intelligence in Cyber Security\Assessment\project\data\large_combined\combined\combined.wav,combined,1238,6190.0,5.0,1
C:\Users\Chris Boddy\OneDrive\Documents\Cyber Security and Digital Forensics MSc\Applications of Artificial Intelligence in Cyber Security\Assessment\project\data\large_combined\combined\combined.wav,combined,1239,6195.0,5.0,2
C:\Users\Chris Boddy\OneDrive\Documents\Cyber Security and Digital Forensics MSc\Applications of Artificial Intelligence in Cyber Security\Assessment\project\data\large_combined\combined\combined.wav,combined,1240,6200.0,5.0,0
C:\Users\Chris Boddy\OneDrive\Documents\Cyber Security and Digital Forensics MSc\Applications of Artificial Intelligence in Cyber Security\Assessment\project\data\large_combined\combined\combined.wav,combined,1241,6205.0,5.0,1
C:\Users\Chris Boddy\OneDrive\Documents\Cyber Security and Digital Forensics MSc\Applications of Artificial Intelligence in Cyber Security\Assessment\project\data\large_combined\combined\combined.wav,combined,1242,6210.0,5.0,1
C:\Users\Chris Boddy\OneDrive\Documents\Cyber Security and Digital Forensics MSc\Applications of Artificial Intelligence in Cyber Security\Assessment\project\data\large_combined\combined\combined.wav,combined,1243,6215.0,5.0,0
C:\Users\Chris Boddy\OneDrive\Documents\Cyber Security and Digital Forensics MSc\Applications of Artificial Intelligence in Cyber Security\Assessment\project\data\large_combined\combined\combined.wav,combined,1244,6220.0,5.0,2
C:\Users\Chris Boddy\OneDrive\Documents\Cyber Security and Digital Forensics MSc\Applications of Artificial Intelligence in Cyber Security\Assessment\project\data\large_combined\combined\combined.wav,combined,1245,6225.0,5.0,1
C:\Users\Chris Boddy\OneDrive\Documents\Cyber Security and Digital Forensics MSc\Applications of Artificial Intelligence in Cyber Security\Assessment\project\data\large_combined\combined\combined.wav,combined,1246,6230.0,5.0,1
C:\Users\Chris Boddy\OneDrive\Documents\Cyber Security and Digital Forensics MSc\Applications of Artificial Intelligence in Cyber Security\Assessment\project\data\large_combined\combined\combined.wav,combined,1247,6235.0,5.0,1
C:\Users\Chris Boddy\OneDrive\Documents\Cyber Security and Digital Forensics MSc\Applications of Artificial Intelligence in Cyber Security\Assessment\project\data\large_combined\combined\combined.wav,combined,1248,6240.0,5.0,0
C:\Users\Chris Boddy\OneDrive\Documents\Cyber Security and Digital Forensics MSc\Applications of Artificial Intelligence in Cyber Security\Assessment\project\data\large_combined\combined\combined.wav,combined,1249,6245.0,5.0,1
C:\Users\Chris Boddy\OneDrive\Documents\Cyber Security and Digital Forensics MSc\Applications of Artificial Intelligence in Cyber Security\Assessment\project\data\large_combined\combined\combined.wav,combined,1250,6250.0,5.0,2
C:\Users\Chris Boddy\OneDrive\Documents\Cyber Security and Digital Forensics MSc\Applications of Artificial Intelligence in Cyber Security\Assessment\project\data\large_combined\combined\combined.wav,combined,1251,6255.0,5.0,2
C:\Users\Chris Boddy\OneDrive\Documents\Cyber Security and Digital Forensics MSc\Applications of Artificial Intelligence in Cyber Security\Assessment\project\data\large_combined\combined\combined.wav,combined,1252,6260.0,5.0,1
C:\Users\Chris Boddy\OneDrive\Documents\Cyber Security and Digital Forensics MSc\Applications of Artificial Intelligence in Cyber Security\Assessment\project\data\large_combined\combined\combined.wav,combined,1253,6265.0,5.0,0
C:\Users\Chris Boddy\OneDrive\Documents\Cyber Security and Digital Forensics MSc\Applications of Artificial Intelligence in Cyber Security\Assessment\project\data\large_combined\combined\combined.wav,combined,1254,6270.0,5.0,2
C:\Users\Chris Boddy\OneDrive\Documents\Cyber Security and Digital Forensics MSc\Applications of Artificial Intelligence in Cyber Security\Assessment\project\data\large_combined\combined\combined.wav,combined,1255,6275.0,5.0,1
C:\Users\Chris Boddy\OneDrive\Documents\Cyber Security and Digital Forensics MSc\Applications of Artificial Intelligence in Cyber Security\Assessment\project\data\large_combined\combined\combined.wav,combined,1256,6280.0,5.0,1
C:\Users\Chris Boddy\OneDrive\Documents\Cyber Security and Digital Forensics MSc\Applications of Artificial Intelligence in Cyber Security\Assessment\project\data\large_combined\combined\combined.wav,combined,1257,6285.0,5.0,2
C:\Users\Chris Boddy\OneDrive\Documents\Cyber Security and Digital Forensics MSc\Applications of Artificial Intelligence in Cyber Security\Assessment\project\data\large_combined\combined\combined.wav,combined,1258,6290.0,5.0,2
C:\Users\Chris Boddy\OneDrive\Documents\Cyber Security and Digital Forensics MSc\Applications of Artificial Intelligence in Cyber Security\Assessment\project\data\large_combined\combined\combined.wav,combined,1259,6295.0,5.0,0
C:\Users\Chris Boddy\OneDrive\Documents\Cyber Security and Digital Forensics MSc\Applications of Artificial Intelligence in Cyber Security\Assessment\project\data\large_combined\combined\combined.wav,combined,1260,6300.0,5.0,1
C:\Users\Chris Boddy\OneDrive\Documents\Cyber Security and Digital Forensics MSc\Applications of Artificial Intelligence in Cyber Security\Assessment\project\data\large_combined\combined\combined.wav,combined,1261,6305.0,5.0,0
C:\Users\Chris Boddy\OneDrive\Documents\Cyber Security and Digital Forensics MSc\Applications of Artificial Intelligence in Cyber Security\Assessment\project\data\large_combined\combined\combined.wav,combined,1262,6310.0,5.0,0
C:\Users\Chris Boddy\OneDrive\Documents\Cyber Security and Digital Forensics MSc\Applications of Artificial Intelligence in Cyber Security\Assessment\project\data\large_combined\combined\combined.wav,combined,1263,6315.0,5.0,1
C:\Users\Chris Boddy\OneDrive\Documents\Cyber Security and Digital Forensics MSc\Applications of Artificial Intelligence in Cyber Security\Assessment\project\data\large_combined\combined\combined.wav,combined,1264,6320.0,5.0,1
C:\Users\Chris Boddy\OneDrive\Documents\Cyber Security and Digital Forensics MSc\Applications of Artificial Intelligence in Cyber Security\Assessment\project\data\large_combined\combined\combined.wav,combined,1265,6325.0,5.0,0
C:\Users\Chris Boddy\OneDrive\Documents\Cyber Security and Digital Forensics MSc\Applications of Artificial Intelligence in Cyber Security\Assessment\project\data\large_combined\combined\combined.wav,combined,1266,6330.0,5.0,0
C:\Users\Chris Boddy\OneDrive\Documents\Cyber Security and Digital Forensics MSc\Applications of Artificial Intelligence in Cyber Security\Assessment\project\data\large_combined\combined\combined.wav,combined,1267,6335.0,5.0,2
C:\Users\Chris Boddy\OneDrive\Documents\Cyber Security and Digital Forensics MSc\Applications of Artificial Intelligence in Cyber Security\Assessment\project\data\large_combined\combined\combined.wav,combined,1268,6340.0,5.0,1
C:\Users\Chris Boddy\OneDrive\Documents\Cyber Security and Digital Forensics MSc\Applications of Artificial Intelligence in Cyber Security\Assessment\project\data\large_combined\combined\combined.wav,combined,1269,6345.0,5.0,2
C:\Users\Chris Boddy\OneDrive\Documents\Cyber Security and Digital Forensics MSc\Applications of Artificial Intelligence in Cyber Security\Assessment\project\data\large_combined\combined\combined.wav,combined,1270,6350.0,5.0,1
C:\Users\Chris Boddy\OneDrive\Documents\Cyber Security and Digital Forensics MSc\Applications of Artificial Intelligence in Cyber Security\Assessment\project\data\large_combined\combined\combined.wav,combined,1271,6355.0,5.0,2
C:\Users\Chris Boddy\OneDrive\Documents\Cyber Security and Digital Forensics MSc\Applications of Artificial Intelligence in Cyber Security\Assessment\project\data\large_combined\combined\combined.wav,combined,1272,6360.0,5.0,1
C:\Users\Chris Boddy\OneDrive\Documents\Cyber Security and Digital Forensics MSc\Applications of Artificial Intelligence in Cyber Security\Assessment\project\data\large_combined\combined\combined.wav,combined,1273,6365.0,5.0,2
C:\Users\Chris Boddy\OneDrive\Documents\Cyber Security and Digital Forensics MSc\Applications of Artificial Intelligence in Cyber Security\Assessment\project\data\large_combined\combined\combined.wav,combined,1274,6370.0,5.0,1
C:\Users\Chris Boddy\OneDrive\Documents\Cyber Security and Digital Forensics MSc\Applications of Artificial Intelligence in Cyber Security\Assessment\project\data\large_combined\combined\combined.wav,combined,1275,6375.0,5.0,0
C:\Users\Chris Boddy\OneDrive\Documents\Cyber Security and Digital Forensics MSc\Applications of Artificial Intelligence in Cyber Security\Assessment\project\data\large_combined\combined\combined.wav,combined,1276,6380.0,5.0,0
C:\Users\Chris Boddy\OneDrive\Documents\Cyber Security and Digital Forensics MSc\Applications of Artificial Intelligence in Cyber Security\Assessment\project\data\large_combined\combined\combined.wav,combined,1277,6385.0,5.0,2
C:\Users\Chris Boddy\OneDrive\Documents\Cyber Security and Digital Forensics MSc\Applications of Artificial Intelligence in Cyber Security\Assessment\project\data\large_combined\combined\combined.wav,combined,1278,6390.0,5.0,1
C:\Users\Chris Boddy\OneDrive\Documents\Cyber Security and Digital Forensics MSc\Applications of Artificial Intelligence in Cyber Security\Assessment\project\data\large_combined\combined\combined.wav,combined,1279,6395.0,5.0,1
C:\Users\Chris Boddy\OneDrive\Documents\Cyber Security and Digital Forensics MSc\Applications of Artificial Intelligence in Cyber Security\Assessment\project\data\large_combined\combined\combined.wav,combined,1280,6400.0,5.0,0
C:\Users\Chris Boddy\OneDrive\Documents\Cyber Security and Digital Forensics MSc\Applications of Artificial Intelligence in Cyber Security\Assessment\project\data\large_combined\combined\combined.wav,combined,1281,6405.0,5.0,2
C:\Users\Chris Boddy\OneDrive\Documents\Cyber Security and Digital Forensics MSc\Applications of Artificial Intelligence in Cyber Security\Assessment\project\data\large_combined\combined\combined.wav,combined,1282,6410.0,5.0,2
C:\Users\Chris Boddy\OneDrive\Documents\Cyber Security and Digital Forensics MSc\Applications of Artificial Intelligence in Cyber Security\Assessment\project\data\large_combined\combined\combined.wav,combined,1283,6415.0,5.0,1
C:\Users\Chris Boddy\OneDrive\Documents\Cyber Security and Digital Forensics MSc\Applications of Artificial Intelligence in Cyber Security\Assessment\project\data\large_combined\combined\combined.wav,combined,1284,6420.0,5.0,0
C:\Users\Chris Boddy\OneDrive\Documents\Cyber Security and Digital Forensics MSc\Applications of Artificial Intelligence in Cyber Security\Assessment\project\data\large_combined\combined\combined.wav,combined,1285,6425.0,5.0,1
C:\Users\Chris Boddy\OneDrive\Documents\Cyber Security and Digital Forensics MSc\Applications of Artificial Intelligence in Cyber Security\Assessment\project\data\large_combined\combined\combined.wav,combined,1286,6430.0,5.0,2
C:\Users\Chris Boddy\OneDrive\Documents\Cyber Security and Digital Forensics MSc\Applications of Artificial Intelligence in Cyber Security\Assessment\project\data\large_combined\combined\combined.wav,combined,1287,6435.0,5.0,0
C:\Users\Chris Boddy\OneDrive\Documents\Cyber Security and Digital Forensics MSc\Applications of Artificial Intelligence in Cyber Security\Assessment\project\data\large_combined\combined\combined.wav,combined,1288,6440.0,5.0,2
C:\Users\Chris Boddy\OneDrive\Documents\Cyber Security and Digital Forensics MSc\Applications of Artificial Intelligence in Cyber Security\Assessment\project\data\large_combined\combined\combined.wav,combined,1289,6445.0,5.0,2
C:\Users\Chris Boddy\OneDrive\Documents\Cyber Security and Digital Forensics MSc\Applications of Artificial Intelligence in Cyber Security\Assessment\project\data\large_combined\combined\combined.wav,combined,1290,6450.0,5.0,1
C:\Users\Chris Boddy\OneDrive\Documents\Cyber Security and Digital Forensics MSc\Applications of Artificial Intelligence in Cyber Security\Assessment\project\data\large_combined\combined\combined.wav,combined,1291,6455.0,5.0,2
C:\Users\Chris Boddy\OneDrive\Documents\Cyber Security and Digital Forensics MSc\Applications of Artificial Intelligence in Cyber Security\Assessment\project\data\large_combined\combined\combined.wav,combined,1292,6460.0,1.68,1
